-0.183000
-0.105000
0.537000
0.181000
0.256000
0.393000
0.371000
-0.037000
-0.132000
-0.212000
-0.547000
-0.627000
-0.125000
-0.271000
-0.410000
0.273000
0.210000
0.061000
-0.312000
0.024000
0.449000
0.337000
-0.068000
-0.061000
0.276000
0.305000
0.134000
0.325000
0.854000
0.237000
-0.579000
-0.994000
-0.090000
-0.105000
-0.056000
-0.283000
-0.293000
0.400000
0.667000
0.283000
-0.930000
-1.729000
0.249000
0.742000
-0.381000
-0.701000
1.228000
1.450000
0.378000
-0.544000
-0.583000
0.476000
0.645000
-0.588000
-1.016000
0.435000
0.593000
-0.234000
-0.068000
0.723000
0.635000
0.034000
-0.312000
-0.208000
0.039000
-0.354000
-0.198000
-0.098000
0.117000
0.366000
-0.049000
0.037000
0.261000
0.054000
-0.278000
-0.562000
-0.234000
-0.203000
-0.200000
0.195000
0.498000
0.178000
-0.110000
-0.017000
0.291000
0.129000
-0.010000
-0.276000
-0.054000
0.176000
0.325000
0.259000
0.269000
0.112000
-0.449000
-0.562000
-0.349000
-0.469000
-0.542000
0.022000
0.093000
-0.027000
0.059000
0.571000
0.247000
-0.408000
-0.281000
0.085000
0.251000
0.012000
-0.190000
0.283000
0.544000
0.674000
0.068000
-0.071000
0.237000
-0.220000
-0.398000
-0.525000
-0.322000
-0.012000
-0.027000
-0.168000
0.405000
0.750000
0.388000
-0.415000
-1.616000
-0.742000
0.420000
-0.217000
-0.933000
-0.186000
1.316000
1.025000
-0.049000
-0.500000
-0.012000
0.554000
-0.281000
-0.928000
-0.247000
0.286000
0.535000
0.120000
0.144000
0.325000
0.085000
-0.066000
-0.503000
-0.408000
-0.369000
0.205000
0.005000
-0.100000
-0.017000
0.244000
-0.017000
0.076000
-0.229000
-0.317000
-0.276000
0.032000
0.049000
-0.229000
0.247000
0.671000
0.388000
-0.359000
0.171000
0.334000
0.146000
0.032000
-0.486000
-0.068000
0.337000
0.188000
0.020000
0.286000
0.146000
-0.046000
-0.386000
-0.215000
-0.449000
-0.403000
-0.120000
-0.322000
-0.276000
0.164000
0.452000
0.000000
-0.874000
-0.535000
0.437000
0.266000
0.022000
-0.051000
0.261000
0.374000
0.564000
0.244000
0.366000
0.452000
-0.088000
-0.625000
-0.486000
-0.132000
0.349000
0.027000
-0.261000
0.491000
0.723000
-0.615000
-2.227000
-1.123000
0.205000
0.037000
-0.713000
-0.312000
0.901000
1.201000
0.596000
-0.134000
-0.015000
0.315000
0.410000
-0.603000
-0.669000
0.190000
0.420000
0.259000
0.073000
0.220000
0.151000
0.051000
-0.288000
-0.146000
-0.334000
-0.286000
-0.068000
0.183000
0.195000
-0.090000
-0.042000
0.342000
0.298000
-0.261000
-0.398000
-0.088000
0.315000
-0.237000
-0.413000
-0.088000
0.623000
0.654000
0.012000
-0.483000
-0.295000
0.176000
0.271000
-0.142000
-0.261000
0.134000
0.381000
0.459000
0.183000
0.137000
0.017000
-0.027000
-0.374000
-0.452000
-0.361000
-0.098000
0.061000
-0.173000
-0.122000
0.103000
0.046000
-0.403000
-0.161000
0.107000
0.061000
-0.066000
0.151000
0.293000
0.281000
0.251000
0.518000
0.693000
0.044000
-0.913000
-0.740000
-0.051000
-0.396000
-0.039000
-0.010000
-0.027000
0.161000
0.662000
-0.413000
-1.746000
-0.676000
0.427000
0.168000
-0.818000
-0.388000
1.147000
1.106000
-0.193000
-0.269000
0.085000
0.527000
0.442000
-0.918000
-0.762000
0.332000
0.337000
-0.117000
-0.164000
0.659000
0.637000
-0.154000
-0.320000
-0.188000
-0.017000
-0.310000
-0.054000
0.215000
0.229000
0.427000
0.166000
0.083000
0.273000
0.217000
-0.146000
-0.728000
-0.159000
0.205000
-0.073000
-0.039000
0.369000
0.266000
-0.254000
0.183000
0.212000
-0.095000
0.200000
-0.195000
0.017000
0.303000
0.244000
0.190000
0.442000
0.447000
-0.271000
-0.698000
-0.303000
-0.459000
-0.613000
-0.117000
-0.173000
-0.283000
0.090000
0.300000
-0.071000
-0.520000
-0.044000
0.439000
0.347000
0.022000
-0.205000
-0.005000
0.352000
0.312000
0.391000
0.398000
0.112000
-0.552000
-0.732000
-0.330000
0.137000
0.078000
0.151000
-0.078000
0.198000
0.684000
-1.360000
-2.151000
0.652000
0.078000
0.027000
-0.776000
-0.364000
1.143000
1.062000
0.020000
-0.425000
0.498000
0.791000
-0.122000
-1.431000
-0.681000
0.503000
0.347000
-0.205000
0.078000
0.803000
0.503000
-0.117000
-0.359000
-0.281000
0.129000
0.276000
-0.288000
-0.261000
0.186000
0.271000
0.115000
0.110000
-0.085000
-0.286000
-0.549000
0.027000
-0.120000
-0.190000
0.378000
0.505000
0.042000
-0.049000
0.310000
0.430000
0.149000
-0.046000
-0.337000
0.051000
0.190000
0.044000
0.188000
0.676000
0.432000
0.205000
-0.061000
-0.398000
-0.447000
-0.110000
0.217000
-0.503000
-0.300000
0.476000
0.234000
-0.457000
-0.488000
-0.208000
0.366000
0.156000
0.015000
0.005000
0.212000
0.750000
0.400000
0.151000
0.193000
-0.134000
-0.400000
-0.500000
-0.330000
0.205000
-0.012000
-0.288000
-0.027000
0.779000
0.647000
-0.525000
-1.819000
0.129000
0.227000
-0.735000
-0.449000
1.440000
1.455000
0.439000
-0.911000
-0.144000
0.503000
0.020000
-1.057000
-0.818000
0.188000
0.759000
-0.010000
0.154000
0.188000
0.212000
0.176000
-0.254000
-0.476000
-0.515000
0.293000
0.217000
-0.112000
-0.024000
0.076000
0.083000
0.437000
0.046000
-0.544000
-0.659000
0.266000
-0.159000
-0.598000
0.352000
0.723000
-0.012000
-0.137000
0.112000
0.227000
-0.198000
-0.132000
-0.166000
0.061000
0.356000
0.249000
0.305000
0.437000
0.234000
-0.164000
-0.151000
-0.474000
-0.281000
-0.020000
0.129000
-0.090000
-0.088000
0.422000
0.356000
-0.396000
-0.417000
-0.146000
0.251000
0.056000
-0.225000
0.193000
0.403000
0.488000
0.027000
0.239000
0.549000
0.032000
-0.110000
-0.732000
-0.469000
0.347000
0.168000
-0.261000
-0.344000
0.352000
0.715000
0.042000
-0.747000
0.552000
0.881000
-0.164000
-0.486000
0.613000
0.918000
0.737000
-0.261000
-0.884000
-0.093000
0.303000
-0.708000
-0.935000
0.369000
0.669000
0.166000
-0.244000
0.593000
0.408000
0.042000
-0.237000
-0.271000
-0.510000
-0.225000
0.059000
0.076000
-0.234000
0.059000
0.146000
0.188000
0.386000
0.129000
-0.393000
-0.447000
0.117000
-0.022000
-0.212000
0.132000
0.317000
0.076000
-0.051000
0.166000
-0.029000
-0.132000
-0.090000
-0.310000
0.088000
0.188000
0.115000
0.229000
0.432000
0.242000
-0.144000
-0.515000
-0.176000
-0.354000
-0.447000
0.059000
-0.022000
-0.234000
-0.071000
0.166000
0.100000
-0.537000
-0.232000
0.293000
0.139000
-0.146000
-0.044000
0.085000
0.381000
0.503000
0.330000
0.481000
0.291000
-0.181000
-0.588000
-0.276000
-0.190000
-0.183000
-0.200000
-0.100000
0.291000
0.422000
0.107000
-0.620000
-1.555000
0.278000
0.430000
-0.642000
-0.581000
1.003000
1.233000
0.520000
-0.234000
-0.278000
0.354000
0.352000
-0.745000
-0.872000
-0.012000
0.259000
-0.144000
-0.027000
0.264000
0.349000
-0.022000
-0.195000
-0.068000
-0.332000
-0.320000
-0.105000
0.146000
0.217000
0.010000
0.015000
0.239000
0.398000
0.010000
-0.452000
-0.312000
-0.007000
-0.242000
-0.505000
-0.081000
0.615000
0.237000
-0.098000
-0.044000
0.083000
0.029000
0.051000
-0.159000
-0.015000
0.303000
0.417000
0.173000
0.317000
0.334000
-0.178000
-0.388000
-0.278000
-0.312000
-0.530000
-0.242000
-0.051000
-0.232000
0.046000
0.322000
-0.122000
-0.295000
0.093000
0.415000
0.271000
0.076000
-0.046000
0.215000
0.286000
0.283000
0.166000
0.447000
0.244000
-0.554000
-0.745000
-0.400000
-0.161000
-0.408000
-0.144000
-0.068000
0.081000
0.806000
0.459000
-0.615000
0.049000
0.696000
0.625000
-0.544000
-0.398000
0.278000
0.374000
0.156000
-0.369000
-0.857000
-0.037000
0.447000
-0.483000
-1.023000
0.134000
0.671000
0.137000
-0.083000
0.447000
0.591000
0.195000
-0.181000
-0.234000
-0.442000
-0.278000
0.073000
0.127000
0.193000
0.107000
0.056000
-0.076000
0.210000
-0.010000
-0.422000
-0.286000
0.063000
-0.276000
-0.278000
0.603000
0.684000
0.315000
-0.261000
-0.293000
0.059000
0.090000
-0.073000
-0.190000
-0.112000
0.186000
0.166000
0.225000
0.149000
-0.129000
-0.205000
-0.371000
-0.247000
-0.381000
-0.115000
-0.042000
-0.398000
-0.181000
0.579000
0.190000
-0.388000
-0.171000
0.120000
0.210000
-0.095000
-0.229000
0.161000
0.166000
0.239000
0.325000
0.361000
0.281000
-0.454000
-0.527000
-0.437000
-0.183000
-0.020000
-0.129000
-0.178000
0.559000
1.030000
0.471000
-0.735000
1.025000
1.536000
0.845000
0.144000
-0.300000
-0.037000
0.586000
0.510000
-0.247000
-0.884000
0.198000
0.757000
-0.393000
-0.903000
0.273000
0.762000
0.151000
-0.110000
0.452000
0.488000
0.115000
-0.198000
-0.557000
-0.764000
-0.227000
0.168000
0.161000
0.063000
0.095000
0.073000
0.195000
0.413000
0.176000
-0.525000
-0.378000
0.144000
-0.479000
-0.566000
0.581000
0.691000
0.122000
-0.181000
-0.166000
-0.073000
-0.022000
-0.151000
-0.244000
-0.037000
0.417000
0.220000
0.435000
0.549000
0.388000
0.100000
-0.256000
-0.220000
-0.200000
-0.090000
0.171000
-0.186000
-0.220000
0.225000
0.239000
-0.112000
-0.200000
-0.073000
0.225000
-0.046000
-0.100000
-0.127000
0.374000
0.562000
0.444000
0.173000
0.256000
-0.015000
-0.168000
-0.444000
-0.215000
-0.103000
-0.298000
0.103000
0.034000
0.251000
0.740000
-1.350000
-1.902000
1.123000
0.483000
-0.356000
-1.057000
-0.154000
0.874000
1.052000
0.115000
-0.527000
0.642000
0.942000
-0.325000
-1.223000
-0.271000
0.242000
0.640000
0.051000
0.146000
0.266000
0.125000
0.115000
-0.349000
-0.356000
-0.344000
0.234000
-0.142000
-0.122000
-0.083000
0.129000
0.215000
0.432000
0.017000
-0.383000
-0.552000
0.024000
0.127000
-0.322000
-0.200000
0.518000
0.569000
-0.332000
-0.012000
0.046000
0.139000
0.156000
-0.325000
-0.190000
0.269000
0.305000
0.171000
0.383000
0.459000
0.249000
-0.369000
-0.269000
-0.464000
-0.413000
-0.200000
-0.044000
-0.010000
-0.088000
-0.017000
0.171000
-0.244000
-0.090000
0.398000
0.100000
0.051000
0.049000
0.266000
0.371000
0.391000
0.227000
0.330000
0.164000
-0.066000
-0.420000
-0.505000
-0.120000
0.125000
0.032000
-0.237000
0.457000
0.525000
-0.874000
-0.513000
1.545000
0.210000
-0.386000
-0.835000
-0.339000
0.613000
0.742000
-0.305000
-0.754000
0.107000
0.498000
-0.088000
-1.184000
-0.493000
0.056000
-0.088000
-0.386000
0.359000
0.596000
0.215000
-0.383000
-0.244000
-0.015000
-0.354000
-0.271000
0.115000
0.559000
0.210000
0.063000
0.117000
0.249000
0.251000
-0.142000
-0.698000
-0.293000
0.391000
-0.566000
-0.359000
0.520000
0.637000
-0.107000
-0.166000
-0.117000
0.222000
-0.056000
-0.137000
-0.410000
-0.264000
0.173000
0.220000
0.393000
0.017000
-0.188000
-0.559000
-0.222000
-0.171000
-0.244000
-0.251000
-0.107000
-0.154000
0.176000
0.474000
-0.171000
-0.530000
-0.237000
0.291000
0.115000
-0.063000
-0.259000
0.361000
0.164000
0.051000
0.254000
0.610000
0.254000
-0.562000
-0.657000
-0.562000
-0.303000
-0.015000
0.234000
-0.232000
0.261000
0.383000
-0.425000
-2.612000
-0.728000
0.374000
-0.098000
-0.774000
-0.549000
0.796000
1.035000
-0.112000
-0.657000
0.125000
0.337000
0.342000
-1.267000
-0.906000
0.417000
0.632000
-0.022000
-0.156000
0.437000
0.359000
-0.129000
-0.486000
-0.066000
-0.349000
-0.295000
-0.090000
0.376000
0.066000
0.217000
0.063000
0.103000
0.371000
-0.024000
-0.493000
-0.247000
0.488000
-0.276000
-0.356000
0.278000
0.779000
0.205000
-0.244000
-0.361000
0.142000
-0.212000
-0.310000
-0.171000
0.200000
0.339000
0.049000
0.183000
0.166000
0.286000
-0.215000
-0.403000
-0.488000
-0.276000
-0.012000
-0.010000
-0.386000
-0.225000
0.513000
0.300000
-0.317000
-0.645000
0.039000
0.273000
0.151000
-0.295000
0.110000
0.427000
0.308000
-0.217000
0.171000
0.544000
-0.312000
-0.530000
-0.745000
-0.115000
0.266000
-0.193000
-0.688000
0.195000
0.703000
0.476000
-1.648000
-1.646000
1.311000
0.571000
-0.322000
-1.338000
0.010000
1.077000
0.950000
0.007000
-0.259000
0.273000
0.857000
-0.552000
-1.426000
-0.349000
0.757000
0.305000
-0.564000
0.103000
0.679000
0.234000
-0.371000
-0.293000
-0.513000
-0.349000
0.110000
0.022000
-0.095000
0.059000
0.205000
-0.144000
0.061000
0.381000
-0.037000
-0.515000
-0.095000
0.090000
-0.173000
-0.007000
0.752000
0.325000
-0.195000
0.168000
0.225000
0.190000
-0.320000
-0.503000
0.024000
0.459000
0.173000
-0.046000
0.127000
0.452000
-0.132000
-0.566000
-0.168000
-0.359000
-0.483000
-0.200000
0.034000
-0.144000
-0.330000
0.220000
0.500000
-0.581000
-0.620000
-0.103000
0.315000
0.024000
-0.181000
0.059000
0.347000
0.879000
0.105000
-0.225000
0.264000
0.354000
-0.376000
-0.518000
-0.225000
0.261000
0.037000
-0.112000
-0.063000
0.327000
0.381000
-0.730000
-0.278000
0.820000
0.806000
-0.273000
-0.491000
-0.371000
0.466000
1.008000
0.166000
-0.981000
0.024000
0.745000
-0.229000
-0.886000
-0.388000
0.237000
-0.007000
-0.027000
0.098000
0.349000
0.085000
-0.010000
-0.027000
-0.295000
-0.225000
0.049000
0.110000
0.278000
-0.066000
0.066000
0.144000
0.237000
0.122000
-0.217000
-0.442000
-0.076000
0.142000
-0.415000
-0.510000
0.532000
0.747000
-0.034000
-0.078000
0.261000
0.273000
0.222000
-0.352000
-0.239000
0.269000
0.349000
0.059000
0.071000
0.183000
0.146000
-0.408000
-0.447000
-0.466000
-0.547000
-0.283000
-0.232000
-0.137000
-0.164000
0.347000
0.061000
-0.305000
-0.215000
0.239000
0.283000
0.127000
0.046000
0.315000
0.383000
0.247000
0.139000
0.359000
0.496000
0.117000
-0.208000
-0.537000
-0.232000
-0.012000
0.100000
-0.007000
0.022000
0.222000
0.415000
-0.679000
-1.147000
0.813000
0.312000
-0.862000
-0.596000
1.067000
1.189000
0.405000
-0.403000
-0.315000
0.134000
0.364000
-0.974000
-0.813000
0.322000
0.198000
0.093000
-0.029000
0.671000
0.430000
0.042000
-0.332000
0.034000
0.081000
0.020000
0.027000
-0.115000
-0.151000
0.100000
0.229000
-0.085000
0.090000
-0.146000
-0.227000
-0.325000
0.249000
0.164000
-0.134000
-0.015000
0.537000
0.259000
0.137000
0.144000
-0.024000
0.005000
0.098000
-0.081000
-0.022000
0.286000
0.103000
0.173000
0.339000
0.266000
-0.115000
-0.410000
-0.239000
-0.386000
-0.286000
-0.012000
0.049000
-0.195000
0.193000
0.225000
0.063000
-0.244000
0.042000
0.129000
0.168000
0.020000
0.090000
0.320000
0.156000
-0.090000
0.166000
0.935000
0.090000
-0.762000
-0.908000
-0.007000
-0.017000
-0.237000
-0.083000
0.022000
0.559000
0.493000
-0.498000
-3.120000
-1.196000
0.649000
0.295000
-1.128000
-0.767000
1.562000
1.436000
-0.229000
-0.747000
0.066000
0.566000
0.212000
-1.306000
-0.881000
0.510000
0.876000
-0.154000
-0.120000
0.591000
0.493000
0.032000
-0.396000
-0.225000
-0.352000
-0.183000
-0.210000
0.032000
0.078000
0.247000
0.059000
0.042000
0.159000
-0.034000
-0.596000
-0.469000
0.266000
-0.259000
-0.369000
0.632000
0.779000
0.195000
-0.063000
-0.225000
0.122000
-0.146000
-0.046000
-0.305000
0.022000
0.325000
-0.081000
0.181000
0.508000
0.149000
-0.168000
-0.483000
-0.242000
-0.176000
-0.383000
-0.046000
-0.271000
-0.291000
0.300000
0.493000
-0.068000
-0.576000
-0.229000
0.381000
0.398000
-0.286000
-0.164000
-0.193000
0.339000
0.415000
0.525000
0.420000
0.059000
-0.234000
-0.542000
-0.195000
0.247000
-0.085000
-0.286000
-0.161000
0.288000
0.867000
0.139000
-0.608000
-1.279000
0.149000
0.222000
-1.089000
-0.591000
1.296000
1.301000
0.063000
-0.659000
0.049000
0.659000
0.010000
-1.172000
-0.671000
0.688000
0.532000
-0.110000
-0.159000
0.522000
0.464000
0.081000
0.046000
-0.537000
-0.410000
0.029000
0.002000
-0.220000
-0.117000
-0.085000
0.427000
0.334000
0.247000
-0.129000
-0.522000
-0.059000
0.134000
-0.303000
-0.298000
0.637000
0.503000
0.022000
-0.166000
-0.166000
0.059000
0.303000
-0.305000
-0.295000
0.278000
0.188000
0.071000
0.295000
0.635000
0.073000
-0.420000
-0.415000
-0.339000
-0.359000
-0.002000
-0.256000
-0.457000
-0.259000
0.430000
0.217000
-0.459000
-0.195000
-0.049000
0.225000
0.054000
-0.049000
0.044000
0.564000
0.361000
0.103000
0.330000
0.505000
0.017000
-0.630000
-0.850000
-0.308000
0.171000
-0.149000
-0.256000
0.042000
0.337000
0.581000
-0.093000
-1.230000
0.881000
0.522000
-0.349000
-0.513000
0.457000
0.881000
0.889000
-0.303000
-0.857000
0.273000
0.408000
-0.454000
-0.801000
0.239000
0.256000
-0.142000
-0.056000
0.427000
0.283000
-0.159000
-0.269000
-0.083000
-0.242000
-0.049000
-0.059000
-0.203000
-0.017000
0.105000
0.149000
0.229000
0.300000
-0.098000
-0.376000
-0.425000
-0.078000
0.142000
-0.527000
-0.381000
0.413000
0.581000
-0.159000
-0.396000
-0.430000
0.054000
0.315000
-0.088000
-0.349000
0.234000
0.605000
0.583000
0.198000
0.046000
0.142000
-0.244000
-0.381000
-0.332000
-0.254000
-0.149000
-0.110000
-0.173000
-0.103000
0.161000
0.176000
-0.349000
-0.110000
0.312000
0.032000
-0.088000
-0.103000
0.178000
0.164000
0.354000
0.469000
0.608000
-0.266000
-0.764000
-0.474000
0.049000
-0.222000
-0.422000
-0.337000
0.073000
0.662000
0.747000
-0.850000
-0.750000
1.157000
0.776000
-0.220000
-1.448000
-0.527000
0.955000
1.064000
-0.103000
-1.150000
-0.020000
0.884000
0.015000
-1.304000
-0.496000
0.615000
0.447000
-0.476000
0.088000
0.540000
0.293000
-0.356000
-0.161000
-0.374000
-0.220000
0.103000
-0.051000
0.107000
0.183000
-0.027000
-0.161000
0.083000
0.117000
-0.220000
-0.479000
-0.325000
0.242000
-0.183000
-0.173000
0.530000
0.483000
0.024000
-0.049000
-0.518000
-0.056000
0.056000
-0.100000
-0.095000
0.103000
0.349000
0.298000
0.142000
0.093000
0.007000
-0.393000
-0.396000
-0.437000
-0.234000
0.010000
0.244000
-0.186000
-0.190000
0.376000
0.278000
-0.432000
-0.391000
0.105000
0.034000
0.010000
-0.024000
0.212000
0.269000
0.220000
0.027000
0.266000
0.239000
-0.447000
-0.479000
-0.410000
-0.247000
0.044000
0.134000
-0.181000
0.237000
0.771000
0.239000
0.327000
0.581000
0.657000
0.825000
-0.583000
-0.466000
0.325000
0.847000
0.439000
-0.588000
-0.710000
0.093000
0.408000
-0.552000
-0.654000
0.283000
0.649000
0.024000
-0.471000
0.425000
0.420000
0.149000
-0.127000
-0.291000
-0.356000
-0.234000
-0.098000
0.024000
-0.022000
0.317000
0.291000
-0.051000
0.029000
-0.095000
-0.024000
-0.337000
0.139000
-0.027000
-0.164000
0.266000
0.632000
0.273000
-0.330000
-0.022000
0.383000
0.024000
-0.090000
-0.444000
-0.085000
0.466000
0.005000
0.017000
0.281000
0.261000
-0.242000
-0.427000
-0.225000
-0.361000
-0.435000
-0.061000
-0.054000
-0.139000
0.037000
0.164000
-0.049000
-0.615000
-0.217000
0.232000
0.400000
-0.125000
-0.125000
0.205000
0.408000
0.364000
0.085000
0.322000
0.459000
-0.310000
-0.745000
-0.347000
-0.005000
0.161000
-0.010000
-0.422000
-0.063000
0.762000
0.393000
-0.127000
-0.791000
0.647000
0.640000
-0.659000
-0.520000
0.830000
1.279000
0.298000
-0.308000
-0.691000
0.574000
0.442000
-0.781000
-0.903000
0.256000
0.454000
-0.432000
-0.044000
0.559000
0.481000
0.039000
-0.210000
-0.203000
-0.481000
-0.176000
0.200000
0.269000
0.129000
0.037000
-0.054000
0.276000
0.276000
0.107000
-0.251000
-0.425000
0.146000
-0.212000
-0.432000
0.400000
0.647000
-0.005000
-0.344000
0.159000
0.381000
-0.010000
0.056000
-0.264000
0.085000
0.532000
0.195000
0.112000
0.518000
0.449000
0.066000
-0.635000
-0.186000
-0.132000
-0.452000
-0.283000
-0.242000
-0.117000
0.161000
0.144000
-0.247000
-0.461000
0.044000
0.566000
0.122000
-0.032000
-0.015000
0.217000
0.525000
0.505000
0.457000
0.801000
0.342000
-0.820000
-0.964000
-0.283000
-0.037000
-0.337000
0.017000
-0.098000
0.552000
0.862000
-0.676000
-1.917000
-0.464000
0.410000
0.127000
-0.835000
-0.366000
1.404000
1.084000
-0.190000
-0.745000
0.244000
0.779000
0.220000
-1.226000
-0.935000
0.337000
0.312000
-0.173000
0.088000
0.432000
0.234000
-0.071000
-0.039000
-0.225000
-0.137000
0.051000
-0.012000
0.168000
0.281000
0.088000
0.144000
-0.090000
-0.007000
-0.044000
-0.442000
-0.461000
0.278000
-0.024000
-0.320000
0.242000
0.439000
-0.115000
-0.190000
0.020000
0.142000
0.005000
-0.032000
0.229000
0.342000
0.564000
-0.063000
-0.117000
0.044000
0.156000
-0.491000
-0.454000
-0.247000
-0.168000
-0.149000
-0.205000
-0.088000
-0.083000
0.413000
0.330000
-0.256000
-0.215000
0.076000
0.215000
0.139000
-0.005000
0.247000
0.249000
0.320000
0.164000
-0.068000
0.171000
-0.020000
-0.352000
-0.601000
-0.232000
-0.005000
0.107000
-0.112000
-0.078000
0.200000
0.642000
-0.569000
-0.195000
0.984000
0.762000
0.371000
-0.420000
-0.134000
0.557000
0.828000
0.068000
-0.833000
-0.044000
0.525000
-0.227000
-0.847000
-0.305000
0.469000
0.566000
-0.225000
0.325000
0.505000
0.103000
-0.154000
-0.044000
-0.107000
-0.330000
-0.085000
0.112000
0.205000
0.190000
0.105000
0.002000
-0.010000
-0.044000
-0.295000
-0.435000
-0.083000
0.217000
-0.200000
-0.266000
0.349000
0.823000
0.332000
-0.269000
-0.476000
0.156000
0.400000
0.095000
-0.308000
-0.061000
0.237000
0.266000
-0.068000
-0.056000
-0.146000
-0.356000
-0.264000
-0.496000
-0.330000
-0.005000
0.181000
-0.085000
-0.039000
0.410000
0.293000
-0.432000
-0.164000
-0.059000
0.034000
-0.012000
0.007000
0.198000
0.088000
0.229000
0.061000
0.320000
0.349000
-0.139000
-0.361000
-0.061000
-0.029000
-0.120000
-0.315000
-0.149000
0.229000
0.320000
0.552000
-0.916000
0.420000
2.073000
0.942000
-1.233000
-1.721000
-0.315000
0.759000
0.481000
-0.471000
-1.213000
0.195000
0.928000
-0.376000
-1.409000
-0.483000
0.901000
0.442000
-0.640000
-0.046000
0.754000
0.571000
0.010000
-0.464000
-0.405000
-0.154000
0.212000
-0.022000
-0.183000
0.110000
0.144000
-0.037000
-0.076000
0.166000
-0.044000
-0.220000
-0.261000
0.095000
-0.100000
-0.198000
0.354000
0.349000
0.134000
-0.193000
-0.513000
0.054000
0.198000
-0.315000
-0.278000
-0.046000
0.415000
0.142000
0.166000
0.264000
0.039000
-0.242000
-0.505000
-0.488000
-0.430000
0.007000
0.146000
-0.339000
-0.359000
0.405000
0.212000
-0.374000
-0.347000
0.066000
0.242000
0.039000
-0.176000
0.044000
0.259000
0.415000
0.312000
0.471000
0.569000
-0.044000
-0.522000
-0.569000
-0.371000
-0.237000
-0.093000
-0.303000
0.168000
0.732000
0.823000
-2.039000
-1.765000
2.026000
0.767000
-0.984000
-1.189000
0.344000
0.889000
0.640000
-0.247000
-0.640000
0.459000
1.074000
-0.376000
-1.536000
-0.166000
0.481000
0.344000
-0.352000
0.039000
0.720000
0.237000
-0.022000
-0.552000
-0.317000
-0.029000
0.198000
-0.291000
-0.225000
0.193000
0.229000
0.103000
0.129000
0.198000
-0.144000
-0.405000
-0.298000
-0.139000
-0.161000
0.034000
0.232000
0.066000
-0.227000
-0.020000
-0.229000
0.164000
0.039000
-0.337000
-0.085000
0.286000
0.376000
0.381000
0.352000
0.264000
-0.037000
-0.508000
-0.505000
-0.469000
-0.283000
0.063000
0.127000
-0.332000
-0.337000
0.215000
0.366000
-0.281000
-0.601000
-0.020000
0.461000
0.215000
-0.168000
-0.010000
0.317000
0.581000
0.044000
0.088000
0.295000
-0.076000
-0.620000
-0.693000
-0.305000
-0.098000
-0.046000
-0.232000
-0.300000
0.105000
0.999000
-0.107000
-2.021000
-1.375000
0.212000
0.339000
-0.642000
-0.559000
1.289000
1.099000
0.146000
-0.264000
-0.120000
0.403000
-0.027000
-1.121000
-0.952000
0.398000
0.403000
0.002000
0.054000
0.620000
0.305000
-0.046000
-0.161000
-0.237000
-0.330000
0.098000
0.156000
0.288000
0.239000
-0.059000
0.034000
0.146000
0.100000
-0.122000
-0.439000
-0.237000
0.276000
-0.225000
-0.376000
0.420000
0.408000
0.312000
-0.110000
-0.259000
-0.173000
-0.037000
0.254000
0.007000
0.085000
0.444000
0.264000
0.100000
0.137000
-0.056000
-0.386000
-0.422000
-0.330000
-0.251000
-0.146000
-0.071000
-0.190000
-0.310000
0.159000
0.273000
-0.215000
-0.303000
-0.115000
0.325000
-0.078000
-0.254000
0.266000
0.635000
0.298000
-0.105000
0.042000
0.322000
0.166000
-0.132000
-1.130000
-0.374000
0.310000
-0.010000
-0.081000
-0.317000
0.586000
0.977000
-0.532000
0.120000
1.230000
0.791000
-0.291000
-1.177000
-0.381000
0.818000
0.840000
-0.071000
-1.028000
0.103000
0.376000
-0.461000
-0.923000
-0.164000
0.349000
0.239000
-0.317000
0.222000
0.273000
-0.139000
-0.276000
-0.334000
0.054000
-0.103000
0.017000
-0.183000
0.237000
0.291000
0.027000
-0.154000
0.066000
0.037000
-0.198000
-0.349000
-0.120000
0.032000
-0.352000
0.017000
0.447000
0.530000
0.212000
0.032000
-0.374000
-0.007000
0.300000
-0.005000
-0.393000
-0.144000
0.198000
0.349000
0.259000
-0.061000
-0.098000
-0.173000
0.010000
-0.222000
-0.352000
0.034000
0.244000
-0.042000
0.081000
0.146000
-0.122000
-0.359000
-0.149000
0.452000
0.088000
-0.156000
-0.093000
0.508000
0.359000
0.439000
0.378000
0.527000
0.249000
-0.359000
-0.562000
-0.315000
0.029000
0.073000
0.264000
-0.054000
0.320000
0.569000
0.127000
-1.816000
-1.489000
0.349000
0.269000
-0.667000
-0.579000
1.277000
1.169000
0.151000
-0.273000
0.071000
0.542000
0.618000
-1.082000
-0.757000
0.491000
0.432000
-0.127000
0.000000
0.781000
0.425000
-0.015000
-0.212000
-0.232000
-0.334000
-0.259000
-0.139000
0.144000
0.166000
0.305000
0.151000
0.105000
0.305000
0.208000
-0.154000
-0.557000
0.120000
-0.159000
-0.164000
0.134000
0.659000
0.293000
-0.042000
-0.010000
0.203000
-0.015000
0.237000
-0.349000
-0.161000
0.366000
0.161000
0.132000
0.330000
0.320000
-0.256000
-0.234000
-0.210000
-0.283000
-0.425000
-0.054000
-0.027000
-0.227000
0.171000
0.339000
-0.093000
-0.571000
-0.042000
0.144000
0.251000
-0.083000
0.046000
0.530000
0.291000
0.103000
0.330000
0.740000
0.400000
-0.432000
-0.752000
-0.183000
-0.203000
-0.293000
-0.415000
-0.146000
-0.002000
0.591000
0.366000
-0.283000
0.430000
1.138000
1.057000
-0.825000
-0.620000
0.239000
0.879000
0.369000
-0.615000
-0.881000
0.356000
0.488000
-0.698000
-1.143000
0.249000
0.737000
0.095000
-0.410000
0.334000
0.708000
-0.010000
-0.413000
-0.815000
-0.356000
0.029000
0.112000
-0.186000
0.093000
0.388000
0.251000
-0.115000
-0.020000
0.332000
-0.203000
-0.396000
-0.452000
-0.137000
-0.144000
0.312000
0.247000
-0.090000
-0.208000
0.400000
0.085000
-0.090000
-0.234000
-0.564000
0.273000
0.645000
0.476000
-0.020000
0.239000
0.369000
-0.232000
-0.728000
-0.063000
-0.422000
-0.574000
-0.210000
-0.105000
-0.105000
-0.527000
0.117000
0.188000
-0.330000
-0.547000
0.103000
0.466000
0.337000
-0.139000
0.291000
0.269000
0.840000
0.146000
-0.388000
0.027000
0.073000
-0.356000
-0.859000
-0.188000
0.190000
0.193000
0.059000
-0.188000
0.017000
0.679000
-0.859000
-1.426000
0.237000
0.471000
0.547000
-0.417000
-0.383000
0.505000
1.167000
0.129000
-1.150000
-0.076000
0.667000
-0.081000
-1.091000
-0.515000
0.347000
0.674000
-0.068000
0.071000
0.168000
0.293000
0.203000
-0.161000
-0.488000
-0.320000
0.012000
0.176000
0.078000
0.017000
-0.466000
0.066000
0.095000
-0.261000
-0.366000
-0.640000
-0.061000
0.359000
-0.474000
-0.444000
0.217000
0.679000
0.520000
-0.100000
-0.559000
-0.134000
0.378000
0.266000
-0.208000
0.159000
0.234000
0.239000
-0.078000
0.100000
0.117000
-0.249000
-0.337000
-0.439000
-0.498000
-0.132000
-0.073000
-0.273000
-0.369000
0.146000
0.378000
-0.195000
-0.127000
0.022000
0.024000
0.071000
0.083000
0.037000
0.134000
0.154000
0.200000
0.293000
0.071000
0.076000
-0.315000
-0.205000
-0.200000
-0.007000
-0.151000
-0.017000
-0.059000
0.303000
0.356000
0.325000
-0.200000
0.911000
1.362000
-0.564000
-1.306000
-0.093000
0.889000
0.676000
-0.454000
-0.779000
0.437000
0.461000
-0.649000
-0.930000
0.261000
0.898000
0.273000
-0.569000
0.181000
0.759000
0.088000
-0.354000
-0.461000
-0.112000
0.073000
-0.081000
-0.232000
-0.117000
0.425000
0.044000
0.012000
-0.046000
-0.081000
-0.039000
-0.347000
-0.195000
-0.015000
-0.044000
0.076000
0.334000
0.315000
0.090000
-0.002000
-0.286000
-0.071000
0.227000
-0.286000
-0.222000
0.208000
0.291000
0.117000
0.269000
0.283000
-0.024000
-0.393000
-0.369000
-0.168000
-0.242000
0.193000
-0.151000
-0.203000
0.195000
0.535000
-0.059000
-0.730000
-0.093000
0.322000
0.107000
-0.234000
-0.100000
0.247000
0.327000
0.164000
-0.017000
0.540000
0.610000
-0.371000
-0.430000
-0.400000
-0.283000
0.022000
-0.251000
-0.415000
0.234000
0.830000
0.723000
-0.984000
-1.997000
0.527000
0.420000
-1.467000
-1.499000
1.716000
1.960000
0.330000
-0.381000
-0.183000
0.647000
0.620000
-0.808000
-1.221000
0.425000
0.745000
-0.095000
-0.508000
0.476000
0.879000
0.168000
-0.576000
-0.435000
0.208000
-0.034000
-0.247000
-0.347000
-0.115000
0.522000
0.239000
-0.032000
0.232000
0.159000
-0.261000
-0.769000
-0.120000
0.112000
0.044000
0.076000
0.266000
0.115000
-0.093000
0.066000
-0.010000
0.085000
0.107000
-0.288000
-0.195000
0.251000
0.322000
0.322000
0.396000
0.242000
-0.342000
-0.500000
-0.325000
-0.508000
-0.508000
0.029000
-0.054000
-0.359000
-0.110000
0.476000
0.366000
-0.410000
-0.334000
-0.046000
0.520000
0.256000
0.034000
0.195000
0.444000
0.405000
0.105000
0.220000
0.295000
-0.129000
-0.615000
-0.544000
-0.071000
0.117000
-0.093000
-0.491000
0.244000
0.867000
0.195000
-0.886000
0.562000
1.567000
1.770000
-0.410000
-1.323000
-0.291000
0.784000
0.649000
-0.144000
-0.969000
0.293000
0.493000
-0.647000
-1.050000
0.093000
0.903000
0.071000
-0.481000
-0.029000
0.532000
0.251000
-0.291000
-0.291000
-0.408000
-0.132000
-0.042000
0.151000
0.117000
0.203000
0.168000
0.210000
0.103000
0.059000
-0.637000
-0.464000
0.110000
-0.432000
-0.405000
0.369000
0.303000
0.142000
0.022000
-0.037000
0.146000
0.032000
0.005000
-0.327000
0.061000
0.439000
0.415000
0.447000
0.227000
-0.144000
-0.239000
-0.315000
-0.422000
-0.420000
-0.269000
-0.112000
-0.168000
-0.122000
0.217000
0.159000
-0.393000
-0.391000
-0.217000
0.242000
0.127000
-0.232000
-0.083000
0.510000
0.425000
-0.049000
0.005000
0.217000
0.188000
-0.420000
-0.801000
-0.581000
0.200000
-0.110000
-0.125000
0.061000
0.293000
0.801000
0.237000
-0.176000
0.752000
1.013000
-0.327000
-0.708000
-0.044000
0.796000
1.104000
-0.181000
-1.060000
-0.044000
0.417000
-0.413000
-0.913000
0.076000
0.566000
0.239000
-0.186000
0.466000
0.322000
0.081000
-0.056000
-0.054000
-0.520000
-0.266000
0.176000
-0.007000
-0.078000
-0.149000
0.154000
0.056000
0.208000
-0.259000
-0.439000
-0.342000
0.151000
-0.024000
-0.342000
-0.056000
0.679000
0.774000
0.134000
-0.215000
-0.198000
0.120000
0.320000
-0.200000
-0.159000
0.281000
0.425000
0.283000
0.149000
0.183000
0.125000
-0.234000
-0.381000
-0.559000
-0.359000
-0.161000
-0.063000
-0.205000
0.117000
0.317000
-0.042000
-0.339000
0.112000
0.383000
-0.144000
-0.337000
0.117000
0.493000
0.051000
0.056000
0.320000
0.984000
0.288000
-0.620000
-0.708000
0.029000
-0.186000
-0.378000
-0.085000
0.229000
0.552000
0.815000
-0.989000
-1.345000
0.542000
0.691000
0.146000
-1.184000
-0.371000
0.828000
0.674000
-0.022000
-0.452000
0.034000
0.603000
0.364000
-0.964000
-0.789000
0.413000
0.579000
0.068000
0.022000
0.625000
0.415000
-0.076000
-0.352000
-0.178000
-0.396000
-0.217000
-0.183000
0.222000
-0.042000
0.115000
0.132000
0.112000
0.256000
0.154000
-0.374000
-0.623000
0.017000
-0.112000
-0.261000
0.293000
0.496000
0.056000
-0.205000
0.010000
0.156000
-0.171000
0.085000
-0.391000
-0.098000
0.322000
0.195000
0.229000
0.273000
0.220000
-0.330000
-0.315000
-0.151000
-0.327000
-0.391000
0.037000
-0.151000
-0.249000
0.095000
0.256000
0.061000
-0.474000
-0.198000
0.396000
0.457000
-0.056000
-0.178000
0.146000
0.388000
0.278000
0.476000
0.698000
0.344000
-0.657000
-0.835000
-0.398000
-0.144000
-0.010000
0.154000
0.056000
0.198000
0.425000
-1.299000
-2.205000
-0.144000
0.146000
0.222000
-0.415000
-0.144000
1.040000
0.935000
0.012000
-0.601000
0.369000
0.991000
0.103000
-1.399000
-0.947000
0.432000
0.212000
-0.154000
0.012000
0.559000
0.315000
-0.220000
-0.369000
-0.630000
-0.042000
0.176000
-0.090000
-0.176000
0.120000
0.103000
0.291000
0.276000
0.227000
0.054000
-0.354000
-0.261000
0.000000
0.032000
0.085000
0.356000
0.271000
-0.269000
-0.007000
0.168000
-0.083000
0.229000
-0.024000
0.183000
0.293000
0.271000
0.098000
0.408000
0.110000
-0.083000
-0.305000
-0.139000
-0.405000
-0.454000
0.007000
-0.227000
-0.315000
-0.085000
0.059000
-0.039000
-0.325000
0.112000
0.430000
0.176000
-0.103000
-0.144000
0.444000
0.742000
0.435000
0.222000
0.303000
0.127000
-0.286000
-0.737000
-0.566000
-0.249000
-0.044000
-0.107000
-0.122000
0.652000
0.364000
0.266000
0.059000
0.574000
1.580000
-0.220000
-0.913000
-0.366000
1.106000
0.859000
-0.217000
-1.160000
0.173000
0.354000
-0.659000
-1.191000
0.312000
0.696000
0.234000
-0.408000
0.286000
0.427000
0.388000
0.059000
-0.857000
-0.376000
0.193000
0.146000
-0.239000
-0.110000
0.278000
0.388000
0.366000
0.017000
-0.393000
-0.317000
0.044000
-0.122000
-0.476000
-0.237000
0.588000
0.383000
-0.015000
0.005000
0.022000
0.093000
0.405000
-0.400000
-0.234000
0.293000
0.422000
0.090000
0.317000
0.535000
0.122000
-0.344000
-0.332000
-0.515000
-0.393000
-0.076000
-0.183000
-0.369000
0.200000
0.303000
-0.105000
-0.249000
0.156000
0.378000
0.088000
-0.203000
-0.320000
-0.029000
0.601000
0.161000
0.232000
0.457000
0.325000
-0.300000
-0.986000
-0.298000
0.205000
0.046000
-0.056000
-0.063000
0.251000
0.742000
-0.605000
-0.193000
1.389000
0.769000
-0.349000
-1.155000
-0.085000
0.977000
0.752000
-0.251000
-0.908000
0.344000
0.864000
-0.244000
-1.243000
-0.515000
0.693000
0.442000
-0.237000
-0.015000
0.566000
0.447000
0.120000
-0.425000
-0.457000
0.012000
0.286000
-0.283000
-0.344000
0.139000
0.579000
0.266000
-0.093000
-0.042000
-0.024000
-0.125000
-0.242000
-0.259000
-0.288000
0.027000
0.676000
0.293000
-0.354000
0.105000
0.115000
0.234000
-0.110000
-0.459000
-0.105000
0.239000
0.049000
-0.005000
0.046000
0.522000
-0.100000
-0.552000
-0.344000
-0.566000
-0.261000
-0.039000
-0.142000
-0.083000
-0.208000
0.427000
0.273000
-0.291000
-0.144000
-0.247000
0.115000
0.068000
-0.183000
-0.049000
0.056000
0.388000
0.149000
0.037000
0.286000
-0.049000
-0.308000
-0.432000
-0.198000
0.085000
0.171000
-0.120000
0.215000
0.422000
-0.010000
0.107000
-0.796000
0.625000
0.955000
-0.046000
-0.300000
0.300000
0.950000
0.620000
-0.396000
-0.842000
-0.044000
0.671000
0.044000
-0.586000
0.042000
0.386000
0.186000
0.007000
0.330000
0.452000
0.195000
-0.281000
-0.349000
-0.088000
-0.308000
0.015000
0.203000
0.154000
-0.017000
0.012000
0.176000
0.049000
-0.366000
-0.420000
-0.481000
-0.022000
0.188000
-0.308000
-0.254000
0.488000
0.435000
0.002000
-0.083000
-0.203000
-0.049000
0.068000
-0.137000
-0.427000
-0.237000
0.120000
0.139000
-0.044000
-0.044000
-0.100000
-0.208000
-0.317000
-0.476000
-0.310000
0.022000
-0.029000
-0.383000
-0.364000
0.208000
0.117000
-0.513000
-0.378000
-0.120000
0.085000
-0.056000
-0.002000
0.242000
0.251000
0.188000
-0.027000
0.229000
0.271000
0.049000
-0.381000
-0.527000
-0.215000
0.127000
-0.176000
-0.408000
-0.208000
0.300000
0.793000
-0.896000
-1.963000
-0.400000
0.452000
0.105000
-0.955000
-0.068000
1.384000
1.091000
-0.020000
-0.471000
0.435000
0.781000
-0.349000
-1.233000
-0.388000
0.654000
0.447000
-0.264000
-0.066000
0.510000
0.098000
-0.176000
-0.430000
-0.432000
-0.027000
0.081000
-0.071000
-0.198000
-0.042000
-0.122000
0.112000
-0.012000
-0.110000
-0.356000
-0.479000
-0.042000
0.164000
-0.225000
0.002000
0.347000
0.144000
-0.232000
-0.117000
0.059000
0.066000
0.317000
-0.186000
-0.100000
0.330000
0.481000
0.232000
0.173000
0.132000
-0.122000
-0.300000
-0.366000
-0.474000
-0.374000
0.029000
-0.193000
-0.325000
-0.015000
0.171000
-0.015000
-0.457000
-0.103000
0.320000
0.061000
-0.049000
0.149000
0.188000
0.310000
0.049000
0.295000
0.427000
0.093000
-0.166000
-0.435000
-0.352000
0.205000
0.010000
-0.056000
-0.183000
0.156000
0.762000
-0.239000
-2.793000
-1.155000
-0.200000
-0.200000
-1.147000
-0.173000
1.628000
1.204000
0.168000
-0.422000
0.254000
0.803000
-0.308000
-1.360000
-0.645000
0.276000
0.525000
0.239000
0.022000
0.244000
0.171000
0.310000
-0.435000
-0.371000
-0.271000
0.117000
0.076000
0.007000
0.061000
0.125000
0.051000
0.190000
0.042000
-0.554000
-0.559000
0.144000
0.125000
-0.598000
0.110000
0.439000
0.278000
-0.103000
0.149000
0.239000
0.051000
0.120000
-0.352000
0.015000
0.500000
0.234000
-0.212000
0.137000
0.093000
-0.085000
-0.415000
-0.105000
-0.518000
-0.342000
0.017000
-0.320000
-0.266000
0.208000
0.254000
-0.251000
-0.442000
0.061000
0.566000
0.378000
-0.100000
-0.254000
0.168000
0.654000
0.266000
0.403000
0.681000
0.276000
-0.437000
-0.608000
-0.161000
0.203000
-0.034000
-0.178000
-0.200000
0.298000
1.313000
0.728000
-0.652000
-1.877000
0.193000
0.332000
-0.217000
-0.681000
1.069000
1.030000
0.293000
-0.518000
-0.381000
0.439000
0.322000
-1.001000
-1.172000
0.347000
0.601000
0.156000
0.078000
0.388000
0.352000
0.356000
0.088000
-0.447000
-0.369000
0.012000
0.044000
0.122000
-0.120000
-0.212000
0.364000
0.454000
0.356000
-0.278000
-0.227000
-0.176000
0.347000
-0.591000
-0.461000
0.564000
0.615000
0.181000
-0.117000
-0.007000
0.034000
-0.022000
-0.146000
-0.081000
-0.039000
0.291000
-0.117000
-0.002000
0.110000
0.208000
-0.225000
-0.278000
-0.278000
-0.286000
-0.029000
-0.027000
-0.129000
-0.181000
0.559000
0.396000
-0.164000
-0.286000
0.083000
0.310000
-0.017000
-0.500000
-0.056000
0.342000
0.249000
-0.042000
0.127000
0.508000
0.105000
-0.303000
-0.623000
-0.432000
-0.203000
-0.017000
-0.005000
0.022000
0.332000
0.488000
-0.479000
0.637000
0.996000
0.613000
-0.352000
-1.182000
-0.425000
0.496000
0.806000
-0.002000
-0.754000
0.132000
0.603000
-0.627000
-0.835000
0.127000
0.425000
0.144000
-0.715000
0.417000
0.637000
0.186000
-0.405000
-0.498000
-0.095000
-0.242000
-0.037000
-0.151000
0.127000
0.178000
0.291000
0.176000
0.110000
-0.049000
0.029000
-0.498000
-0.183000
0.247000
-0.205000
-0.352000
0.161000
0.356000
0.103000
-0.029000
-0.320000
-0.037000
-0.027000
0.032000
-0.242000
-0.095000
0.198000
0.254000
0.037000
0.022000
-0.090000
-0.273000
-0.193000
-0.457000
-0.381000
-0.022000
0.208000
-0.125000
-0.127000
0.161000
-0.107000
-0.498000
-0.220000
0.005000
0.039000
-0.134000
0.049000
0.425000
0.396000
0.403000
0.088000
0.398000
0.305000
-0.063000
-0.276000
-0.295000
-0.430000
-0.063000
-0.181000
-0.227000
0.115000
0.620000
0.139000
0.288000
-0.417000
0.471000
0.422000
-0.422000
-0.613000
0.718000
1.233000
0.781000
-0.732000
-0.933000
0.227000
0.618000
-0.708000
-0.806000
0.569000
0.825000
-0.034000
-0.596000
0.249000
0.457000
0.032000
-0.164000
-0.376000
-0.190000
-0.073000
0.093000
-0.020000
0.068000
0.210000
0.227000
0.161000
0.220000
-0.232000
-0.525000
-0.415000
0.088000
-0.061000
-0.286000
-0.022000
0.508000
0.266000
-0.024000
-0.193000
-0.142000
-0.227000
0.215000
-0.222000
-0.054000
0.366000
0.393000
0.339000
0.454000
0.300000
-0.259000
-0.217000
-0.188000
-0.576000
-0.596000
0.161000
-0.159000
-0.432000
0.100000
0.393000
0.000000
-0.667000
-0.281000
0.205000
0.364000
-0.027000
-0.010000
0.386000
0.432000
0.249000
0.327000
0.388000
0.227000
-0.334000
-0.784000
-0.415000
0.200000
-0.071000
-0.261000
-0.049000
0.088000
0.796000
0.164000
-0.522000
-1.592000
0.706000
0.618000
-0.608000
-0.447000
1.423000
1.018000
0.237000
-0.420000
0.054000
0.879000
0.056000
-1.445000
-1.113000
0.784000
0.813000
-0.361000
-0.527000
0.388000
0.491000
0.154000
-0.205000
-0.510000
-0.422000
0.115000
0.132000
-0.085000
0.183000
0.337000
0.120000
-0.193000
0.085000
0.168000
-0.500000
-0.750000
-0.188000
0.063000
0.044000
0.583000
0.234000
-0.210000
0.051000
0.498000
0.154000
-0.347000
-0.334000
0.076000
0.361000
0.129000
-0.254000
0.215000
0.759000
-0.098000
-0.618000
-0.286000
-0.266000
-0.554000
-0.398000
-0.039000
-0.205000
-0.176000
0.461000
0.369000
-0.222000
-0.264000
0.112000
0.339000
0.034000
-0.276000
-0.012000
0.286000
0.874000
0.491000
-0.190000
0.134000
0.371000
-0.405000
-0.930000
-0.559000
0.081000
0.132000
-0.037000
-0.081000
0.269000
0.723000
-0.645000
-1.533000
0.234000
0.168000
0.027000
-0.715000
-0.229000
0.627000
0.930000
0.420000
-0.857000
0.249000
0.583000
-0.054000
-0.999000
-0.459000
0.046000
0.383000
0.120000
0.146000
0.286000
0.276000
0.269000
-0.259000
-0.347000
-0.610000
-0.144000
0.073000
0.117000
-0.027000
-0.188000
0.295000
0.159000
0.024000
-0.127000
-0.400000
-0.051000
0.342000
-0.471000
-0.334000
0.427000
0.637000
0.039000
-0.056000
-0.239000
-0.017000
0.061000
-0.078000
-0.320000
-0.137000
0.134000
0.029000
0.291000
0.293000
0.181000
-0.298000
-0.107000
-0.247000
-0.396000
-0.154000
-0.210000
-0.344000
-0.164000
0.496000
0.337000
-0.444000
-0.657000
-0.239000
0.183000
0.044000
-0.259000
0.007000
0.151000
0.393000
0.208000
0.342000
0.229000
0.010000
-0.364000
-0.540000
-0.210000
0.029000
0.261000
0.059000
0.098000
-0.044000
0.166000
-0.549000
-0.884000
0.828000
0.508000
-0.769000
-0.583000
0.830000
1.123000
0.576000
-0.520000
-0.532000
0.391000
0.793000
-0.706000
-0.640000
0.344000
0.300000
0.083000
0.027000
0.269000
0.127000
0.149000
-0.229000
-0.227000
-0.447000
-0.154000
0.156000
0.071000
0.090000
0.168000
0.249000
0.000000
0.281000
-0.005000
-0.420000
-0.344000
0.422000
-0.081000
-0.327000
0.144000
0.791000
0.396000
-0.242000
-0.305000
-0.139000
0.090000
0.017000
-0.149000
-0.063000
0.515000
0.496000
0.559000
0.129000
-0.034000
-0.132000
-0.024000
-0.422000
-0.696000
-0.288000
0.239000
0.032000
-0.525000
-0.042000
0.022000
-0.251000
-0.151000
0.007000
-0.188000
0.020000
0.078000
0.481000
0.200000
0.378000
-0.042000
0.229000
0.332000
-0.447000
-0.312000
-0.449000
-0.242000
0.012000
-0.200000
-0.234000
0.054000
0.474000
0.486000
0.295000
0.906000
1.226000
1.084000
-0.427000
-0.999000
-0.034000
1.152000
1.016000
-0.352000
-0.793000
-0.146000
0.415000
-0.398000
-0.776000
-0.049000
0.508000
0.107000
-0.635000
0.325000
0.625000
0.366000
-0.188000
-0.193000
-0.378000
-0.232000
0.217000
0.217000
-0.205000
-0.085000
0.291000
0.356000
0.474000
0.078000
-0.383000
-0.574000
0.193000
-0.232000
-0.510000
0.215000
0.486000
0.068000
-0.269000
0.024000
0.156000
0.085000
0.120000
-0.190000
-0.085000
0.518000
0.261000
0.256000
0.322000
0.247000
0.007000
-0.627000
-0.354000
-0.317000
-0.098000
-0.098000
-0.269000
-0.591000
0.007000
0.269000
0.049000
-0.500000
0.103000
0.466000
0.256000
-0.320000
-0.337000
-0.054000
0.256000
0.518000
0.420000
0.237000
-0.129000
-0.322000
-0.667000
-0.320000
-0.029000
-0.144000
-0.366000
-0.205000
0.271000
1.045000
-0.242000
-2.290000
-0.491000
0.234000
-0.088000
-0.962000
-0.217000
1.272000
1.401000
-0.120000
-0.557000
0.437000
0.569000
-0.356000
-1.216000
-0.405000
0.159000
0.466000
0.020000
0.212000
0.271000
0.190000
0.054000
-0.366000
-0.317000
0.117000
0.217000
-0.210000
-0.310000
-0.137000
0.166000
0.049000
0.283000
-0.256000
-0.388000
-0.447000
-0.081000
-0.024000
-0.330000
-0.193000
0.469000
0.508000
-0.139000
0.146000
0.276000
0.256000
-0.100000
-0.527000
-0.088000
0.369000
0.024000
-0.037000
0.295000
0.374000
0.059000
-0.405000
-0.261000
-0.359000
-0.452000
-0.125000
-0.383000
-0.437000
-0.012000
0.454000
0.186000
-0.500000
-0.288000
0.225000
0.161000
-0.081000
-0.139000
0.242000
0.332000
0.500000
0.244000
0.415000
0.449000
-0.117000
-0.874000
-0.559000
-0.005000
0.386000
0.005000
-0.398000
0.232000
0.701000
0.447000
-1.404000
-1.682000
0.198000
0.037000
-0.779000
-0.496000
0.913000
1.299000
0.444000
-0.686000
-0.278000
0.439000
0.369000
-0.818000
-0.640000
0.168000
0.232000
0.183000
0.264000
0.635000
0.520000
-0.032000
-0.356000
0.032000
-0.093000
-0.088000
-0.251000
-0.022000
0.085000
-0.020000
-0.178000
0.073000
0.356000
0.010000
-0.264000
-0.347000
-0.034000
0.063000
-0.181000
-0.076000
0.574000
0.354000
-0.020000
-0.254000
-0.132000
-0.039000
0.110000
-0.208000
-0.127000
0.200000
0.188000
0.300000
0.159000
0.085000
-0.144000
-0.122000
-0.222000
-0.212000
-0.256000
-0.166000
-0.024000
-0.005000
0.083000
0.027000
-0.115000
-0.349000
0.042000
0.181000
-0.054000
-0.151000
0.105000
0.308000
0.181000
-0.005000
0.242000
0.430000
-0.117000
-0.647000
-0.510000
0.134000
-0.112000
-0.100000
-0.095000
0.266000
0.295000
0.503000
-1.006000
-0.730000
1.128000
0.798000
-0.356000
-1.147000
-0.420000
0.662000
0.908000
-0.149000
-1.006000
-0.088000
0.823000
0.034000
-1.125000
-0.549000
0.732000
0.537000
-0.464000
-0.044000
0.344000
0.310000
-0.383000
-0.208000
-0.554000
-0.168000
0.120000
0.027000
-0.122000
0.127000
0.117000
0.071000
0.110000
0.166000
-0.095000
-0.366000
-0.195000
0.281000
-0.225000
-0.396000
0.515000
0.359000
0.039000
-0.225000
-0.439000
-0.120000
-0.166000
-0.288000
-0.195000
0.129000
0.471000
0.266000
0.076000
0.386000
0.054000
-0.142000
-0.332000
-0.437000
-0.334000
-0.164000
0.132000
-0.212000
-0.222000
0.295000
0.349000
-0.403000
-0.332000
-0.046000
0.405000
0.022000
-0.110000
0.217000
0.486000
0.637000
-0.037000
0.081000
0.522000
0.000000
-0.461000
-0.562000
0.005000
0.049000
-0.352000
-0.354000
-0.168000
0.681000
0.488000
-0.979000
0.625000
1.953000
1.313000
-0.850000
-1.484000
-0.095000
1.069000
0.667000
-0.315000
-0.703000
0.586000
0.684000
-0.466000
-1.123000
-0.227000
0.735000
0.234000
-0.571000
-0.005000
0.693000
0.249000
-0.254000
-0.532000
-0.286000
0.122000
0.486000
-0.039000
-0.037000
0.278000
0.107000
0.293000
0.222000
-0.144000
-0.322000
-0.298000
-0.090000
0.042000
-0.349000
-0.159000
0.410000
0.520000
-0.059000
-0.039000
-0.073000
0.129000
0.112000
-0.266000
-0.139000
0.344000
0.535000
0.120000
0.127000
0.205000
0.100000
-0.518000
-0.681000
-0.615000
-0.317000
0.146000
0.015000
-0.374000
-0.251000
0.574000
0.498000
-0.427000
-0.339000
0.093000
0.225000
0.222000
-0.027000
0.171000
0.557000
0.730000
0.159000
-0.034000
0.281000
0.090000
-0.398000
-0.552000
-0.269000
0.193000
0.186000
0.168000
0.222000
0.603000
0.742000
-1.211000
-1.763000
0.867000
0.540000
-0.271000
-1.008000
-0.059000
0.930000
0.859000
-0.273000
-0.710000
0.535000
0.801000
-0.471000
-1.304000
-0.283000
0.542000
0.374000
-0.137000
0.120000
0.654000
0.254000
-0.078000
-0.569000
-0.200000
0.049000
0.181000
-0.120000
-0.117000
0.198000
0.107000
-0.078000
-0.078000
-0.051000
-0.398000
-0.483000
-0.107000
-0.154000
-0.083000
0.034000
0.603000
0.371000
-0.061000
-0.044000
0.059000
0.271000
-0.010000
-0.359000
-0.049000
0.281000
0.105000
0.081000
0.210000
0.220000
-0.354000
-0.645000
-0.327000
-0.339000
-0.315000
0.100000
-0.051000
-0.374000
-0.256000
0.454000
0.293000
-0.549000
-0.366000
0.068000
0.217000
0.112000
0.129000
0.276000
0.320000
0.286000
-0.198000
0.132000
0.354000
0.029000
-0.254000
-0.369000
-0.410000
0.225000
0.007000
-0.239000
-0.215000
0.381000
0.486000
0.093000
-0.884000
0.620000
0.420000
-0.344000
-0.559000
0.513000
1.084000
0.659000
-0.554000
-0.872000
0.120000
0.383000
-0.505000
-0.547000
0.662000
0.725000
0.261000
-0.261000
0.613000
0.471000
0.032000
-0.481000
-0.308000
-0.186000
-0.056000
0.107000
0.229000
-0.085000
0.156000
0.247000
0.088000
0.288000
0.217000
-0.303000
-0.625000
0.071000
0.183000
-0.229000
-0.154000
0.222000
0.232000
-0.190000
-0.032000
-0.090000
-0.085000
0.044000
-0.212000
-0.063000
0.293000
0.273000
0.303000
0.432000
0.188000
-0.012000
-0.317000
-0.129000
-0.256000
-0.425000
-0.085000
-0.002000
-0.117000
-0.024000
-0.034000
-0.005000
-0.383000
-0.061000
0.505000
0.264000
-0.122000
0.005000
0.212000
0.393000
0.369000
0.439000
0.437000
-0.083000
-0.176000
-0.369000
-0.322000
-0.134000
0.115000
0.027000
-0.220000
-0.068000
0.764000
-0.862000
-0.969000
0.869000
0.273000
0.012000
-0.852000
-0.208000
0.640000
0.872000
0.010000
-0.522000
-0.203000
0.486000
0.112000
-0.649000
-0.588000
0.273000
0.510000
-0.295000
0.078000
0.403000
0.266000
-0.005000
-0.186000
-0.256000
-0.425000
-0.129000
0.271000
0.510000
0.042000
-0.039000
0.215000
0.498000
0.300000
-0.146000
-0.596000
-0.232000
0.222000
-0.437000
-0.544000
0.537000
0.906000
0.315000
-0.344000
-0.312000
0.168000
0.137000
-0.139000
-0.261000
0.159000
0.454000
0.322000
0.200000
0.222000
0.220000
-0.056000
-0.391000
-0.781000
-0.427000
-0.083000
0.049000
-0.212000
-0.264000
0.195000
0.210000
-0.352000
-0.356000
-0.200000
0.042000
0.044000
-0.132000
0.193000
0.212000
0.291000
0.027000
0.476000
0.510000
-0.166000
-0.498000
-0.659000
-0.159000
0.137000
-0.071000
-0.176000
0.095000
0.002000
0.642000
-2.009000
-2.471000
1.592000
0.986000
-0.195000
-1.091000
-0.125000
0.737000
0.747000
-0.068000
-0.647000
0.100000
0.693000
-0.044000
-1.135000
-0.820000
0.298000
0.427000
-0.044000
0.044000
0.398000
0.312000
-0.168000
-0.391000
-0.193000
-0.264000
-0.239000
-0.044000
0.259000
0.325000
0.266000
0.037000
-0.244000
0.083000
0.012000
-0.474000
-0.540000
0.081000
-0.137000
-0.442000
0.085000
0.427000
0.234000
-0.168000
-0.132000
0.164000
-0.054000
0.176000
-0.244000
0.010000
0.366000
0.125000
0.225000
0.535000
0.310000
-0.425000
-0.605000
-0.217000
-0.222000
-0.317000
-0.107000
-0.093000
-0.151000
0.215000
0.205000
-0.261000
-0.325000
0.154000
0.298000
0.071000
-0.188000
-0.120000
0.359000
0.295000
0.037000
-0.166000
0.205000
0.286000
-0.647000
-0.928000
-0.208000
0.151000
-0.054000
-0.105000
-0.159000
0.232000
0.596000
0.222000
0.254000
0.500000
1.431000
2.000000
0.042000
-0.752000
-0.408000
0.474000
0.720000
-0.176000
-0.952000
0.127000
0.564000
-0.488000
-0.872000
0.364000
0.708000
-0.129000
-0.271000
0.432000
0.359000
-0.078000
-0.281000
-0.312000
-0.491000
-0.217000
0.027000
0.044000
0.000000
0.046000
-0.090000
-0.381000
-0.051000
-0.034000
-0.403000
-0.466000
0.071000
0.083000
-0.212000
0.217000
0.400000
0.171000
-0.186000
0.071000
0.129000
-0.061000
0.071000
-0.496000
-0.259000
0.430000
0.176000
-0.046000
0.081000
-0.088000
-0.393000
-0.417000
-0.139000
-0.349000
-0.251000
0.022000
-0.229000
-0.303000
0.078000
0.232000
-0.112000
-0.664000
-0.464000
0.083000
0.388000
0.054000
-0.046000
0.293000
0.244000
0.493000
0.020000
0.061000
0.220000
0.002000
-0.310000
-0.537000
-0.381000
-0.142000
-0.090000
-0.059000
0.112000
0.361000
0.391000
-1.038000
-0.024000
1.575000
1.067000
-0.745000
-1.074000
-0.120000
0.850000
0.820000
-0.137000
-0.937000
-0.022000
0.549000
-0.037000
-0.852000
-0.229000
0.713000
0.481000
-0.247000
0.146000
0.293000
-0.112000
-0.151000
-0.342000
-0.806000
-0.359000
0.171000
0.051000
-0.120000
0.176000
0.039000
0.256000
0.061000
0.107000
-0.376000
-0.403000
-0.298000
0.176000
-0.317000
-0.137000
0.525000
0.427000
0.127000
-0.159000
-0.349000
-0.024000
0.232000
-0.017000
-0.239000
-0.007000
0.483000
0.127000
0.217000
0.334000
-0.012000
-0.427000
-0.269000
-0.222000
-0.381000
-0.352000
-0.059000
-0.127000
-0.151000
0.281000
0.210000
-0.176000
-0.457000
-0.273000
0.337000
0.271000
-0.251000
0.012000
0.591000
0.645000
0.298000
0.215000
0.349000
0.017000
-0.227000
-0.554000
-0.425000
-0.078000
-0.042000
-0.039000
-0.171000
0.312000
0.789000
-1.111000
-1.306000
1.211000
0.505000
-0.029000
-0.793000
-0.405000
1.023000
0.608000
0.002000
-0.488000
-0.027000
0.535000
-0.066000
-1.030000
-0.691000
0.115000
0.300000
-0.127000
0.278000
0.288000
0.034000
-0.120000
-0.037000
-0.217000
-0.356000
-0.200000
0.344000
0.498000
0.068000
0.042000
0.232000
0.325000
0.220000
-0.110000
-0.432000
-0.281000
0.090000
-0.349000
-0.330000
0.354000
0.649000
0.510000
-0.046000
-0.332000
0.122000
0.210000
0.173000
-0.227000
-0.112000
0.337000
0.249000
0.227000
0.320000
0.171000
-0.276000
-0.283000
-0.542000
-0.557000
0.020000
0.032000
-0.347000
-0.208000
0.366000
0.352000
-0.076000
-0.037000
-0.110000
-0.020000
0.159000
0.215000
0.203000
0.125000
0.042000
0.232000
0.583000
0.227000
0.034000
-0.339000
-0.347000
-0.115000
-0.056000
-0.286000
-0.151000
0.383000
0.540000
0.178000
-0.081000
0.876000
0.872000
1.155000
-0.374000
-1.035000
-0.007000
1.089000
0.801000
-0.366000
-1.128000
0.234000
0.554000
-0.322000
-1.069000
-0.071000
0.964000
0.190000
-0.718000
0.195000
0.940000
0.430000
-0.354000
-0.295000
-0.022000
0.137000
0.042000
-0.181000
-0.107000
0.120000
0.103000
-0.042000
0.120000
0.320000
-0.042000
-0.474000
-0.225000
0.081000
-0.093000
0.115000
0.457000
0.530000
-0.076000
0.046000
-0.146000
0.088000
0.259000
-0.151000
-0.229000
0.332000
0.439000
0.237000
0.129000
0.090000
-0.234000
-0.601000
-0.293000
-0.142000
-0.212000
0.029000
0.020000
-0.161000
0.044000
0.459000
-0.071000
-0.669000
-0.168000
0.371000
0.264000
-0.217000
-0.337000
0.476000
0.605000
-0.002000
-0.032000
0.686000
0.369000
-0.332000
-0.669000
-0.154000
-0.542000
-0.354000
-0.085000
-0.054000
0.271000
0.752000
0.388000
0.173000
0.247000
0.728000
1.240000
-0.217000
-0.300000
0.591000
0.923000
0.276000
-0.811000
-0.830000
0.317000
0.308000
-0.967000
-1.013000
0.554000
0.984000
0.002000
-0.337000
0.432000
0.630000
-0.046000
-0.186000
-0.522000
-0.090000
0.151000
-0.181000
-0.120000
0.032000
0.151000
0.195000
-0.020000
-0.010000
0.095000
-0.417000
-0.691000
0.142000
0.276000
0.083000
0.293000
0.217000
-0.005000
-0.317000
0.042000
0.090000
-0.156000
-0.264000
-0.349000
0.264000
0.554000
0.217000
0.063000
0.229000
0.293000
-0.320000
-0.784000
-0.205000
-0.181000
-0.349000
0.264000
0.029000
-0.129000
0.151000
0.256000
-0.093000
-0.588000
-0.378000
0.403000
0.559000
-0.054000
-0.410000
-0.195000
0.352000
0.217000
0.369000
0.444000
0.198000
-0.227000
-0.811000
-0.598000
-0.024000
0.164000
-0.046000
-0.317000
0.176000
0.657000
0.085000
-1.235000
-1.516000
-0.046000
0.322000
-0.491000
-0.598000
1.060000
1.421000
0.239000
-0.203000
-0.476000
0.537000
0.293000
-0.647000
-0.696000
0.430000
0.520000
0.110000
-0.007000
0.171000
0.090000
-0.088000
-0.056000
-0.002000
-0.537000
-0.188000
-0.054000
0.232000
0.007000
-0.259000
-0.095000
0.266000
0.449000
-0.242000
-0.662000
-0.171000
0.449000
-0.391000
-0.630000
0.200000
0.625000
0.413000
-0.227000
-0.442000
-0.054000
0.251000
0.054000
-0.076000
0.076000
0.381000
0.071000
0.076000
0.142000
0.125000
-0.276000
-0.271000
-0.276000
-0.464000
-0.269000
-0.259000
-0.388000
-0.288000
0.291000
0.100000
-0.454000
-0.349000
-0.015000
0.295000
0.066000
-0.129000
0.010000
0.122000
0.208000
0.181000
0.415000
0.420000
0.090000
-0.398000
-0.496000
-0.181000
-0.100000
-0.251000
0.037000
-0.005000
0.195000
0.076000
-0.188000
-0.383000
1.345000
1.162000
-0.518000
-1.096000
0.269000
0.935000
0.486000
-0.469000
-0.632000
0.369000
0.356000
-0.984000
-1.177000
0.188000
0.623000
0.176000
-0.754000
0.076000
0.576000
0.083000
-0.239000
-0.259000
-0.122000
0.066000
0.015000
-0.168000
-0.105000
0.164000
0.225000
-0.049000
0.125000
-0.068000
-0.227000
-0.410000
-0.242000
-0.049000
-0.312000
0.000000
0.330000
0.234000
0.134000
0.283000
-0.090000
0.046000
0.234000
-0.227000
-0.359000
0.276000
0.383000
0.215000
0.237000
0.144000
-0.173000
-0.596000
-0.205000
-0.303000
-0.439000
-0.117000
-0.088000
-0.391000
0.112000
0.320000
-0.100000
-0.493000
-0.093000
0.364000
0.312000
0.015000
-0.083000
0.251000
0.530000
0.315000
0.125000
0.649000
0.496000
-0.376000
-0.767000
-0.269000
-0.173000
-0.012000
-0.166000
-0.410000
0.427000
0.745000
0.422000
-2.168000
-1.692000
0.388000
0.278000
-1.064000
-1.274000
1.650000
1.716000
0.054000
-0.627000
-0.237000
0.354000
0.439000
-1.021000
-0.994000
0.503000
0.542000
-0.139000
-0.039000
0.867000
0.518000
-0.237000
-0.522000
-0.049000
-0.127000
-0.322000
-0.376000
-0.093000
0.251000
0.442000
0.164000
-0.076000
0.112000
-0.095000
-0.381000
-0.532000
-0.022000
-0.217000
-0.315000
0.134000
0.486000
0.281000
-0.117000
0.100000
0.215000
-0.061000
0.078000
-0.371000
-0.256000
0.237000
0.061000
0.112000
0.327000
0.457000
-0.271000
-0.654000
-0.278000
-0.356000
-0.320000
0.007000
-0.293000
-0.581000
-0.022000
0.688000
0.339000
-0.684000
-0.332000
0.391000
0.520000
0.042000
0.012000
0.210000
0.615000
0.276000
-0.010000
0.212000
0.342000
-0.020000
-0.630000
-0.432000
0.073000
0.312000
0.015000
-0.266000
0.237000
0.818000
0.139000
0.364000
0.198000
0.710000
0.886000
-0.410000
-0.659000
0.222000
0.659000
0.415000
-0.205000
-0.974000
0.271000
0.464000
-0.623000
-1.099000
0.364000
0.898000
0.159000
-0.198000
0.383000
0.520000
0.098000
-0.078000
-0.413000
-0.576000
-0.144000
0.110000
0.322000
0.081000
0.015000
0.144000
0.117000
0.200000
0.090000
-0.540000
-0.305000
0.171000
-0.400000
-0.386000
0.542000
0.435000
0.054000
-0.122000
-0.266000
-0.100000
0.027000
-0.027000
-0.398000
-0.186000
0.234000
0.139000
0.352000
0.371000
0.034000
-0.154000
-0.105000
-0.269000
-0.349000
-0.220000
-0.100000
-0.115000
-0.112000
0.239000
0.215000
-0.237000
-0.247000
-0.215000
0.125000
-0.017000
-0.298000
-0.071000
0.396000
0.498000
0.042000
0.227000
0.522000
0.059000
-0.491000
-0.593000
-0.295000
0.200000
-0.186000
-0.244000
-0.227000
0.259000
0.732000
-0.383000
0.327000
1.504000
0.945000
-0.391000
-1.050000
-0.312000
0.823000
0.916000
-0.098000
-1.018000
0.056000
0.457000
-0.190000
-1.025000
-0.293000
0.613000
0.171000
-0.486000
0.210000
0.549000
0.071000
-0.073000
-0.461000
-0.374000
-0.239000
0.229000
0.122000
0.076000
0.181000
0.002000
0.134000
0.212000
0.176000
-0.122000
-0.520000
-0.254000
0.122000
-0.530000
-0.266000
0.474000
0.549000
0.139000
-0.166000
-0.388000
-0.007000
0.386000
-0.093000
-0.457000
-0.020000
0.544000
0.303000
0.237000
-0.042000
0.015000
-0.217000
-0.122000
-0.381000
-0.435000
-0.027000
0.039000
-0.400000
-0.010000
0.391000
-0.022000
-0.454000
-0.283000
0.293000
0.303000
0.046000
0.054000
0.359000
0.237000
0.215000
0.317000
0.657000
0.356000
-0.415000
-0.420000
-0.356000
0.144000
0.393000
0.063000
-0.381000
0.388000
0.835000
0.203000
-1.619000
-1.262000
0.562000
0.625000
-0.789000
-0.889000
1.304000
1.580000
0.269000
-0.466000
-0.007000
0.369000
0.308000
-1.052000
-0.984000
0.461000
0.449000
-0.161000
-0.242000
0.681000
0.559000
0.024000
-0.352000
-0.085000
-0.193000
-0.015000
0.168000
0.249000
0.002000
0.259000
0.205000
0.088000
0.049000
0.105000
-0.186000
-0.642000
0.012000
-0.027000
-0.144000
-0.017000
0.259000
0.220000
-0.120000
0.166000
0.203000
0.017000
0.059000
-0.286000
-0.154000
0.356000
0.164000
0.181000
0.239000
0.332000
-0.291000
-0.657000
-0.354000
-0.210000
-0.435000
-0.161000
-0.193000
-0.159000
0.103000
0.442000
0.142000
-0.559000
-0.310000
0.095000
0.342000
0.146000
0.098000
0.276000
0.347000
0.364000
0.110000
0.420000
0.193000
-0.203000
-0.554000
-0.225000
-0.513000
-0.034000
0.000000
-0.273000
0.317000
0.950000
0.330000
0.139000
-0.923000
0.657000
0.713000
0.198000
0.200000
0.588000
1.062000
0.256000
-0.544000
-0.752000
0.139000
0.266000
-0.691000
-0.671000
0.459000
0.654000
-0.144000
-0.298000
0.466000
0.591000
-0.085000
-0.212000
-0.276000
-0.225000
-0.396000
-0.039000
-0.151000
0.073000
0.347000
0.210000
-0.081000
0.100000
0.117000
-0.613000
-0.461000
0.103000
-0.112000
-0.442000
0.408000
0.503000
0.002000
-0.093000
-0.024000
0.173000
-0.044000
-0.017000
-0.310000
-0.081000
0.354000
0.183000
0.042000
0.332000
0.212000
0.122000
-0.144000
-0.352000
-0.413000
-0.156000
0.178000
-0.215000
-0.317000
0.037000
0.259000
-0.232000
-0.361000
-0.259000
0.166000
-0.032000
0.007000
0.164000
0.259000
0.447000
0.369000
0.286000
0.137000
-0.073000
-0.276000
-0.505000
-0.413000
-0.120000
-0.100000
0.078000
0.020000
0.500000
0.171000
-0.393000
0.220000
0.886000
1.433000
-0.266000
-0.913000
-0.269000
0.825000
0.361000
-0.269000
-0.847000
0.542000
0.569000
-0.825000
-1.077000
0.222000
0.613000
0.061000
-0.220000
0.054000
0.447000
0.066000
0.027000
-0.671000
-0.398000
0.171000
0.144000
-0.149000
-0.215000
0.288000
0.498000
0.264000
0.208000
-0.356000
-0.337000
-0.010000
0.234000
-0.288000
-0.234000
0.552000
0.469000
-0.105000
-0.029000
0.115000
0.029000
0.261000
-0.364000
-0.291000
0.486000
0.327000
0.032000
0.312000
0.701000
0.371000
-0.278000
-0.386000
-0.422000
-0.374000
-0.093000
-0.266000
-0.303000
0.266000
0.244000
-0.154000
-0.168000
0.137000
0.146000
-0.073000
-0.247000
0.115000
0.479000
0.425000
-0.220000
0.300000
0.547000
0.164000
-0.100000
-0.610000
-0.344000
0.210000
-0.027000
-0.474000
-0.344000
0.537000
0.557000
-0.779000
-1.677000
0.576000
0.271000
-0.723000
-0.662000
1.274000
1.421000
0.261000
-0.464000
-0.198000
0.432000
0.649000
-0.930000
-0.986000
0.122000
0.430000
0.071000
-0.115000
0.466000
0.420000
0.281000
-0.051000
-0.415000
-0.295000
-0.002000
0.098000
-0.012000
0.049000
0.105000
0.376000
0.273000
0.229000
0.039000
-0.354000
-0.366000
0.315000
-0.293000
-0.396000
0.166000
0.408000
0.044000
-0.229000
-0.283000
0.066000
-0.034000
-0.161000
-0.159000
-0.103000
0.469000
0.061000
0.005000
0.369000
0.466000
-0.098000
-0.168000
-0.071000
0.042000
-0.320000
-0.303000
-0.334000
-0.210000
0.339000
0.349000
-0.120000
-0.369000
0.046000
0.479000
0.081000
-0.354000
-0.178000
0.269000
0.579000
0.203000
0.125000
0.435000
0.137000
-0.408000
-0.881000
-0.496000
-0.105000
0.049000
-0.017000
0.051000
0.283000
0.789000
-0.671000
-0.044000
1.279000
0.937000
-0.276000
-1.296000
-0.359000
0.698000
0.896000
0.125000
-0.510000
-0.112000
0.464000
-0.166000
-0.837000
-0.046000
0.522000
0.317000
-0.396000
0.149000
0.598000
0.151000
-0.496000
-0.332000
-0.103000
-0.044000
-0.303000
-0.066000
0.208000
0.178000
0.134000
0.012000
0.093000
-0.029000
-0.081000
-0.537000
-0.349000
0.061000
-0.288000
-0.359000
0.325000
0.615000
0.439000
-0.129000
-0.559000
0.027000
0.229000
0.237000
-0.317000
-0.232000
0.125000
0.479000
0.342000
0.215000
-0.200000
-0.327000
-0.454000
-0.508000
-0.352000
-0.276000
0.049000
-0.198000
-0.264000
0.115000
0.342000
-0.054000
-0.232000
-0.154000
0.164000
0.093000
0.139000
0.488000
0.283000
0.156000
-0.137000
0.132000
0.386000
-0.002000
-0.845000
-0.908000
-0.178000
0.125000
-0.259000
-0.256000
0.193000
0.349000
0.752000
-0.376000
-0.132000
-0.220000
0.632000
0.916000
-0.479000
-0.503000
0.503000
0.623000
0.259000
-0.562000
-0.947000
0.166000
0.361000
-0.662000
-1.025000
0.623000
0.703000
0.032000
-0.244000
0.576000
0.234000
-0.347000
-0.493000
-0.371000
-0.193000
-0.278000
-0.085000
-0.208000
0.105000
0.129000
0.061000
-0.308000
0.002000
-0.168000
-0.298000
-0.479000
0.164000
0.225000
-0.178000
0.081000
0.320000
0.237000
-0.188000
-0.071000
-0.149000
-0.039000
0.208000
-0.129000
-0.198000
0.293000
0.295000
0.144000
0.046000
-0.051000
-0.227000
-0.469000
-0.173000
-0.281000
-0.122000
0.046000
0.149000
-0.334000
0.044000
0.164000
0.037000
-0.408000
-0.225000
0.051000
0.205000
0.017000
-0.039000
0.244000
0.237000
0.383000
0.181000
0.286000
0.117000
-0.320000
-0.659000
-0.254000
0.071000
0.100000
0.117000
-0.210000
-0.073000
0.439000
-0.127000
-0.105000
-0.569000
0.522000
1.213000
-0.095000
-0.623000
0.232000
0.688000
0.461000
-0.630000
-0.945000
0.437000
0.571000
-0.862000
-0.920000
0.483000
1.201000
0.027000
-0.283000
0.276000
0.596000
0.215000
-0.291000
-0.923000
-0.383000
0.186000
0.188000
-0.032000
-0.127000
0.156000
0.347000
0.344000
0.186000
-0.190000
-0.356000
-0.142000
0.146000
-0.078000
-0.100000
0.479000
0.283000
-0.171000
-0.090000
-0.254000
0.088000
0.103000
-0.063000
0.005000
0.164000
0.400000
0.378000
0.325000
0.273000
-0.095000
-0.552000
-0.549000
-0.449000
-0.439000
-0.093000
-0.239000
-0.327000
-0.198000
0.464000
0.171000
-0.510000
-0.288000
0.129000
0.054000
0.137000
0.063000
0.278000
0.198000
0.503000
0.232000
0.266000
0.408000
-0.098000
-0.361000
-0.527000
-0.198000
0.330000
0.168000
-0.415000
-0.288000
0.291000
0.591000
0.762000
-1.301000
0.369000
0.664000
-0.288000
-0.728000
0.950000
1.414000
0.435000
-0.544000
-0.544000
0.586000
0.408000
-0.789000
-1.047000
0.156000
0.498000
-0.066000
-0.156000
0.198000
0.466000
0.376000
-0.122000
-0.522000
-0.347000
0.112000
0.247000
0.298000
-0.007000
0.042000
0.359000
0.415000
0.293000
-0.193000
-0.247000
-0.164000
0.222000
-0.554000
-0.305000
0.566000
0.522000
0.173000
0.005000
-0.232000
0.156000
0.225000
-0.015000
-0.063000
0.083000
0.432000
0.295000
0.447000
0.364000
0.134000
-0.190000
-0.237000
-0.310000
-0.156000
0.105000
0.029000
-0.371000
-0.232000
0.610000
0.371000
-0.166000
-0.308000
-0.059000
0.183000
0.032000
0.010000
0.200000
0.288000
0.232000
0.125000
0.281000
0.576000
0.076000
-0.437000
-0.557000
-0.408000
-0.017000
0.217000
0.015000
-0.056000
0.508000
0.781000
0.293000
-0.491000
0.845000
0.823000
-0.359000
-0.779000
0.474000
1.047000
0.923000
-0.071000
-0.759000
0.139000
0.261000
-0.410000
-0.583000
0.205000
0.286000
-0.046000
-0.137000
0.464000
0.469000
0.049000
-0.322000
-0.178000
-0.071000
-0.007000
-0.071000
0.039000
0.208000
0.178000
0.015000
-0.203000
0.137000
-0.171000
-0.349000
-0.422000
0.039000
0.137000
-0.291000
-0.071000
0.544000
0.273000
-0.081000
-0.168000
-0.356000
-0.071000
0.122000
-0.159000
-0.237000
0.164000
0.337000
0.430000
0.186000
0.051000
-0.176000
-0.203000
-0.198000
-0.310000
-0.337000
-0.027000
0.112000
-0.159000
0.173000
0.232000
0.171000
-0.239000
0.105000
0.251000
-0.076000
-0.190000
0.010000
0.227000
0.232000
0.344000
0.303000
0.515000
0.044000
-0.679000
-0.713000
0.017000
0.117000
0.193000
0.063000
0.010000
0.425000
0.588000
-0.937000
-2.314000
0.112000
0.396000
0.066000
-0.881000
-0.320000
0.818000
1.003000
0.164000
-0.613000
-0.103000
0.603000
0.310000
-1.187000
-0.906000
0.449000
0.715000
-0.100000
-0.081000
0.437000
0.483000
-0.049000
-0.417000
-0.452000
-0.369000
0.039000
0.247000
0.164000
-0.083000
-0.205000
0.017000
0.413000
0.208000
-0.122000
-0.684000
-0.325000
0.195000
-0.151000
-0.024000
0.552000
0.559000
-0.066000
-0.073000
-0.310000
0.139000
0.117000
-0.247000
-0.486000
0.081000
0.400000
0.278000
0.190000
0.198000
-0.061000
-0.391000
-0.361000
-0.574000
-0.364000
-0.071000
-0.132000
-0.142000
0.320000
0.439000
-0.012000
-0.618000
-0.186000
0.291000
0.203000
-0.112000
-0.403000
0.305000
0.315000
0.164000
0.137000
0.649000
0.396000
-0.181000
-0.679000
-0.085000
-0.142000
0.198000
0.122000
-0.242000
-0.061000
0.288000
0.039000
0.134000
-0.359000
0.679000
0.530000
-0.518000
-0.156000
1.079000
0.937000
0.015000
-0.579000
-0.144000
0.566000
0.066000
-1.243000
-0.818000
0.806000
0.686000
-0.608000
-0.376000
0.527000
0.325000
0.110000
-0.400000
-0.640000
-0.459000
0.266000
0.144000
-0.029000
0.051000
0.249000
0.254000
0.239000
0.393000
0.029000
-0.376000
-0.295000
-0.095000
-0.125000
0.220000
0.439000
0.095000
-0.242000
0.142000
0.105000
0.105000
-0.266000
-0.481000
-0.007000
0.186000
0.234000
0.125000
0.369000
0.349000
-0.088000
-0.310000
0.117000
-0.537000
-0.630000
-0.247000
-0.156000
-0.205000
-0.264000
0.325000
0.183000
-0.481000
-0.432000
0.168000
0.229000
0.059000
0.173000
0.361000
0.461000
0.649000
0.273000
0.017000
0.520000
0.146000
-0.391000
-0.610000
-0.364000
0.134000
0.078000
-0.396000
0.164000
0.337000
0.217000
0.242000
0.195000
0.708000
0.874000
0.051000
-0.259000
-0.139000
0.605000
0.828000
-0.381000
-0.852000
-0.122000
0.515000
-0.449000
-0.962000
-0.173000
0.356000
0.132000
-0.242000
0.183000
0.327000
0.168000
-0.266000
-0.322000
-0.339000
-0.256000
0.190000
0.063000
0.037000
0.081000
0.432000
-0.144000
0.132000
0.015000
-0.405000
-0.500000
-0.181000
-0.081000
-0.081000
-0.229000
0.632000
0.361000
-0.188000
0.034000
0.110000
0.266000
0.190000
-0.325000
-0.205000
0.398000
0.542000
0.369000
0.093000
0.120000
-0.024000
-0.266000
-0.476000
-0.620000
-0.366000
-0.083000
-0.010000
-0.225000
0.061000
0.342000
-0.024000
-0.676000
-0.220000
0.544000
0.449000
-0.083000
-0.093000
0.315000
0.615000
0.271000
-0.120000
0.098000
0.237000
-0.217000
-0.583000
-0.486000
-0.010000
0.449000
-0.063000
-0.068000
0.244000
0.608000
0.073000
-1.389000
-0.942000
0.457000
0.144000
-0.852000
-0.264000
1.248000
1.667000
0.266000
-0.605000
-0.569000
0.325000
0.515000
-0.837000
-0.635000
0.164000
0.195000
0.078000
0.159000
0.476000
0.330000
-0.015000
-0.203000
-0.049000
-0.134000
-0.029000
-0.105000
-0.186000
0.027000
0.264000
0.076000
-0.125000
0.107000
-0.061000
-0.579000
-0.337000
0.254000
0.005000
-0.117000
0.208000
0.432000
0.361000
0.249000
-0.220000
-0.503000
-0.178000
0.281000
-0.278000
-0.247000
0.291000
0.281000
0.352000
0.149000
-0.002000
-0.315000
-0.247000
-0.576000
-0.637000
-0.415000
0.098000
-0.151000
-0.317000
0.173000
0.178000
-0.103000
-0.093000
0.220000
0.098000
0.005000
-0.122000
0.029000
0.020000
0.259000
0.020000
0.383000
0.457000
-0.107000
-0.854000
-0.825000
0.234000
0.383000
-0.178000
-0.042000
0.095000
0.334000
0.659000
-1.328000
0.322000
1.965000
1.543000
-0.957000
-1.750000
-0.220000
0.945000
0.588000
-0.356000
-1.011000
0.212000
1.213000
-0.449000
-1.531000
-0.735000
1.265000
0.706000
-0.720000
-0.049000
0.730000
0.750000
-0.222000
-0.752000
-0.476000
0.098000
0.293000
-0.310000
-0.425000
0.266000
0.613000
0.015000
-0.164000
0.029000
-0.032000
-0.261000
-0.188000
-0.078000
-0.120000
0.051000
0.554000
0.464000
-0.061000
-0.103000
-0.181000
0.110000
0.027000
-0.286000
-0.227000
0.066000
0.195000
0.244000
0.291000
0.198000
-0.249000
-0.396000
-0.378000
-0.481000
-0.386000
0.127000
0.056000
-0.237000
-0.010000
0.493000
0.247000
-0.500000
-0.308000
0.037000
0.220000
-0.166000
-0.205000
0.195000
0.408000
0.432000
0.071000
0.347000
0.574000
0.007000
-0.581000
-0.547000
-0.186000
0.144000
0.022000
-0.459000
0.122000
0.913000
0.623000
0.024000
-1.558000
0.298000
0.308000
-0.942000
-0.867000
1.294000
1.531000
0.505000
-0.623000
-0.217000
0.911000
0.520000
-0.933000
-1.294000
0.273000
0.554000
-0.071000
-0.261000
0.247000
0.708000
0.354000
-0.264000
-0.774000
-0.320000
0.283000
0.061000
-0.049000
-0.222000
-0.022000
0.320000
0.435000
0.410000
-0.159000
-0.447000
-0.210000
0.095000
-0.613000
-0.208000
0.439000
0.544000
0.227000
0.015000
-0.117000
0.098000
0.122000
-0.076000
-0.156000
0.168000
0.334000
0.237000
0.332000
0.286000
0.151000
-0.198000
-0.293000
-0.669000
-0.493000
-0.039000
0.186000
-0.200000
-0.349000
0.215000
0.408000
-0.264000
-0.386000
-0.103000
0.222000
-0.049000
-0.200000
0.205000
0.347000
0.349000
-0.076000
0.073000
0.439000
0.291000
-0.381000
-0.864000
-0.508000
-0.083000
0.012000
-0.200000
-0.125000
0.247000
0.649000
0.034000
0.481000
1.313000
1.306000
0.100000
-0.967000
-0.266000
0.686000
0.984000
0.017000
-0.686000
-0.100000
0.303000
-0.437000
-0.894000
-0.220000
0.386000
0.166000
-0.413000
0.325000
0.571000
0.164000
-0.151000
-0.369000
-0.205000
-0.239000
0.037000
0.327000
0.176000
-0.010000
-0.032000
0.098000
0.066000
-0.076000
-0.322000
-0.762000
-0.259000
0.178000
-0.452000
-0.388000
0.483000
0.447000
0.027000
-0.132000
-0.100000
0.012000
0.171000
0.071000
-0.271000
0.037000
0.281000
0.215000
0.198000
0.120000
-0.161000
-0.449000
-0.439000
-0.449000
-0.286000
0.054000
0.071000
-0.315000
-0.085000
0.220000
-0.288000
-0.552000
-0.105000
0.222000
0.312000
-0.012000
-0.254000
0.386000
0.435000
0.120000
-0.056000
0.520000
0.437000
-0.388000
-0.427000
-0.513000
-0.303000
0.286000
-0.017000
-0.198000
0.210000
0.459000
-0.125000
-1.355000
-0.906000
0.710000
0.559000
-0.520000
-0.723000
1.074000
1.199000
0.171000
-0.542000
-0.515000
0.137000
0.432000
-0.874000
-0.808000
0.298000
0.591000
0.337000
0.051000
0.427000
0.200000
0.029000
-0.059000
-0.227000
-0.447000
-0.117000
0.144000
0.239000
-0.173000
0.115000
0.186000
0.112000
0.022000
-0.017000
-0.520000
-0.549000
0.125000
-0.168000
-0.227000
0.371000
0.532000
0.015000
-0.081000
0.083000
0.073000
-0.171000
0.078000
-0.134000
-0.049000
0.403000
0.317000
0.142000
0.308000
0.164000
-0.061000
-0.164000
-0.146000
-0.283000
-0.405000
-0.027000
-0.190000
-0.271000
0.112000
0.098000
-0.010000
-0.386000
0.024000
0.398000
0.183000
-0.247000
0.012000
0.144000
0.366000
-0.027000
0.420000
0.571000
0.132000
-0.642000
-0.669000
-0.029000
0.337000
0.200000
0.034000
-0.061000
0.054000
0.569000
-1.528000
-1.946000
0.808000
0.007000
0.037000
-0.806000
-0.356000
0.774000
0.825000
0.046000
-0.530000
0.427000
1.025000
0.151000
-1.216000
-1.055000
0.247000
0.496000
0.110000
0.144000
0.427000
0.334000
-0.042000
-0.183000
-0.674000
-0.339000
0.095000
0.010000
0.066000
0.139000
-0.007000
0.149000
0.237000
0.273000
-0.129000
-0.400000
-0.251000
0.298000
-0.232000
-0.386000
0.444000
0.444000
0.112000
-0.112000
-0.266000
0.027000
-0.005000
-0.144000
-0.266000
-0.171000
0.227000
0.229000
0.405000
0.481000
0.259000
-0.103000
-0.225000
-0.349000
-0.325000
-0.146000
0.117000
-0.251000
-0.337000
0.139000
0.269000
-0.054000
-0.391000
-0.120000
0.269000
0.127000
-0.215000
-0.186000
0.332000
0.742000
0.215000
0.330000
0.745000
0.161000
-0.400000
-0.698000
-0.029000
0.071000
0.188000
-0.146000
-0.166000
0.134000
0.781000
0.010000
-1.589000
-1.436000
0.166000
0.422000
-0.657000
-0.576000
1.462000
1.355000
0.291000
-0.447000
0.022000
0.701000
0.383000
-0.840000
-0.925000
0.310000
0.244000
0.073000
0.137000
0.288000
0.190000
-0.132000
-0.188000
-0.559000
-0.256000
-0.088000
0.029000
0.164000
0.139000
0.073000
0.159000
0.181000
0.149000
0.022000
-0.320000
-0.488000
0.159000
-0.259000
-0.320000
0.344000
0.439000
-0.137000
-0.330000
0.237000
0.217000
-0.208000
-0.010000
0.010000
0.330000
0.674000
0.154000
0.112000
0.461000
0.322000
-0.105000
-0.649000
-0.264000
-0.083000
-0.061000
-0.066000
-0.220000
-0.205000
0.105000
0.251000
-0.125000
-0.635000
-0.137000
0.540000
0.493000
-0.088000
-0.100000
0.396000
0.286000
0.366000
0.244000
0.588000
0.403000
-0.259000
-0.515000
-0.552000
-0.454000
0.159000
-0.098000
-0.564000
0.107000
0.833000
0.413000
-0.139000
-1.306000
0.371000
0.803000
-0.164000
-0.303000
0.786000
1.296000
0.532000
-0.312000
-0.703000
0.112000
0.217000
-0.757000
-0.857000
0.405000
0.630000
0.188000
-0.205000
0.549000
0.361000
-0.017000
-0.359000
-0.081000
-0.334000
-0.378000
0.115000
0.354000
0.127000
0.144000
0.042000
-0.032000
0.156000
0.017000
-0.513000
-0.586000
-0.127000
-0.005000
-0.339000
0.078000
0.542000
0.327000
-0.234000
0.061000
0.159000
-0.139000
-0.024000
-0.044000
0.134000
0.132000
0.051000
0.237000
0.461000
0.288000
-0.376000
-0.845000
-0.173000
-0.222000
-0.354000
-0.176000
-0.139000
-0.254000
-0.244000
0.312000
0.090000
-0.413000
-0.039000
0.291000
0.264000
0.029000
-0.071000
0.320000
0.479000
0.217000
-0.154000
0.239000
0.452000
-0.063000
-0.676000
-0.627000
-0.071000
0.269000
0.234000
-0.142000
0.220000
0.635000
0.139000
-0.554000
-1.665000
0.190000
0.496000
-0.520000
-0.425000
1.162000
1.206000
0.344000
-0.374000
-0.586000
0.190000
0.662000
-0.542000
-1.023000
-0.056000
0.344000
-0.044000
0.127000
0.376000
0.417000
0.376000
-0.166000
-0.298000
-0.347000
-0.168000
0.095000
0.000000
0.002000
-0.088000
-0.042000
0.249000
0.449000
-0.156000
-0.513000
-0.203000
0.037000
-0.315000
-0.210000
0.264000
0.818000
0.518000
-0.046000
-0.249000
-0.117000
0.149000
0.232000
-0.027000
-0.261000
0.178000
0.244000
0.205000
0.266000
0.286000
0.137000
-0.115000
-0.359000
-0.437000
-0.405000
0.117000
0.010000
-0.171000
0.232000
0.254000
0.029000
-0.227000
0.027000
0.093000
0.000000
-0.186000
0.068000
0.115000
0.181000
0.076000
0.269000
0.537000
0.051000
-0.740000
-0.972000
-0.085000
0.300000
0.183000
0.120000
0.288000
0.281000
0.647000
-0.876000
-2.854000
-0.256000
0.479000
0.093000
-0.967000
-0.447000
0.833000
1.169000
-0.107000
-0.388000
0.417000
0.850000
0.181000
-1.218000
-0.906000
0.464000
0.439000
-0.042000
0.098000
0.608000
0.383000
-0.081000
-0.417000
-0.386000
-0.261000
-0.139000
-0.085000
0.239000
0.305000
0.288000
-0.090000
-0.090000
0.273000
0.149000
-0.222000
-0.208000
0.063000
-0.249000
-0.271000
0.305000
0.549000
0.198000
-0.215000
-0.364000
-0.039000
-0.151000
0.010000
-0.115000
0.083000
0.242000
0.242000
0.491000
0.476000
0.205000
-0.383000
-0.291000
0.037000
-0.188000
-0.457000
-0.017000
-0.251000
-0.405000
-0.022000
0.259000
-0.139000
-0.525000
-0.076000
0.276000
0.366000
-0.083000
0.210000
0.261000
0.315000
-0.015000
0.273000
0.591000
0.178000
-0.415000
-0.715000
-0.225000
0.261000
-0.100000
-0.273000
-0.247000
0.007000
0.608000
0.103000
-0.203000
-1.770000
0.405000
0.486000
-0.557000
-0.054000
1.460000
1.028000
0.056000
-0.779000
-0.186000
0.662000
0.098000
-1.123000
-1.323000
0.471000
0.779000
-0.122000
-0.007000
0.403000
0.334000
0.029000
-0.261000
-0.747000
-0.212000
0.354000
0.210000
-0.132000
-0.168000
-0.032000
0.320000
0.127000
-0.110000
-0.237000
-0.129000
-0.090000
-0.049000
-0.171000
-0.078000
0.552000
0.371000
-0.188000
-0.105000
0.122000
0.208000
-0.024000
-0.181000
0.144000
0.320000
0.315000
0.190000
0.256000
0.308000
-0.139000
-0.540000
-0.464000
-0.400000
-0.266000
-0.054000
-0.029000
-0.242000
-0.247000
0.295000
0.154000
-0.525000
-0.376000
-0.115000
0.032000
-0.117000
-0.190000
0.059000
0.310000
0.537000
0.120000
0.032000
0.186000
0.032000
-0.530000
-0.715000
-0.454000
-0.056000
-0.073000
-0.071000
-0.105000
0.144000
0.493000
-1.892000
-1.392000
1.794000
0.872000
-0.430000
-1.079000
-0.093000
0.662000
1.091000
-0.020000
-1.338000
-0.100000
0.503000
-0.142000
-1.052000
-0.588000
0.391000
0.659000
-0.029000
-0.054000
0.269000
0.210000
-0.005000
-0.127000
-0.605000
-0.320000
0.288000
0.176000
-0.042000
-0.266000
-0.066000
0.225000
0.115000
-0.010000
-0.474000
-0.488000
-0.308000
0.166000
-0.442000
-0.371000
0.435000
0.564000
0.186000
0.129000
-0.164000
-0.056000
-0.154000
-0.068000
0.046000
0.210000
0.356000
0.042000
0.183000
0.173000
-0.061000
-0.344000
-0.186000
-0.400000
-0.447000
-0.283000
0.095000
-0.166000
-0.254000
0.276000
0.405000
-0.095000
-0.374000
-0.056000
0.347000
0.220000
-0.374000
-0.024000
0.422000
0.669000
0.344000
0.122000
0.271000
0.125000
-0.356000
-0.762000
-0.427000
-0.103000
0.137000
0.120000
-0.105000
0.332000
0.955000
-0.798000
-1.169000
1.189000
0.237000
-0.342000
-0.757000
-0.322000
0.303000
0.515000
0.068000
-0.298000
-0.017000
0.471000
-0.034000
-0.823000
-0.684000
-0.022000
0.220000
0.010000
0.205000
0.288000
0.151000
-0.010000
0.078000
-0.171000
-0.420000
-0.581000
0.024000
0.325000
0.071000
-0.044000
0.178000
0.454000
0.146000
-0.330000
-0.447000
-0.166000
0.220000
-0.200000
-0.317000
0.276000
0.483000
0.251000
-0.098000
-0.168000
0.032000
-0.107000
-0.073000
-0.059000
-0.171000
0.120000
0.239000
0.264000
0.264000
-0.007000
-0.068000
-0.208000
-0.251000
-0.374000
-0.278000
-0.112000
-0.178000
-0.217000
0.208000
0.142000
-0.261000
-0.088000
-0.024000
-0.015000
-0.059000
-0.068000
0.085000
0.090000
0.178000
0.007000
0.376000
0.493000
-0.063000
-0.376000
-0.398000
-0.029000
-0.027000
-0.330000
-0.112000
0.303000
0.422000
0.122000
0.564000
0.205000
0.720000
0.813000
-0.242000
-0.620000
0.398000
1.296000
0.996000
-0.088000
-0.745000
0.571000
0.669000
-0.527000
-1.128000
0.205000
0.940000
0.095000
-0.725000
0.198000
0.737000
0.327000
-0.459000
-0.486000
-0.227000
0.176000
0.156000
-0.251000
-0.244000
0.088000
0.251000
0.093000
0.100000
0.137000
-0.198000
-0.425000
-0.115000
0.015000
0.000000
0.364000
0.454000
0.186000
-0.356000
0.205000
0.229000
0.037000
0.010000
-0.334000
0.171000
0.625000
0.295000
0.308000
0.491000
0.378000
-0.278000
-0.713000
-0.166000
-0.232000
-0.388000
-0.110000
-0.054000
-0.132000
0.205000
0.251000
-0.110000
-0.483000
0.046000
0.232000
0.088000
-0.151000
0.005000
0.603000
0.396000
0.388000
0.259000
0.647000
0.264000
-0.405000
-0.862000
-0.356000
-0.234000
-0.286000
0.105000
-0.054000
0.046000
0.469000
0.320000
0.459000
-0.491000
0.598000
0.979000
-0.222000
0.034000
0.969000
1.130000
0.308000
-0.955000
-0.769000
0.569000
0.381000
-0.916000
-1.011000
0.798000
0.940000
-0.110000
-0.442000
0.269000
0.276000
0.046000
0.061000
-0.303000
-0.146000
0.122000
-0.112000
-0.073000
0.200000
0.266000
0.317000
0.000000
0.051000
0.022000
-0.276000
-0.552000
-0.161000
-0.205000
-0.251000
0.515000
0.640000
-0.125000
-0.293000
0.422000
0.391000
-0.166000
-0.159000
0.073000
0.437000
0.386000
-0.144000
0.046000
0.481000
0.393000
-0.361000
-0.774000
-0.234000
-0.244000
-0.420000
-0.188000
-0.225000
-0.139000
0.208000
0.173000
-0.037000
-0.449000
-0.054000
0.667000
0.605000
-0.093000
-0.276000
0.339000
0.718000
0.308000
0.244000
0.457000
0.142000
-0.332000
-0.801000
-0.557000
-0.032000
0.225000
-0.017000
-0.378000
0.315000
0.854000
0.383000
-0.579000
-1.606000
0.078000
0.481000
-0.518000
-0.767000
0.703000
1.335000
0.222000
-0.310000
-0.417000
0.200000
0.098000
-0.798000
-1.023000
0.076000
0.200000
0.239000
0.129000
0.400000
0.291000
0.190000
0.188000
-0.142000
-0.476000
-0.696000
0.171000
0.588000
0.154000
-0.215000
-0.205000
0.137000
0.339000
-0.090000
-0.740000
-0.354000
0.193000
-0.098000
-0.588000
-0.005000
0.767000
0.557000
-0.093000
-0.115000
0.271000
0.217000
-0.049000
-0.339000
-0.125000
0.320000
0.259000
0.076000
0.129000
0.264000
-0.010000
-0.356000
-0.352000
-0.447000
-0.361000
-0.034000
0.059000
-0.181000
0.024000
0.364000
0.266000
-0.364000
-0.139000
0.339000
0.010000
-0.259000
-0.151000
0.149000
0.408000
0.330000
0.046000
0.259000
0.361000
-0.337000
-0.947000
-0.510000
-0.320000
0.115000
-0.046000
0.093000
0.469000
0.574000
0.012000
-1.680000
-1.289000
0.574000
0.654000
-0.986000
-0.647000
1.211000
1.250000
-0.105000
-0.745000
-0.264000
0.701000
0.469000
-1.113000
-0.864000
0.366000
0.608000
-0.098000
-0.156000
0.427000
0.308000
-0.098000
-0.417000
-0.210000
-0.295000
-0.359000
-0.090000
0.049000
0.120000
0.232000
0.186000
0.020000
0.105000
-0.005000
-0.488000
-0.442000
0.154000
-0.171000
-0.288000
0.310000
0.720000
0.188000
-0.349000
-0.144000
0.081000
0.015000
-0.127000
-0.430000
-0.027000
0.618000
0.054000
0.078000
0.574000
0.530000
-0.029000
-0.298000
-0.383000
-0.378000
-0.205000
-0.186000
-0.349000
-0.361000
0.371000
0.232000
-0.305000
-0.361000
0.115000
0.244000
0.117000
-0.112000
0.139000
0.359000
0.374000
0.051000
0.242000
0.496000
-0.081000
-0.671000
-0.684000
0.193000
-0.103000
-0.505000
-0.527000
-0.037000
0.894000
0.781000
-1.870000
-1.094000
1.414000
1.130000
-0.706000
-1.514000
-0.208000
0.898000
1.047000
-0.071000
-0.681000
0.366000
0.886000
-0.217000
-1.384000
-0.649000
0.649000
0.298000
-0.461000
-0.032000
0.530000
0.403000
-0.227000
-0.349000
-0.393000
0.081000
0.344000
-0.090000
-0.269000
0.107000
0.129000
0.137000
0.188000
0.095000
-0.186000
-0.364000
-0.251000
-0.203000
-0.232000
-0.076000
0.498000
0.342000
-0.422000
-0.161000
0.083000
0.359000
0.002000
-0.408000
-0.088000
0.381000
0.410000
0.132000
0.154000
0.347000
-0.273000
-0.640000
-0.369000
-0.339000
-0.391000
-0.198000
-0.105000
-0.237000
-0.090000
0.374000
0.188000
-0.430000
-0.278000
-0.015000
0.110000
0.012000
-0.039000
0.190000
0.439000
0.562000
0.269000
0.129000
-0.015000
-0.242000
-0.342000
-0.608000
-0.361000
0.066000
0.132000
-0.227000
0.217000
0.552000
-0.061000
-0.044000
0.645000
1.111000
1.479000
-0.596000
-0.750000
0.220000
0.706000
0.315000
-0.095000
-0.940000
0.132000
0.420000
-0.593000
-0.972000
0.063000
0.767000
-0.139000
-0.298000
0.286000
0.615000
0.342000
-0.049000
-0.098000
-0.435000
-0.085000
0.134000
0.129000
0.134000
0.229000
0.127000
0.059000
0.083000
0.049000
-0.549000
-0.537000
-0.046000
-0.269000
-0.554000
0.264000
0.405000
0.049000
-0.100000
-0.002000
0.298000
0.071000
-0.061000
-0.259000
0.117000
0.457000
0.103000
0.110000
0.469000
0.151000
-0.125000
-0.461000
-0.198000
-0.312000
-0.432000
-0.190000
-0.149000
-0.161000
0.151000
0.186000
0.029000
-0.344000
-0.022000
0.476000
0.344000
-0.161000
-0.281000
0.190000
0.547000
0.400000
0.308000
0.369000
0.195000
-0.493000
-0.806000
-0.244000
0.007000
0.000000
0.046000
-0.215000
0.400000
0.774000
-0.762000
-1.958000
0.002000
0.549000
0.046000
-0.923000
-0.352000
0.613000
1.123000
0.449000
-0.435000
-0.054000
0.481000
0.256000
-0.964000
-0.762000
0.181000
0.215000
0.212000
0.103000
0.400000
0.251000
0.188000
0.054000
-0.093000
-0.540000
-0.393000
-0.090000
0.105000
0.105000
-0.154000
-0.100000
0.298000
0.342000
-0.193000
-0.417000
-0.183000
0.222000
-0.200000
-0.415000
0.095000
0.718000
0.640000
-0.039000
-0.369000
-0.112000
0.295000
0.217000
-0.371000
-0.232000
0.107000
0.154000
0.349000
0.234000
0.181000
-0.054000
-0.046000
-0.247000
-0.435000
-0.386000
-0.093000
-0.044000
-0.073000
-0.078000
0.244000
0.195000
-0.498000
-0.195000
0.229000
0.044000
-0.129000
0.125000
0.239000
0.193000
0.251000
0.459000
0.684000
0.161000
-0.581000
-0.771000
-0.249000
-0.117000
-0.046000
0.173000
0.203000
0.300000
0.662000
-0.728000
-1.450000
0.007000
0.420000
0.112000
-0.937000
-0.435000
0.740000
0.950000
0.002000
-0.496000
0.120000
0.815000
0.361000
-1.150000
-0.620000
0.625000
0.483000
-0.100000
-0.029000
0.520000
0.322000
-0.161000
-0.188000
-0.151000
-0.435000
-0.166000
-0.032000
0.176000
0.232000
0.220000
0.034000
-0.076000
0.129000
0.210000
-0.447000
-0.522000
0.107000
-0.078000
-0.325000
0.190000
0.425000
0.083000
-0.139000
0.122000
0.193000
-0.090000
-0.010000
-0.315000
0.076000
0.483000
0.098000
0.122000
0.623000
0.417000
-0.278000
-0.471000
0.039000
0.027000
-0.354000
-0.237000
-0.151000
-0.168000
-0.010000
0.237000
-0.144000
-0.662000
-0.339000
0.225000
0.344000
0.024000
0.059000
0.322000
0.122000
0.239000
0.381000
0.598000
0.200000
-0.256000
-0.464000
-0.295000
-0.391000
-0.042000
0.002000
-0.298000
0.176000
0.798000
0.198000
0.056000
-0.452000
0.239000
0.488000
-0.115000
-0.037000
0.479000
1.003000
0.369000
-0.505000
-0.881000
0.093000
0.312000
-0.442000
-0.518000
0.476000
0.459000
-0.156000
-0.632000
0.391000
0.522000
-0.159000
-0.347000
-0.449000
-0.188000
-0.366000
0.085000
-0.042000
0.093000
0.396000
0.349000
-0.071000
0.146000
-0.208000
-0.354000
-0.457000
0.168000
-0.032000
-0.271000
0.112000
0.522000
0.457000
-0.286000
0.037000
0.217000
0.088000
0.100000
-0.078000
0.254000
0.576000
0.239000
0.034000
0.393000
0.107000
-0.320000
-0.667000
-0.190000
-0.437000
-0.359000
-0.173000
-0.234000
-0.261000
0.132000
0.149000
-0.085000
-0.354000
-0.049000
0.288000
0.342000
0.071000
-0.032000
0.151000
0.354000
0.137000
0.325000
0.588000
0.215000
-0.488000
-1.035000
-0.369000
0.317000
0.305000
-0.054000
-0.212000
0.239000
0.908000
0.078000
-1.577000
-1.118000
0.166000
0.320000
-0.779000
-0.669000
1.401000
1.470000
0.396000
-0.845000
0.105000
0.366000
0.059000
-1.523000
-0.977000
0.374000
0.740000
0.081000
-0.027000
0.447000
0.425000
0.239000
-0.452000
-0.498000
-0.320000
0.349000
0.188000
-0.090000
-0.110000
0.286000
0.017000
0.229000
0.125000
-0.405000
-0.588000
-0.149000
0.051000
-0.537000
0.342000
0.786000
0.244000
-0.259000
0.190000
0.393000
0.000000
-0.125000
-0.334000
0.203000
0.535000
0.088000
-0.154000
0.410000
0.535000
0.090000
-0.391000
-0.405000
-0.327000
-0.068000
0.137000
-0.115000
-0.212000
0.479000
0.437000
-0.249000
-0.200000
0.027000
0.366000
0.142000
-0.254000
-0.208000
0.430000
0.591000
0.149000
0.303000
0.459000
-0.034000
0.015000
-0.283000
-0.369000
0.161000
0.066000
-0.198000
-0.110000
0.520000
0.396000
0.156000
-0.449000
0.840000
0.750000
-0.583000
-0.664000
0.334000
1.067000
0.398000
-0.479000
-0.715000
0.493000
0.769000
-0.667000
-1.060000
0.090000
0.464000
-0.112000
-0.183000
0.173000
0.569000
0.271000
0.320000
-0.347000
-0.361000
-0.134000
0.061000
-0.090000
-0.298000
-0.088000
0.178000
0.107000
0.083000
-0.178000
-0.281000
-0.098000
0.156000
-0.320000
-0.354000
0.662000
0.430000
-0.276000
-0.083000
0.220000
0.303000
0.066000
-0.525000
-0.276000
0.127000
0.012000
0.232000
0.396000
0.447000
-0.012000
-0.457000
-0.115000
-0.176000
-0.212000
-0.085000
-0.435000
-0.342000
-0.088000
0.388000
0.159000
-0.474000
-0.210000
0.222000
0.276000
0.005000
0.032000
-0.044000
0.278000
0.352000
0.251000
0.447000
0.466000
-0.115000
-0.466000
-0.325000
-0.076000
-0.088000
-0.066000
-0.044000
0.203000
0.496000
-0.818000
-1.492000
0.293000
0.022000
-0.496000
-1.294000
-0.398000
0.725000
0.789000
-0.083000
-0.454000
0.112000
0.625000
0.232000
-0.957000
-0.579000
-0.022000
0.420000
0.125000
0.078000
0.374000
0.151000
0.093000
-0.168000
-0.281000
-0.369000
-0.146000
-0.110000
0.117000
0.129000
0.037000
0.183000
0.283000
0.095000
-0.105000
-0.244000
-0.129000
0.168000
-0.232000
-0.310000
0.168000
0.671000
0.461000
-0.132000
-0.471000
-0.156000
0.071000
0.166000
-0.149000
-0.203000
0.134000
0.198000
0.300000
0.330000
0.078000
-0.269000
-0.366000
-0.452000
-0.439000
-0.071000
0.017000
-0.149000
-0.190000
0.129000
0.171000
-0.278000
-0.244000
-0.127000
0.012000
-0.142000
-0.071000
0.471000
0.303000
0.134000
0.061000
0.259000
0.491000
0.083000
-0.344000
-0.532000
-0.127000
0.068000
-0.122000
-0.093000
-0.032000
-0.056000
0.562000
-1.653000
-2.498000
0.557000
0.393000
-0.469000
-0.991000
-0.212000
1.138000
0.889000
-0.059000
-0.708000
0.105000
0.708000
-0.320000
-1.501000
-0.876000
0.586000
0.481000
-0.222000
-0.334000
0.342000
0.261000
-0.046000
-0.225000
-0.608000
-0.144000
0.254000
0.134000
-0.183000
-0.222000
0.078000
0.291000
0.071000
0.117000
-0.200000
-0.366000
-0.266000
-0.032000
-0.476000
-0.261000
0.439000
0.432000
-0.168000
-0.203000
-0.352000
0.020000
0.020000
-0.190000
-0.166000
-0.071000
0.229000
0.227000
0.034000
-0.068000
-0.190000
-0.364000
-0.474000
-0.361000
-0.366000
-0.222000
-0.015000
-0.178000
0.024000
0.603000
0.154000
-0.464000
-0.349000
0.183000
0.247000
0.068000
-0.186000
0.142000
0.251000
0.476000
0.281000
0.315000
-0.032000
-0.544000
-0.571000
-0.557000
-0.454000
-0.278000
0.005000
-0.095000
0.396000
0.593000
0.310000
-0.183000
1.035000
1.414000
1.333000
-0.659000
-0.723000
-0.103000
0.278000
0.349000
-0.413000
-0.991000
-0.083000
0.398000
-0.520000
-1.016000
-0.078000
0.786000
0.078000
-0.278000
0.322000
0.454000
0.173000
0.107000
-0.593000
-0.759000
-0.159000
0.303000
-0.051000
-0.352000
0.005000
0.374000
0.210000
0.222000
-0.186000
-0.415000
-0.166000
0.037000
-0.303000
-0.200000
0.557000
0.654000
0.090000
-0.049000
0.027000
0.276000
0.037000
-0.415000
-0.249000
-0.012000
0.332000
0.227000
0.283000
0.305000
-0.190000
-0.503000
-0.261000
-0.193000
-0.540000
-0.129000
-0.249000
-0.325000
-0.159000
0.669000
0.486000
-0.400000
-0.420000
0.151000
0.227000
0.098000
-0.010000
0.278000
0.217000
0.464000
0.212000
0.361000
0.427000
-0.200000
-0.442000
-0.527000
-0.227000
0.325000
0.110000
-0.312000
-0.005000
0.725000
0.676000
0.432000
-1.238000
-0.225000
0.515000
-0.552000
-0.613000
0.896000
1.101000
0.510000
-0.405000
-0.471000
0.547000
0.247000
-0.791000
-1.008000
0.259000
0.403000
0.010000
0.178000
0.513000
0.278000
0.164000
0.022000
-0.422000
-0.505000
-0.122000
0.073000
0.312000
-0.002000
-0.193000
0.222000
0.400000
0.449000
-0.339000
-0.378000
-0.181000
0.247000
-0.476000
-0.388000
0.388000
0.513000
0.227000
-0.078000
-0.222000
0.076000
0.051000
-0.151000
-0.100000
-0.012000
0.374000
0.083000
0.178000
0.093000
0.020000
-0.239000
-0.203000
-0.037000
-0.168000
-0.012000
0.039000
-0.103000
0.054000
0.447000
0.403000
-0.120000
-0.408000
-0.022000
0.386000
0.103000
-0.068000
0.115000
0.527000
0.391000
0.264000
0.120000
0.383000
0.151000
-0.212000
-0.444000
-0.315000
-0.005000
0.190000
0.063000
-0.032000
0.518000
0.505000
0.032000
0.205000
0.657000
1.396000
-0.010000
-0.991000
-0.283000
0.706000
0.991000
0.027000
-0.977000
0.112000
0.325000
-0.322000
-0.657000
0.037000
0.454000
0.269000
-0.293000
0.413000
0.479000
-0.090000
-0.376000
-0.344000
-0.203000
-0.134000
-0.046000
0.122000
0.159000
0.151000
0.027000
0.200000
0.195000
-0.132000
-0.105000
-0.547000
-0.103000
0.291000
-0.203000
-0.168000
0.354000
0.447000
-0.049000
-0.085000
-0.205000
0.085000
0.173000
-0.308000
-0.295000
0.391000
0.608000
0.234000
0.142000
0.061000
0.044000
-0.376000
-0.151000
-0.259000
-0.273000
-0.120000
0.085000
-0.261000
0.098000
0.425000
-0.127000
-0.503000
-0.110000
0.339000
0.129000
0.015000
0.098000
0.432000
0.239000
0.051000
0.388000
0.645000
0.049000
-0.518000
-0.488000
-0.374000
-0.305000
-0.098000
0.071000
-0.205000
0.168000
0.371000
0.266000
-1.235000
-1.606000
0.161000
0.071000
-0.762000
-0.620000
1.326000
1.401000
0.322000
-0.530000
-0.339000
0.295000
0.259000
-1.230000
-1.128000
0.547000
0.732000
-0.042000
-0.166000
0.315000
0.422000
-0.090000
-0.396000
-0.359000
-0.037000
-0.120000
-0.173000
-0.017000
0.056000
0.239000
0.137000
-0.010000
0.203000
-0.098000
-0.579000
-0.437000
0.137000
-0.137000
-0.264000
0.269000
0.554000
0.247000
0.034000
-0.178000
0.098000
0.134000
0.303000
-0.449000
-0.232000
0.483000
0.271000
0.098000
0.271000
0.420000
-0.024000
-0.146000
-0.447000
-0.564000
-0.493000
0.061000
-0.247000
-0.459000
0.193000
0.374000
-0.005000
-0.549000
0.110000
0.530000
0.237000
-0.330000
-0.229000
0.066000
0.522000
0.083000
0.237000
0.435000
-0.039000
-0.603000
-0.779000
0.076000
0.225000
0.115000
-0.359000
0.212000
0.945000
1.060000
-0.796000
-2.134000
-0.251000
0.242000
-0.425000
-1.123000
-0.115000
1.582000
1.084000
-0.168000
-0.366000
0.312000
0.994000
-0.222000
-1.428000
-0.381000
0.439000
0.088000
-0.176000
0.518000
0.830000
0.146000
-0.046000
-0.190000
-0.269000
-0.107000
0.115000
-0.078000
-0.237000
0.190000
0.156000
-0.002000
0.295000
0.435000
-0.283000
-0.686000
-0.159000
-0.073000
-0.061000
0.371000
0.173000
-0.122000
0.005000
0.483000
0.298000
-0.139000
-0.254000
-0.491000
0.051000
0.459000
0.098000
0.010000
0.332000
0.559000
-0.208000
-0.850000
-0.061000
-0.127000
-0.422000
-0.168000
-0.312000
-0.227000
0.176000
0.435000
0.178000
-0.452000
-0.181000
0.461000
0.300000
-0.298000
-0.505000
0.012000
0.410000
0.122000
0.269000
0.547000
-0.007000
-0.259000
-0.559000
-0.657000
-0.115000
0.208000
-0.066000
-0.420000
0.369000
0.979000
0.444000
-0.771000
-1.638000
0.000000
0.315000
-0.676000
-0.803000
0.833000
1.440000
0.559000
-0.349000
-0.356000
0.369000
0.027000
-0.872000
-0.771000
0.178000
0.193000
-0.063000
0.234000
0.308000
0.176000
-0.032000
-0.151000
-0.479000
-0.598000
-0.120000
0.122000
0.168000
-0.159000
-0.225000
0.364000
0.288000
0.139000
-0.361000
-0.247000
-0.002000
0.408000
-0.474000
-0.466000
0.508000
0.723000
0.046000
-0.142000
-0.156000
0.054000
-0.029000
-0.198000
-0.203000
0.088000
0.442000
0.183000
-0.046000
0.164000
0.137000
-0.171000
-0.305000
-0.342000
-0.349000
-0.037000
-0.027000
-0.144000
-0.198000
0.229000
0.063000
-0.505000
-0.374000
-0.022000
0.149000
-0.059000
-0.095000
0.125000
0.010000
0.042000
0.261000
0.347000
0.437000
-0.049000
-0.042000
-0.386000
-0.212000
-0.190000
-0.183000
-0.010000
-0.056000
0.364000
0.149000
-0.334000
-0.881000
1.272000
0.598000
-0.359000
-0.867000
0.249000
1.169000
0.723000
-0.295000
-0.637000
0.190000
0.325000
-0.920000
-0.933000
0.334000
0.664000
0.171000
-0.439000
0.142000
0.354000
-0.066000
-0.291000
-0.298000
-0.457000
-0.005000
-0.173000
0.132000
0.129000
0.181000
0.034000
0.195000
0.239000
-0.171000
-0.156000
-0.474000
-0.249000
-0.020000
-0.044000
-0.027000
0.508000
0.286000
-0.186000
-0.115000
-0.159000
0.095000
0.203000
-0.083000
-0.325000
0.112000
0.251000
0.271000
0.056000
-0.029000
-0.125000
-0.396000
-0.322000
-0.337000
-0.291000
0.085000
0.071000
-0.381000
0.137000
0.457000
0.195000
-0.581000
-0.317000
0.234000
0.396000
0.061000
0.005000
0.212000
0.381000
0.566000
0.205000
0.325000
0.073000
-0.220000
-0.378000
-0.344000
-0.442000
-0.002000
-0.098000
-0.437000
0.322000
0.671000
0.610000
0.278000
0.735000
0.901000
1.570000
0.098000
-0.562000
-0.181000
0.703000
0.459000
-0.430000
-1.011000
0.112000
0.518000
-0.667000
-1.067000
0.254000
0.825000
-0.015000
-0.396000
0.425000
0.510000
0.151000
0.044000
-0.222000
-0.410000
-0.129000
0.022000
0.178000
0.132000
0.259000
0.132000
0.203000
0.244000
0.015000
-0.388000
-0.615000
0.085000
0.007000
-0.417000
0.229000
0.544000
0.237000
-0.051000
0.139000
0.281000
-0.015000
0.225000
-0.391000
-0.112000
0.422000
0.173000
0.154000
0.234000
0.176000
-0.095000
-0.171000
-0.105000
-0.613000
-0.474000
0.015000
-0.293000
-0.430000
0.085000
0.422000
-0.020000
-0.461000
-0.120000
0.474000
0.398000
-0.227000
-0.427000
-0.046000
0.469000
0.391000
0.432000
0.276000
0.002000
-0.378000
-0.605000
-0.312000
0.078000
-0.037000
-0.308000
-0.203000
0.134000
1.067000
0.393000
-0.259000
-0.845000
0.405000
0.354000
-0.649000
-0.540000
0.986000
1.211000
0.339000
-0.576000
-0.122000
0.383000
-0.078000
-1.055000
-0.652000
0.532000
0.637000
-0.012000
-0.002000
0.471000
0.410000
0.051000
-0.044000
-0.466000
-0.308000
-0.146000
-0.022000
-0.105000
-0.095000
-0.229000
0.288000
0.366000
0.066000
-0.391000
-0.303000
-0.161000
-0.002000
0.066000
-0.073000
0.544000
0.508000
0.178000
-0.005000
-0.015000
0.183000
0.115000
-0.300000
-0.115000
0.254000
0.183000
0.146000
0.164000
0.266000
-0.205000
-0.576000
-0.459000
-0.237000
-0.264000
-0.276000
-0.208000
0.195000
0.222000
0.532000
0.020000
-0.635000
-0.090000
0.161000
0.000000
-0.193000
-0.049000
0.383000
0.459000
0.125000
-0.066000
0.325000
0.322000
-0.107000
-0.559000
-0.474000
-0.242000
0.110000
0.066000
0.110000
0.310000
0.320000
0.469000
0.068000
-0.107000
0.789000
0.774000
-0.371000
-0.771000
0.061000
0.908000
0.894000
-0.273000
-1.067000
0.010000
0.276000
-0.439000
-0.576000
0.237000
0.447000
0.176000
-0.293000
0.430000
0.576000
0.022000
-0.271000
-0.393000
0.020000
-0.298000
-0.220000
0.071000
0.149000
-0.027000
-0.178000
-0.083000
0.071000
0.005000
-0.051000
-0.518000
-0.208000
0.293000
-0.166000
-0.298000
0.356000
0.452000
0.093000
-0.259000
-0.251000
0.044000
0.105000
-0.073000
-0.510000
0.010000
0.359000
0.198000
0.054000
0.063000
0.090000
-0.227000
-0.312000
-0.464000
-0.105000
0.154000
0.090000
-0.354000
-0.322000
0.161000
-0.071000
-0.503000
-0.305000
-0.054000
0.232000
0.176000
-0.005000
0.195000
0.107000
0.151000
-0.107000
0.405000
0.571000
0.022000
-0.161000
-0.337000
0.044000
0.161000
-0.168000
-0.188000
-0.042000
0.066000
0.200000
-0.303000
-0.916000
0.400000
0.696000
-0.293000
-0.750000
0.847000
1.550000
0.471000
-0.371000
-0.500000
0.400000
0.679000
-0.645000
-1.091000
0.156000
0.630000
0.029000
-0.554000
0.129000
0.464000
0.103000
-0.232000
-0.271000
-0.154000
-0.181000
0.010000
-0.017000
0.056000
0.083000
0.146000
-0.010000
0.073000
-0.203000
-0.137000
-0.242000
0.063000
0.005000
-0.315000
-0.291000
0.549000
0.400000
-0.151000
-0.168000
-0.081000
0.227000
0.125000
-0.383000
-0.229000
0.337000
0.239000
0.071000
0.020000
0.381000
0.120000
-0.386000
-0.437000
-0.388000
-0.388000
0.049000
-0.164000
-0.259000
-0.056000
0.449000
0.308000
-0.344000
-0.244000
-0.010000
0.232000
0.215000
0.029000
0.254000
0.471000
0.442000
0.232000
0.312000
0.291000
-0.251000
-0.500000
-0.332000
-0.605000
-0.195000
-0.171000
-0.154000
0.217000
0.635000
0.173000
0.264000
0.325000
0.574000
0.957000
-0.547000
-0.549000
0.259000
0.793000
0.334000
-0.481000
-1.030000
0.051000
0.569000
-0.454000
-0.876000
0.237000
0.393000
0.061000
-0.444000
0.327000
0.461000
0.110000
0.127000
-0.190000
-0.178000
-0.212000
0.024000
-0.281000
0.005000
0.237000
0.308000
-0.093000
0.088000
-0.112000
-0.386000
-0.330000
0.010000
-0.134000
-0.334000
0.122000
0.632000
0.449000
-0.278000
0.156000
0.322000
0.017000
0.205000
-0.398000
-0.146000
0.479000
0.330000
0.015000
0.322000
0.254000
-0.120000
-0.532000
-0.168000
-0.376000
-0.327000
-0.076000
-0.110000
-0.383000
0.112000
0.474000
0.005000
-0.452000
0.039000
0.540000
0.225000
-0.059000
-0.046000
0.137000
0.291000
0.234000
0.071000
0.371000
0.410000
-0.425000
-0.754000
-0.198000
0.095000
-0.002000
0.342000
-0.134000
0.083000
0.601000
0.518000
0.002000
-1.135000
0.693000
0.544000
-0.476000
-0.410000
1.123000
1.111000
0.173000
-0.525000
-0.310000
0.601000
0.247000
-0.964000
-0.876000
0.657000
0.522000
-0.176000
-0.027000
0.642000
0.522000
0.120000
-0.283000
-0.569000
-0.476000
0.071000
0.054000
0.173000
0.156000
0.042000
0.027000
0.188000
0.222000
-0.010000
-0.503000
-0.332000
0.342000
-0.422000
-0.076000
0.579000
0.476000
-0.044000
-0.020000
0.027000
-0.085000
-0.181000
-0.198000
-0.059000
0.183000
0.627000
0.110000
0.146000
0.273000
0.144000
-0.317000
-0.183000
-0.322000
-0.188000
-0.110000
-0.110000
-0.210000
-0.042000
0.349000
0.110000
-0.159000
-0.349000
0.083000
0.359000
0.088000
-0.286000
0.010000
0.347000
0.588000
-0.203000
-0.105000
0.613000
0.049000
-0.442000
-0.688000
0.063000
0.181000
0.027000
-0.068000
0.110000
0.601000
0.850000
-1.460000
-0.950000
1.331000
0.417000
-0.469000
-1.150000
-0.232000
0.789000
0.496000
-0.408000
-0.801000
0.278000
0.579000
-0.344000
-1.123000
-0.491000
0.730000
0.496000
-0.405000
-0.112000
0.317000
0.139000
-0.305000
-0.210000
-0.178000
-0.298000
0.073000
0.032000
0.186000
0.024000
0.103000
-0.046000
-0.112000
0.076000
0.134000
-0.359000
-0.432000
0.076000
-0.046000
-0.339000
0.530000
0.454000
-0.300000
-0.046000
0.034000
0.176000
-0.371000
-0.388000
-0.159000
0.388000
0.217000
-0.032000
-0.015000
0.264000
0.010000
-0.520000
-0.449000
-0.425000
-0.115000
-0.044000
0.132000
-0.144000
-0.093000
0.364000
0.210000
-0.457000
-0.457000
-0.088000
0.237000
0.090000
-0.073000
0.146000
0.371000
0.654000
0.083000
-0.015000
0.210000
0.349000
-0.337000
-0.801000
-0.398000
0.176000
0.251000
-0.078000
0.239000
0.344000
0.203000
0.222000
-0.918000
0.288000
0.728000
-0.273000
-0.544000
0.420000
1.040000
0.688000
-0.439000
-0.706000
0.264000
0.635000
-0.635000
-0.989000
0.022000
0.681000
-0.137000
-0.234000
0.410000
0.398000
0.149000
-0.256000
-0.137000
-0.442000
-0.261000
0.039000
0.012000
-0.012000
0.225000
0.117000
0.132000
0.364000
-0.032000
-0.417000
-0.305000
0.034000
-0.220000
-0.398000
-0.134000
0.518000
0.352000
-0.010000
-0.283000
-0.161000
0.005000
0.378000
-0.068000
-0.459000
0.059000
0.415000
0.459000
0.266000
-0.017000
0.046000
-0.168000
-0.544000
-0.537000
-0.486000
0.090000
-0.122000
-0.334000
0.105000
0.261000
-0.027000
-0.156000
0.142000
0.127000
0.000000
-0.012000
0.249000
0.132000
0.244000
0.000000
0.295000
0.334000
-0.146000
-0.874000
-0.686000
0.103000
0.176000
-0.034000
-0.178000
0.232000
0.359000
0.691000
-1.973000
-3.101000
0.906000
0.764000
0.186000
-0.815000
-0.525000
0.576000
1.096000
-0.237000
-0.818000
0.239000
0.908000
0.105000
-1.370000
-0.798000
0.303000
0.466000
0.061000
-0.100000
0.378000
0.369000
-0.232000
-0.471000
-0.200000
-0.139000
-0.071000
-0.007000
0.305000
0.300000
0.122000
0.068000
-0.054000
0.054000
-0.078000
-0.432000
-0.315000
0.049000
-0.022000
-0.210000
0.452000
0.488000
0.103000
-0.151000
-0.132000
0.022000
-0.066000
-0.051000
-0.164000
-0.049000
0.471000
0.347000
0.212000
0.229000
0.032000
-0.312000
-0.364000
-0.178000
-0.347000
-0.212000
0.115000
-0.178000
-0.164000
0.249000
0.286000
-0.251000
-0.483000
0.000000
0.344000
0.286000
0.042000
0.212000
0.332000
0.237000
-0.076000
0.090000
0.444000
0.171000
-0.320000
-0.674000
-0.083000
0.254000
-0.156000
-0.205000
-0.144000
0.186000
0.774000
0.190000
-0.154000
-1.865000
-0.042000
0.864000
-0.623000
-0.344000
1.177000
1.116000
0.154000
-1.074000
-0.610000
0.576000
0.420000
-0.793000
-1.104000
0.515000
1.052000
0.024000
-0.215000
0.303000
0.413000
-0.042000
-0.525000
-0.613000
-0.391000
-0.024000
0.105000
0.005000
-0.073000
0.090000
0.095000
0.042000
0.200000
0.120000
-0.337000
-0.317000
0.259000
-0.095000
-0.195000
0.522000
0.491000
0.017000
-0.032000
-0.374000
-0.186000
-0.195000
-0.051000
0.037000
-0.107000
0.356000
0.310000
0.374000
0.366000
0.225000
-0.190000
-0.244000
-0.330000
-0.364000
-0.137000
0.168000
-0.317000
-0.520000
0.073000
0.166000
-0.266000
-0.364000
-0.039000
0.361000
0.132000
-0.098000
-0.071000
0.408000
0.552000
0.208000
0.271000
0.378000
-0.029000
-0.486000
-0.645000
-0.186000
-0.037000
-0.159000
0.088000
0.103000
0.371000
0.730000
-1.663000
-1.882000
1.394000
0.361000
-0.515000
-1.289000
-0.286000
0.459000
1.206000
0.352000
-0.801000
0.127000
0.811000
-0.015000
-1.096000
-0.493000
0.510000
0.520000
-0.020000
0.039000
0.383000
0.000000
-0.251000
-0.366000
-0.703000
-0.400000
-0.012000
0.034000
-0.151000
-0.083000
-0.054000
0.342000
0.164000
0.063000
-0.432000
-0.381000
-0.005000
0.242000
-0.520000
-0.366000
0.435000
0.547000
0.254000
0.020000
-0.342000
-0.042000
0.049000
-0.168000
-0.173000
-0.032000
0.352000
0.393000
0.430000
0.417000
0.049000
-0.271000
-0.251000
-0.293000
-0.239000
-0.183000
-0.173000
-0.327000
-0.112000
0.291000
0.305000
-0.171000
-0.483000
-0.168000
0.303000
0.120000
-0.178000
0.068000
0.481000
0.417000
0.132000
0.364000
0.510000
0.098000
-0.332000
-0.576000
-0.483000
-0.273000
-0.098000
-0.071000
-0.115000
0.139000
0.430000
-1.074000
-1.833000
0.410000
0.149000
0.024000
-0.808000
-0.295000
0.718000
1.204000
0.068000
-0.610000
-0.066000
0.652000
0.110000
-1.135000
-0.681000
0.232000
0.188000
-0.049000
-0.020000
0.444000
0.251000
-0.073000
-0.134000
0.059000
-0.222000
-0.107000
-0.103000
0.417000
0.232000
0.090000
-0.010000
0.042000
0.183000
-0.017000
-0.291000
-0.354000
-0.215000
-0.095000
-0.015000
0.234000
0.381000
0.303000
0.222000
-0.090000
-0.115000
0.029000
0.283000
-0.044000
-0.029000
0.054000
0.266000
0.415000
0.371000
0.098000
-0.295000
-0.364000
-0.339000
-0.212000
-0.298000
0.037000
0.046000
0.046000
0.251000
0.334000
-0.010000
-0.344000
0.120000
0.254000
0.056000
-0.032000
0.237000
0.408000
0.154000
0.310000
0.564000
0.564000
0.068000
-0.784000
-0.610000
-0.217000
-0.164000
-0.110000
0.034000
0.115000
0.525000
0.513000
0.334000
-0.728000
-1.516000
0.310000
0.295000
-0.635000
-0.608000
1.243000
1.184000
0.173000
-0.645000
-0.544000
0.381000
0.271000
-0.928000
-0.779000
0.383000
0.347000
-0.054000
-0.076000
0.745000
0.601000
0.039000
-0.422000
-0.281000
-0.220000
-0.166000
0.120000
0.051000
0.024000
0.293000
0.212000
-0.188000
0.029000
0.010000
-0.320000
-0.510000
0.129000
-0.129000
-0.322000
0.459000
0.603000
0.159000
-0.073000
0.042000
0.112000
-0.220000
-0.146000
-0.256000
-0.049000
0.542000
0.149000
0.110000
0.381000
0.437000
-0.012000
-0.208000
-0.127000
-0.266000
-0.300000
-0.042000
-0.200000
-0.105000
0.320000
0.259000
-0.222000
-0.439000
0.059000
0.396000
0.227000
-0.132000
0.037000
0.259000
0.359000
0.046000
0.354000
0.703000
0.081000
-0.623000
-0.610000
0.042000
0.205000
-0.244000
-0.459000
0.339000
0.850000
0.894000
-0.986000
-2.346000
-0.042000
0.376000
-0.259000
-1.067000
-0.305000
1.543000
1.016000
-0.090000
-0.437000
0.374000
0.925000
-0.046000
-1.089000
-0.391000
0.554000
0.366000
-0.212000
0.037000
0.508000
0.312000
0.071000
-0.378000
-0.408000
-0.256000
0.225000
0.015000
-0.161000
0.142000
0.215000
0.010000
-0.090000
0.164000
-0.234000
-0.327000
-0.151000
-0.039000
-0.195000
0.371000
0.601000
0.076000
-0.203000
0.164000
0.137000
0.078000
-0.283000
-0.496000
0.063000
0.400000
0.327000
0.161000
0.161000
0.347000
0.059000
-0.461000
-0.193000
-0.498000
-0.447000
0.029000
-0.188000
-0.518000
-0.259000
0.696000
0.483000
-0.632000
-0.481000
0.200000
0.322000
-0.059000
-0.327000
0.237000
0.615000
0.725000
0.171000
0.251000
0.583000
0.037000
-0.422000
-0.481000
-0.322000
0.310000
0.256000
-0.344000
0.093000
0.642000
0.474000
0.071000
-0.293000
0.640000
0.945000
-0.049000
-0.586000
-0.225000
0.576000
0.994000
-0.212000
-0.623000
-0.027000
0.579000
-0.537000
-1.160000
-0.144000
0.383000
0.056000
-0.178000
0.195000
0.059000
0.042000
-0.103000
-0.112000
-0.288000
-0.410000
0.105000
0.146000
0.232000
-0.107000
0.103000
0.044000
0.378000
-0.012000
-0.540000
-0.381000
0.015000
0.037000
-0.217000
-0.361000
0.664000
0.601000
-0.222000
-0.129000
0.015000
0.222000
0.291000
-0.159000
-0.264000
0.002000
0.225000
0.437000
0.161000
0.178000
0.032000
-0.332000
-0.417000
-0.562000
-0.637000
0.044000
0.129000
-0.249000
-0.303000
0.408000
0.415000
-0.513000
-0.447000
0.098000
0.449000
0.161000
-0.044000
0.142000
0.300000
0.500000
0.173000
0.286000
0.439000
0.178000
-0.286000
-0.498000
-0.398000
0.037000
-0.068000
-0.144000
-0.024000
0.156000
0.144000
-0.073000
-0.327000
0.911000
0.571000
-0.757000
-0.732000
0.542000
1.101000
0.540000
-0.486000
-0.564000
0.305000
0.127000
-0.776000
-0.918000
0.063000
0.374000
0.015000
-0.400000
0.261000
0.676000
-0.022000
-0.171000
-0.168000
-0.051000
-0.017000
0.046000
-0.020000
0.122000
0.166000
0.029000
0.095000
0.015000
-0.068000
-0.295000
-0.339000
-0.203000
0.022000
-0.273000
0.020000
0.508000
0.198000
-0.049000
0.005000
-0.159000
-0.088000
-0.098000
-0.146000
-0.146000
-0.081000
0.078000
0.312000
0.256000
0.049000
-0.449000
-0.486000
-0.466000
-0.222000
-0.200000
0.212000
0.076000
-0.344000
-0.166000
0.503000
0.229000
-0.525000
-0.391000
-0.051000
0.237000
0.183000
-0.059000
0.090000
0.186000
0.286000
-0.200000
-0.061000
0.298000
-0.378000
-0.642000
-0.574000
0.142000
0.249000
-0.171000
0.095000
0.176000
0.679000
0.581000
-0.520000
0.950000
1.458000
1.248000
-0.232000
-1.599000
-0.698000
0.811000
0.830000
-0.198000
-1.184000
0.051000
0.786000
-0.154000
-1.140000
-0.488000
0.867000
0.583000
-0.715000
0.085000
0.591000
0.305000
-0.288000
-0.466000
-0.571000
-0.088000
0.288000
-0.095000
-0.312000
0.205000
0.244000
-0.098000
-0.090000
-0.020000
-0.002000
-0.295000
-0.317000
-0.210000
0.151000
0.210000
0.447000
0.139000
-0.352000
0.049000
-0.122000
0.032000
-0.081000
-0.171000
0.002000
0.088000
0.237000
0.227000
0.264000
0.330000
-0.142000
-0.557000
-0.234000
-0.251000
-0.234000
-0.073000
0.120000
-0.171000
-0.034000
0.420000
0.032000
-0.627000
-0.427000
0.151000
0.327000
-0.046000
-0.073000
0.178000
0.256000
0.488000
0.054000
0.054000
0.349000
0.032000
-0.537000
-0.547000
-0.100000
0.137000
-0.076000
-0.435000
0.349000
0.676000
0.447000
-1.765000
-1.133000
1.692000
0.740000
-0.737000
-0.835000
0.232000
0.940000
0.730000
-0.308000
-0.537000
0.300000
0.786000
-0.618000
-1.350000
-0.269000
0.674000
0.332000
-0.283000
0.017000
0.349000
0.181000
-0.244000
-0.615000
-0.439000
-0.195000
0.200000
-0.110000
-0.112000
0.168000
0.266000
-0.012000
0.215000
-0.105000
-0.317000
-0.261000
0.042000
-0.029000
-0.210000
0.303000
0.723000
0.291000
-0.381000
-0.034000
0.137000
0.208000
0.198000
-0.337000
-0.071000
0.364000
0.317000
0.100000
0.393000
0.417000
-0.042000
-0.295000
-0.210000
-0.420000
-0.432000
-0.039000
-0.269000
-0.247000
0.083000
0.337000
-0.229000
-0.667000
-0.259000
0.295000
0.288000
-0.022000
-0.107000
0.312000
0.410000
0.503000
0.212000
0.430000
0.496000
-0.195000
-0.684000
-0.549000
-0.024000
0.227000
-0.125000
-0.044000
0.315000
0.425000
0.151000
-1.277000
-1.802000
0.569000
0.129000
-0.466000
-0.073000
1.038000
0.886000
0.559000
-0.090000
-0.427000
0.315000
0.437000
-0.593000
-0.786000
0.063000
0.208000
-0.081000
-0.107000
0.491000
0.439000
-0.007000
-0.354000
-0.251000
-0.386000
-0.078000
0.005000
-0.059000
0.042000
0.156000
0.156000
0.137000
0.269000
0.100000
-0.298000
-0.344000
0.007000
-0.093000
-0.579000
-0.283000
0.469000
0.234000
0.017000
-0.093000
-0.188000
0.005000
0.195000
-0.132000
-0.234000
0.220000
0.415000
0.496000
0.325000
0.129000
-0.269000
-0.347000
-0.312000
-0.205000
-0.288000
0.042000
0.073000
-0.229000
0.022000
0.322000
-0.173000
-0.579000
-0.063000
0.342000
0.173000
-0.066000
0.117000
0.293000
0.361000
0.151000
0.242000
0.654000
0.164000
-0.640000
-0.520000
-0.371000
-0.073000
0.239000
-0.132000
-0.320000
0.317000
0.757000
-0.076000
-1.729000
-1.033000
0.310000
0.522000
-0.491000
-0.491000
0.925000
1.204000
0.168000
-0.481000
-0.405000
0.366000
0.386000
-0.935000
-0.908000
0.430000
0.488000
0.078000
0.115000
0.486000
0.388000
0.037000
-0.115000
-0.596000
-0.293000
0.205000
0.024000
-0.281000
-0.032000
0.361000
0.303000
-0.015000
-0.032000
0.193000
-0.315000
-0.461000
0.005000
-0.024000
-0.051000
0.557000
0.481000
0.015000
0.020000
0.142000
0.242000
-0.232000
-0.198000
-0.024000
0.273000
0.442000
0.059000
-0.076000
0.374000
0.415000
-0.098000
-0.229000
-0.356000
-0.247000
-0.085000
-0.024000
-0.315000
-0.239000
0.176000
0.132000
-0.491000
-0.447000
0.049000
0.564000
0.212000
-0.342000
0.029000
0.352000
0.510000
-0.225000
-0.046000
0.374000
0.032000
-0.439000
-0.569000
-0.120000
0.317000
-0.107000
-0.381000
-0.149000
0.620000
0.654000
-1.138000
0.210000
1.699000
1.040000
-0.869000
-1.467000
-0.420000
0.740000
0.613000
-0.242000
-0.771000
0.271000
0.557000
-0.469000
-1.201000
-0.352000
0.776000
0.437000
-0.449000
0.085000
0.635000
0.222000
-0.195000
-0.435000
-0.527000
-0.056000
0.117000
-0.120000
-0.144000
0.010000
0.000000
0.239000
0.034000
0.039000
-0.278000
-0.203000
-0.015000
0.159000
-0.215000
0.005000
0.518000
0.581000
0.254000
-0.017000
-0.413000
-0.022000
0.076000
-0.164000
-0.049000
0.142000
0.369000
0.178000
0.159000
0.156000
-0.017000
-0.276000
-0.398000
-0.518000
-0.232000
0.183000
-0.037000
-0.354000
0.000000
0.767000
0.315000
-0.527000
-0.442000
0.049000
0.347000
0.129000
-0.105000
0.190000
0.591000
0.745000
0.266000
0.112000
0.254000
0.051000
-0.269000
-0.688000
-0.620000
-0.225000
0.293000
0.000000
0.217000
0.476000
0.198000
-0.261000
0.205000
1.143000
1.516000
-0.132000
-0.769000
-0.129000
0.720000
0.457000
-0.168000
-1.089000
0.217000
0.654000
-0.701000
-1.445000
-0.024000
0.562000
-0.027000
-0.217000
0.193000
0.596000
0.334000
0.132000
-0.769000
-0.691000
-0.015000
-0.034000
-0.220000
-0.132000
0.010000
0.405000
0.278000
0.205000
-0.261000
-0.469000
-0.020000
0.168000
-0.466000
-0.381000
0.530000
0.332000
0.242000
0.005000
-0.117000
0.054000
0.107000
-0.330000
-0.100000
0.239000
0.254000
0.046000
0.122000
0.334000
0.005000
-0.183000
-0.195000
-0.203000
-0.415000
0.051000
-0.454000
-0.654000
-0.044000
0.762000
0.063000
-0.979000
-0.295000
0.645000
0.552000
-0.310000
-0.571000
0.176000
0.686000
0.493000
0.581000
0.737000
0.461000
-0.603000
-0.959000
-0.242000
0.271000
-0.051000
-0.034000
-0.098000
0.459000
1.052000
-1.094000
-0.459000
1.514000
1.030000
-0.569000
-1.504000
-0.444000
0.796000
0.771000
-0.188000
-0.928000
0.332000
0.723000
-0.322000
-1.182000
-0.405000
0.400000
0.393000
-0.388000
0.229000
0.442000
0.317000
0.024000
-0.117000
-0.295000
-0.029000
0.457000
0.066000
-0.144000
0.117000
0.364000
0.251000
0.159000
0.286000
-0.513000
-0.632000
0.198000
-0.186000
-0.505000
0.273000
0.486000
-0.012000
-0.125000
0.186000
0.215000
-0.049000
0.061000
-0.034000
0.154000
0.420000
0.154000
-0.017000
0.159000
0.083000
-0.317000
-0.312000
-0.359000
-0.400000
-0.078000
0.000000
-0.195000
-0.183000
0.422000
0.127000
-0.522000
-0.256000
0.066000
0.322000
0.042000
-0.076000
0.220000
0.510000
0.603000
0.105000
0.283000
0.452000
-0.300000
-0.767000
-0.508000
-0.159000
0.178000
0.029000
-0.378000
0.146000
0.669000
-0.056000
-1.499000
-1.267000
0.056000
0.232000
-0.601000
-0.371000
1.035000
1.296000
0.413000
-0.532000
-0.347000
0.427000
0.569000
-0.911000
-1.025000
0.005000
0.300000
-0.027000
0.188000
0.273000
0.222000
0.510000
0.149000
-0.120000
-0.200000
-0.190000
0.029000
0.142000
0.134000
0.210000
0.110000
0.212000
0.247000
-0.215000
-0.474000
-0.251000
0.276000
-0.217000
-0.374000
0.271000
0.603000
0.415000
-0.115000
-0.359000
0.071000
0.249000
0.112000
-0.300000
-0.278000
0.156000
0.217000
0.229000
-0.146000
-0.266000
-0.164000
-0.154000
-0.447000
-0.437000
-0.137000
-0.034000
-0.212000
-0.303000
0.186000
0.300000
-0.110000
-0.164000
-0.005000
0.117000
0.110000
0.042000
0.161000
0.142000
0.059000
-0.002000
0.176000
0.422000
-0.046000
-0.425000
-0.525000
-0.286000
0.115000
0.010000
-0.361000
-0.063000
0.117000
0.647000
-0.664000
-1.895000
-0.559000
0.308000
-0.229000
-1.060000
-0.239000
1.440000
1.143000
-0.208000
-0.569000
0.369000
0.952000
-0.352000
-1.763000
-0.701000
0.776000
0.583000
-0.269000
0.068000
0.725000
0.466000
-0.017000
-0.251000
-0.527000
-0.146000
0.061000
-0.071000
-0.183000
-0.049000
0.054000
0.110000
0.239000
0.095000
-0.271000
-0.366000
-0.161000
0.015000
-0.356000
-0.107000
0.674000
0.425000
0.024000
-0.195000
-0.342000
-0.051000
-0.134000
-0.239000
-0.154000
0.010000
-0.054000
-0.024000
0.139000
0.083000
-0.054000
-0.198000
-0.413000
-0.220000
-0.500000
-0.220000
0.054000
-0.208000
-0.244000
0.308000
0.298000
-0.342000
-0.361000
-0.066000
0.063000
-0.154000
-0.071000
0.007000
0.054000
0.420000
0.244000
0.291000
0.415000
-0.144000
-0.596000
-0.488000
-0.266000
-0.051000
-0.151000
-0.188000
-0.073000
0.378000
0.776000
-0.676000
-2.517000
-0.466000
0.232000
-0.129000
-0.906000
-0.227000
1.594000
1.467000
-0.061000
-0.479000
0.735000
0.874000
-0.520000
-1.592000
-0.613000
0.728000
0.518000
-0.344000
0.042000
0.645000
0.347000
-0.054000
-0.427000
-0.283000
0.076000
0.232000
-0.195000
-0.325000
0.083000
0.225000
0.205000
0.139000
-0.010000
-0.249000
-0.481000
-0.161000
-0.149000
-0.444000
-0.029000
0.330000
0.332000
-0.391000
-0.059000
0.212000
0.120000
0.022000
-0.283000
0.093000
0.327000
0.073000
-0.010000
0.371000
0.127000
-0.220000
-0.505000
-0.088000
-0.325000
-0.369000
-0.159000
-0.427000
-0.503000
0.222000
0.356000
-0.134000
-0.527000
-0.176000
0.415000
0.632000
-0.002000
-0.237000
0.088000
0.588000
0.117000
0.200000
0.637000
0.247000
-0.413000
-0.793000
-0.425000
-0.015000
0.181000
-0.146000
-0.151000
0.251000
1.118000
-0.334000
-2.515000
-0.618000
0.171000
-0.032000
-0.740000
-0.864000
0.937000
0.857000
-0.205000
-0.757000
0.293000
0.750000
-0.266000
-1.521000
-0.640000
0.593000
0.352000
-0.078000
0.132000
0.515000
0.352000
0.164000
-0.105000
-0.586000
-0.276000
0.217000
0.176000
-0.034000
0.032000
-0.068000
0.281000
0.134000
-0.247000
-0.293000
-0.312000
-0.081000
0.061000
-0.383000
-0.051000
0.547000
0.598000
0.022000
-0.166000
0.005000
0.205000
0.259000
-0.256000
-0.137000
0.068000
0.110000
0.122000
0.325000
0.125000
-0.095000
-0.576000
-0.408000
-0.308000
-0.291000
-0.061000
-0.247000
-0.176000
0.022000
0.447000
0.156000
-0.383000
-0.159000
0.332000
0.291000
0.117000
0.088000
0.247000
0.581000
0.493000
0.188000
0.315000
0.332000
-0.034000
-0.483000
-0.566000
0.098000
0.488000
0.234000
-0.181000
0.308000
0.662000
-1.106000
-2.246000
-0.139000
0.415000
-0.154000
-0.706000
-0.444000
0.867000
1.558000
0.071000
-0.723000
-0.061000
0.496000
0.276000
-1.243000
-0.728000
0.398000
0.300000
0.298000
-0.051000
0.325000
0.247000
0.068000
-0.090000
-0.134000
-0.320000
-0.232000
0.088000
0.325000
0.225000
0.120000
0.154000
0.376000
0.266000
-0.352000
-0.378000
-0.144000
0.496000
-0.146000
-0.261000
0.227000
0.928000
0.557000
0.017000
-0.298000
-0.144000
0.095000
0.007000
-0.120000
-0.244000
0.151000
0.269000
0.317000
0.205000
0.032000
-0.056000
-0.095000
-0.454000
-0.447000
0.078000
0.139000
-0.024000
-0.232000
0.386000
0.176000
-0.146000
-0.120000
0.068000
-0.051000
-0.164000
-0.188000
0.420000
0.410000
0.298000
-0.005000
0.256000
0.408000
-0.078000
-0.310000
-0.569000
0.093000
0.012000
-0.251000
-0.105000
0.376000
0.469000
0.208000
0.669000
0.339000
0.847000
1.006000
0.132000
-0.603000
-0.020000
1.331000
1.194000
-0.400000
-0.898000
0.244000
0.710000
-0.386000
-1.187000
-0.222000
0.808000
0.127000
-0.562000
0.334000
0.664000
0.344000
-0.374000
-0.229000
-0.452000
-0.259000
-0.059000
-0.027000
0.039000
0.127000
0.142000
0.024000
0.283000
0.217000
-0.005000
-0.476000
-0.093000
0.178000
-0.217000
-0.181000
0.547000
0.540000
0.078000
-0.110000
-0.437000
0.012000
-0.010000
-0.144000
-0.356000
0.032000
0.281000
0.278000
0.232000
0.205000
-0.156000
-0.337000
-0.278000
-0.371000
-0.378000
0.051000
0.264000
-0.269000
-0.198000
0.464000
0.378000
-0.510000
-0.405000
-0.039000
0.225000
-0.083000
-0.298000
0.276000
0.601000
0.564000
-0.029000
0.356000
0.388000
-0.342000
-0.557000
-0.396000
-0.549000
-0.166000
-0.461000
-0.432000
0.518000
1.060000
0.825000
-1.445000
-0.693000
1.460000
0.803000
-1.052000
-1.550000
-0.117000
0.774000
0.552000
-0.244000
-0.623000
0.449000
0.801000
-0.818000
-1.426000
-0.012000
0.566000
0.200000
-0.215000
0.281000
0.625000
0.349000
-0.225000
-0.693000
-0.317000
0.024000
-0.005000
-0.520000
-0.413000
0.281000
0.566000
0.027000
-0.200000
0.310000
-0.002000
-0.356000
-0.305000
-0.498000
-0.146000
0.371000
0.129000
-0.298000
-0.100000
0.488000
0.347000
-0.217000
-0.195000
-0.249000
0.461000
0.454000
0.017000
0.061000
0.537000
0.532000
-0.291000
-0.850000
-0.325000
-0.103000
-0.413000
-0.232000
-0.259000
-0.247000
0.200000
0.356000
-0.029000
-0.420000
0.029000
0.654000
0.474000
-0.227000
-0.312000
0.073000
0.684000
0.281000
0.481000
0.493000
0.161000
-0.444000
-0.969000
-0.630000
0.066000
0.173000
-0.195000
-0.476000
0.298000
0.740000
0.398000
-0.708000
-1.614000
-0.215000
0.349000
-0.337000
-0.422000
1.062000
1.296000
0.312000
-0.366000
-0.574000
0.276000
0.068000
-0.759000
-1.091000
0.076000
0.361000
0.168000
-0.068000
0.288000
0.347000
0.271000
0.088000
-0.134000
-0.444000
-0.212000
0.212000
0.403000
0.234000
0.146000
0.178000
0.393000
0.229000
-0.229000
-0.686000
-0.330000
0.181000
-0.312000
-0.500000
0.344000
0.479000
0.508000
0.020000
-0.178000
-0.020000
0.220000
0.063000
-0.024000
0.029000
0.493000
0.449000
0.024000
0.078000
0.042000
-0.273000
-0.405000
-0.266000
-0.483000
-0.315000
-0.020000
0.215000
-0.161000
-0.039000
0.068000
0.034000
-0.159000
-0.154000
0.217000
0.117000
0.002000
0.237000
0.266000
0.098000
0.078000
0.093000
0.308000
0.034000
-0.376000
-0.703000
-0.420000
-0.225000
0.029000
-0.198000
0.300000
0.601000
0.908000
-0.937000
-1.963000
0.422000
0.420000
-0.222000
-0.898000
-0.251000
0.725000
0.833000
-0.107000
-0.591000
-0.225000
0.593000
0.073000
-1.184000
-0.828000
0.110000
0.598000
0.103000
0.110000
0.713000
0.588000
-0.034000
-0.225000
-0.166000
-0.425000
-0.186000
0.046000
0.327000
0.063000
0.225000
-0.134000
0.066000
0.300000
-0.022000
-0.474000
-0.229000
0.198000
-0.208000
-0.291000
0.415000
0.786000
0.029000
-0.144000
-0.291000
-0.034000
-0.115000
-0.049000
-0.249000
-0.010000
0.356000
-0.034000
0.156000
0.491000
0.405000
-0.090000
-0.083000
-0.378000
-0.437000
-0.269000
0.066000
-0.200000
-0.251000
0.100000
0.120000
-0.234000
-0.364000
0.061000
0.271000
0.125000
-0.293000
0.002000
0.330000
0.491000
0.005000
0.229000
0.569000
0.168000
-0.806000
-0.815000
0.159000
0.063000
-0.378000
-0.217000
-0.061000
0.427000
0.732000
-1.494000
-2.107000
0.671000
0.964000
-0.137000
-1.162000
-0.249000
0.989000
0.962000
-0.095000
-0.671000
0.427000
1.028000
-0.076000
-1.631000
-1.023000
0.559000
0.667000
-0.132000
-0.166000
0.708000
0.537000
-0.090000
-0.286000
-0.649000
-0.239000
0.007000
0.193000
-0.137000
0.046000
0.286000
0.342000
0.146000
-0.066000
0.000000
-0.039000
-0.107000
-0.059000
-0.471000
-0.232000
0.588000
0.627000
0.020000
-0.342000
-0.251000
0.188000
0.190000
-0.310000
-0.327000
0.166000
0.293000
0.259000
0.227000
0.320000
-0.054000
-0.413000
-0.320000
-0.347000
-0.435000
-0.002000
-0.051000
-0.283000
-0.247000
0.417000
0.330000
-0.352000
-0.288000
0.110000
0.156000
0.007000
-0.027000
0.090000
0.217000
0.327000
-0.144000
0.117000
0.588000
0.112000
-0.642000
-0.725000
-0.225000
0.100000
0.356000
-0.298000
-0.164000
0.520000
0.317000
0.742000
-0.032000
0.308000
0.583000
-0.410000
-0.625000
0.515000
0.999000
0.720000
-0.417000
-0.718000
0.420000
0.630000
-0.742000
-1.177000
0.190000
0.483000
-0.142000
-0.210000
0.476000
0.430000
0.334000
-0.061000
-0.732000
-0.381000
0.085000
0.198000
0.049000
-0.110000
-0.066000
0.444000
0.315000
0.171000
-0.330000
-0.496000
-0.315000
-0.042000
-0.354000
-0.193000
0.527000
0.342000
0.183000
-0.105000
-0.098000
0.149000
0.159000
-0.103000
0.029000
0.352000
0.220000
0.193000
0.408000
0.508000
-0.020000
-0.474000
-0.344000
-0.229000
-0.308000
-0.181000
-0.178000
-0.366000
-0.168000
0.393000
0.151000
-0.598000
-0.349000
0.029000
0.186000
0.146000
0.125000
0.366000
0.461000
0.486000
0.298000
0.332000
0.349000
-0.081000
-0.488000
-0.779000
-0.144000
0.471000
0.066000
-0.210000
0.327000
0.469000
0.330000
-0.540000
-1.565000
0.469000
0.254000
-0.232000
0.032000
0.818000
1.057000
0.669000
-0.239000
-0.732000
0.063000
0.493000
-0.535000
-0.801000
0.132000
0.271000
0.054000
0.115000
0.337000
0.322000
0.022000
-0.225000
0.042000
-0.413000
-0.164000
0.217000
0.295000
-0.059000
-0.139000
-0.024000
0.222000
0.288000
-0.146000
-0.435000
-0.366000
0.107000
-0.032000
-0.466000
0.029000
0.679000
0.408000
-0.066000
-0.144000
-0.298000
-0.032000
0.237000
0.063000
-0.190000
0.134000
0.208000
0.376000
0.327000
0.056000
-0.132000
-0.374000
-0.244000
-0.349000
-0.317000
-0.044000
0.046000
-0.044000
0.239000
0.178000
0.005000
-0.317000
-0.007000
0.352000
0.081000
-0.146000
0.007000
0.383000
0.105000
0.115000
0.354000
0.686000
0.049000
-0.867000
-1.089000
-0.203000
-0.161000
-0.068000
0.034000
0.359000
0.625000
0.605000
-1.267000
-1.091000
0.764000
0.750000
-0.103000
-1.575000
-0.618000
0.833000
0.796000
-0.034000
-0.725000
0.005000
0.559000
-0.020000
-1.296000
-0.806000
0.464000
0.605000
-0.408000
-0.129000
0.288000
0.342000
-0.098000
-0.190000
-0.776000
-0.476000
0.012000
-0.122000
-0.129000
-0.068000
-0.056000
0.020000
0.120000
0.288000
0.002000
-0.366000
-0.188000
0.183000
-0.195000
-0.112000
0.525000
0.593000
0.005000
-0.042000
-0.317000
0.176000
-0.029000
-0.386000
-0.315000
-0.042000
0.234000
0.103000
0.212000
0.339000
0.144000
-0.396000
-0.330000
-0.227000
-0.085000
0.002000
0.161000
-0.249000
-0.134000
0.442000
0.273000
-0.554000
-0.334000
0.037000
0.164000
-0.044000
-0.396000
0.139000
0.479000
0.603000
0.027000
0.266000
0.510000
0.032000
-0.283000
-0.366000
-0.051000
-0.044000
-0.154000
-0.278000
0.400000
0.806000
0.244000
0.227000
0.840000
0.979000
0.813000
-0.530000
-0.630000
-0.027000
0.637000
0.303000
-0.361000
-0.579000
0.020000
0.447000
-0.642000
-0.649000
0.469000
0.593000
0.034000
-0.522000
0.281000
0.427000
0.002000
-0.103000
-0.283000
-0.293000
-0.244000
-0.063000
-0.137000
-0.005000
0.330000
0.337000
-0.068000
0.227000
-0.039000
-0.374000
-0.540000
0.137000
-0.039000
-0.251000
0.027000
0.422000
0.188000
-0.183000
-0.059000
0.168000
0.066000
0.181000
-0.374000
-0.115000
0.532000
0.256000
0.298000
0.442000
0.190000
-0.225000
-0.293000
-0.146000
-0.410000
-0.320000
0.088000
-0.093000
-0.476000
-0.034000
0.220000
0.051000
-0.522000
-0.300000
0.469000
0.571000
-0.027000
-0.125000
0.015000
0.342000
0.178000
0.166000
0.593000
0.447000
-0.178000
-0.789000
-0.547000
-0.034000
0.320000
-0.171000
-0.237000
0.120000
0.718000
0.369000
-0.522000
-1.777000
0.029000
0.437000
-0.430000
-0.557000
1.404000
1.448000
0.349000
-0.740000
-0.381000
0.701000
0.330000
-1.055000
-1.150000
0.422000
0.552000
-0.010000
0.085000
0.347000
0.537000
0.125000
-0.110000
-0.647000
-0.217000
0.151000
0.103000
0.166000
0.200000
-0.007000
0.278000
0.366000
0.068000
-0.007000
-0.535000
-0.449000
0.159000
-0.305000
-0.293000
0.388000
0.432000
-0.242000
-0.015000
0.190000
0.017000
-0.222000
0.010000
0.107000
0.576000
0.547000
-0.022000
0.220000
0.361000
0.269000
-0.293000
-0.330000
-0.396000
-0.205000
-0.242000
-0.076000
-0.259000
-0.120000
0.483000
0.229000
-0.200000
-0.269000
0.093000
0.366000
0.337000
-0.105000
-0.151000
0.417000
0.593000
0.239000
0.229000
0.461000
0.156000
-0.730000
-0.886000
-0.205000
0.010000
-0.061000
0.076000
0.164000
0.488000
0.781000
-1.467000
-1.187000
1.667000
0.957000
-0.098000
-1.282000
-0.457000
0.801000
0.940000
-0.286000
-0.881000
-0.154000
0.461000
0.125000
-1.052000
-0.667000
0.430000
0.442000
-0.398000
-0.059000
0.415000
0.325000
-0.225000
-0.107000
-0.347000
-0.156000
0.312000
0.254000
0.002000
0.063000
0.085000
0.210000
-0.042000
0.032000
-0.056000
-0.437000
-0.369000
0.232000
0.007000
-0.156000
0.291000
0.481000
0.015000
-0.125000
0.032000
0.078000
-0.105000
-0.103000
-0.332000
0.134000
0.593000
-0.007000
0.017000
0.361000
0.330000
-0.308000
-0.635000
-0.093000
-0.117000
-0.337000
-0.046000
-0.222000
-0.137000
0.247000
0.505000
0.132000
-0.396000
0.046000
0.430000
0.242000
-0.200000
-0.125000
0.249000
0.544000
0.322000
0.303000
0.420000
0.098000
-0.449000
-0.649000
-0.488000
-0.205000
0.132000
-0.071000
-0.247000
0.061000
0.916000
-0.571000
-1.396000
0.151000
-0.056000
0.020000
-1.089000
-0.542000
0.771000
0.850000
0.042000
-0.342000
-0.078000
0.430000
0.098000
-1.064000
-0.818000
0.330000
0.430000
-0.085000
0.154000
0.559000
0.276000
0.076000
-0.210000
-0.525000
-0.327000
-0.244000
-0.073000
0.208000
0.027000
-0.059000
0.083000
0.125000
0.139000
0.164000
-0.122000
-0.098000
0.120000
-0.229000
-0.471000
0.181000
0.515000
0.405000
-0.249000
-0.574000
-0.037000
0.295000
0.095000
-0.317000
-0.159000
0.146000
0.161000
0.293000
0.276000
0.054000
-0.166000
-0.085000
-0.320000
-0.374000
-0.137000
-0.120000
-0.408000
-0.273000
0.300000
0.195000
-0.259000
-0.190000
-0.159000
-0.107000
-0.037000
0.188000
0.256000
0.049000
0.076000
0.042000
0.330000
0.498000
0.071000
-0.469000
-0.251000
-0.142000
-0.044000
-0.251000
-0.320000
-0.098000
0.383000
0.405000
0.430000
0.715000
1.392000
1.287000
-0.679000
-0.854000
0.266000
0.981000
0.505000
-0.615000
-0.925000
0.220000
0.632000
-0.244000
-0.984000
0.203000
0.884000
-0.020000
-0.737000
0.293000
0.842000
0.161000
-0.325000
-0.474000
-0.127000
0.103000
0.076000
-0.303000
-0.132000
0.303000
0.305000
0.220000
-0.129000
-0.156000
-0.059000
-0.520000
-0.117000
0.049000
-0.244000
-0.110000
0.413000
0.383000
-0.190000
-0.071000
0.027000
0.044000
0.300000
-0.271000
-0.259000
0.295000
0.393000
0.122000
0.132000
0.171000
-0.137000
-0.437000
-0.200000
-0.107000
-0.251000
0.010000
0.005000
-0.203000
0.093000
0.476000
0.063000
-0.491000
-0.203000
0.186000
0.317000
-0.054000
-0.044000
0.222000
0.410000
0.413000
0.210000
0.154000
0.088000
-0.342000
-0.608000
-0.298000
-0.078000
-0.139000
-0.129000
-0.085000
0.203000
0.515000
0.156000
0.457000
-0.857000
0.193000
1.196000
-0.232000
-0.388000
0.627000
0.840000
0.542000
-0.547000
-0.667000
0.422000
0.261000
-0.947000
-1.333000
0.251000
0.928000
-0.076000
-0.308000
0.291000
0.371000
0.078000
-0.305000
-0.432000
-0.637000
-0.046000
0.344000
0.205000
-0.037000
0.139000
0.164000
-0.088000
0.193000
0.051000
-0.620000
-0.483000
-0.034000
-0.437000
-0.608000
0.366000
0.493000
-0.017000
-0.178000
-0.005000
0.129000
-0.056000
0.139000
-0.088000
-0.076000
0.342000
0.061000
0.100000
0.400000
0.303000
-0.127000
-0.461000
-0.142000
-0.269000
-0.251000
-0.227000
-0.354000
-0.330000
0.205000
0.222000
-0.095000
-0.366000
0.161000
0.564000
0.317000
-0.203000
-0.327000
0.081000
0.525000
0.085000
0.137000
0.398000
0.022000
-0.535000
-0.916000
-0.415000
0.115000
0.034000
-0.105000
-0.198000
0.283000
1.035000
0.110000
-2.002000
-1.873000
-0.125000
0.159000
-0.608000
-0.850000
0.920000
1.108000
0.312000
-0.354000
-0.044000
0.459000
0.127000
-1.155000
-0.940000
0.217000
0.276000
0.044000
0.159000
0.349000
0.337000
0.210000
-0.032000
-0.474000
-0.449000
0.005000
0.149000
0.120000
-0.134000
-0.190000
0.088000
0.198000
0.239000
-0.071000
-0.635000
-0.349000
0.254000
-0.518000
-0.378000
0.413000
0.605000
0.259000
-0.115000
-0.095000
0.146000
0.059000
0.005000
-0.220000
-0.085000
0.330000
0.034000
0.022000
0.437000
0.203000
-0.464000
-0.342000
-0.164000
-0.173000
-0.366000
-0.188000
-0.212000
-0.085000
0.291000
0.166000
-0.190000
-0.371000
0.181000
0.520000
0.090000
-0.405000
-0.208000
0.032000
0.442000
0.139000
0.242000
0.376000
0.249000
-0.364000
-0.659000
-0.359000
0.046000
0.312000
0.029000
-0.027000
0.308000
0.505000
-0.400000
-2.178000
-0.854000
0.378000
0.054000
-1.282000
-0.542000
1.145000
1.221000
0.139000
-0.620000
-0.234000
0.461000
0.564000
-0.518000
-0.479000
0.137000
0.264000
0.098000
0.164000
0.491000
0.381000
-0.291000
-0.598000
0.042000
-0.269000
-0.498000
-0.288000
0.220000
0.251000
-0.034000
-0.247000
0.142000
0.193000
0.012000
-0.278000
-0.608000
-0.017000
0.466000
-0.083000
-0.159000
0.508000
0.596000
0.083000
-0.251000
-0.276000
0.039000
0.220000
-0.161000
-0.422000
-0.110000
0.190000
-0.032000
0.012000
0.256000
0.002000
-0.369000
-0.361000
-0.210000
-0.144000
-0.027000
-0.151000
-0.320000
-0.237000
0.312000
0.066000
-0.276000
-0.295000
0.059000
0.308000
0.127000
-0.049000
0.171000
0.312000
0.227000
0.100000
0.352000
0.549000
0.066000
-0.742000
-0.894000
0.005000
-0.100000
-0.044000
0.037000
0.168000
0.286000
0.383000
-0.488000
-2.456000
-1.042000
-0.076000
0.288000
-0.469000
-0.056000
1.270000
1.304000
0.220000
-0.344000
-0.132000
0.293000
0.344000
-0.857000
-0.635000
0.525000
0.322000
-0.354000
-0.134000
0.676000
0.393000
-0.291000
-0.420000
0.056000
-0.220000
-0.432000
-0.046000
0.386000
0.356000
0.322000
0.105000
0.024000
0.178000
-0.193000
-0.549000
-0.759000
0.405000
0.027000
-0.408000
0.271000
0.632000
0.193000
-0.322000
0.134000
0.232000
0.002000
0.166000
-0.342000
0.203000
0.620000
0.283000
-0.117000
0.247000
0.149000
-0.530000
-0.698000
-0.171000
-0.320000
-0.408000
-0.046000
-0.117000
-0.369000
0.049000
0.381000
0.015000
-0.466000
-0.112000
0.312000
0.442000
0.142000
0.142000
0.430000
0.415000
0.342000
0.210000
0.183000
-0.007000
-0.271000
-0.510000
-0.193000
0.127000
-0.032000
0.281000
0.120000
-0.090000
0.437000
0.166000
0.356000
0.117000
0.715000
0.916000
-0.134000
-0.105000
0.857000
0.806000
0.117000
-0.811000
-0.464000
0.850000
0.391000
-1.118000
-0.928000
0.979000
1.272000
-0.156000
-0.293000
0.613000
0.566000
0.056000
-0.286000
-0.508000
-0.127000
0.129000
-0.125000
-0.359000
0.112000
0.103000
0.139000
-0.049000
0.112000
0.002000
-0.488000
-0.635000
-0.024000
0.093000
-0.100000
0.520000
0.452000
0.056000
0.039000
0.410000
0.376000
0.078000
-0.005000
0.149000
0.332000
0.244000
-0.146000
0.273000
0.637000
-0.044000
-0.515000
-0.283000
-0.042000
-0.403000
-0.405000
-0.242000
-0.300000
-0.049000
0.286000
0.012000
-0.283000
-0.215000
0.200000
0.476000
0.188000
-0.034000
0.195000
0.471000
0.923000
0.269000
-0.303000
0.244000
0.234000
-0.469000
-0.901000
-0.405000
0.151000
0.071000
0.176000
-0.015000
0.352000
0.762000
-1.006000
-1.223000
0.847000
0.486000
-0.144000
-0.911000
-0.256000
0.703000
0.959000
0.359000
-0.918000
0.129000
0.496000
0.149000
-0.984000
-0.537000
0.300000
0.515000
-0.146000
0.024000
0.432000
0.359000
0.051000
-0.242000
-0.059000
-0.405000
0.105000
-0.042000
-0.061000
-0.088000
-0.193000
0.161000
0.071000
-0.149000
-0.266000
-0.586000
-0.276000
0.178000
-0.408000
-0.122000
0.579000
0.535000
0.173000
-0.010000
-0.276000
0.149000
0.259000
0.098000
-0.168000
0.027000
0.217000
0.073000
0.127000
0.117000
0.125000
-0.327000
-0.225000
-0.305000
-0.222000
-0.010000
-0.083000
-0.317000
-0.164000
0.061000
0.249000
-0.044000
-0.312000
-0.183000
0.151000
0.076000
-0.237000
0.125000
0.325000
0.134000
0.078000
0.205000
0.317000
-0.203000
-0.466000
-0.842000
-0.229000
-0.271000
0.020000
-0.117000
0.029000
0.281000
0.417000
-0.818000
-0.081000
1.489000
0.796000
-0.498000
-0.918000
-0.496000
0.874000
0.923000
-0.398000
-0.891000
0.161000
0.676000
-0.251000
-1.016000
-0.435000
0.564000
0.303000
-0.449000
0.188000
0.674000
0.229000
-0.476000
-0.291000
-0.227000
-0.149000
-0.051000
-0.122000
0.098000
0.212000
0.166000
0.049000
0.056000
0.144000
0.107000
-0.535000
-0.483000
0.083000
-0.149000
-0.203000
0.391000
0.300000
0.076000
-0.056000
-0.396000
-0.203000
0.017000
-0.015000
-0.361000
-0.161000
0.112000
0.286000
0.142000
0.156000
-0.227000
-0.281000
-0.278000
-0.269000
-0.186000
0.203000
0.046000
-0.469000
-0.288000
0.352000
0.107000
-0.652000
-0.349000
-0.132000
0.110000
-0.029000
-0.149000
0.100000
0.571000
0.461000
-0.066000
0.042000
0.129000
-0.156000
-0.115000
-0.466000
-0.454000
0.242000
-0.237000
-0.320000
-0.159000
0.693000
0.583000
-0.178000
1.292000
1.523000
1.091000
-0.215000
-0.964000
-0.505000
0.803000
0.627000
-0.564000
-1.138000
-0.022000
0.542000
-0.520000
-1.252000
0.281000
1.143000
0.066000
-0.820000
0.088000
0.884000
0.403000
-0.298000
-0.566000
-0.273000
-0.151000
0.195000
-0.164000
-0.198000
0.349000
0.322000
0.137000
0.212000
-0.037000
-0.220000
-0.486000
0.059000
-0.103000
-0.415000
0.122000
0.452000
0.312000
-0.300000
-0.203000
0.154000
0.137000
0.303000
-0.430000
-0.178000
0.493000
0.254000
-0.022000
0.325000
0.503000
-0.059000
-0.564000
-0.283000
-0.525000
-0.151000
-0.005000
-0.303000
-0.476000
0.154000
0.625000
-0.027000
-0.591000
-0.034000
0.623000
0.352000
-0.283000
-0.371000
-0.100000
0.703000
0.503000
0.256000
0.291000
0.051000
-0.352000
-0.715000
-0.476000
0.247000
0.020000
-0.444000
-0.405000
0.342000
1.035000
0.322000
-0.569000
-1.035000
0.266000
0.176000
-0.857000
-0.583000
1.113000
1.345000
0.354000
-0.500000
0.012000
0.532000
-0.088000
-0.984000
-0.527000
0.168000
0.518000
0.090000
0.039000
0.103000
0.049000
0.242000
-0.190000
-0.410000
-0.378000
0.056000
0.000000
-0.056000
-0.022000
0.051000
0.002000
0.291000
-0.083000
-0.457000
-0.449000
-0.076000
0.088000
-0.298000
-0.127000
0.586000
0.664000
-0.063000
0.115000
0.259000
0.161000
0.352000
-0.283000
-0.198000
0.051000
0.227000
-0.005000
0.259000
0.178000
0.015000
-0.452000
-0.300000
-0.376000
-0.442000
-0.144000
-0.264000
-0.330000
-0.181000
0.330000
0.093000
-0.483000
-0.271000
0.481000
0.305000
-0.085000
-0.278000
0.149000
0.442000
0.579000
0.171000
0.078000
0.410000
-0.188000
-0.615000
-0.449000
0.059000
0.186000
-0.081000
-0.195000
0.620000
0.940000
0.569000
-1.577000
-2.068000
0.483000
0.330000
-0.483000
-0.247000
0.964000
1.025000
0.286000
-0.410000
-0.046000
0.364000
0.403000
-0.703000
-0.579000
0.334000
0.198000
0.049000
0.164000
0.557000
0.425000
0.032000
-0.500000
0.073000
-0.244000
-0.247000
-0.295000
-0.178000
-0.034000
0.020000
-0.027000
0.056000
0.391000
-0.105000
-0.417000
-0.479000
0.103000
0.168000
-0.190000
-0.146000
0.513000
0.393000
0.183000
-0.093000
-0.366000
-0.168000
0.200000
0.071000
-0.227000
0.139000
0.322000
0.339000
0.229000
0.161000
-0.081000
-0.234000
-0.383000
-0.208000
-0.205000
0.063000
0.093000
-0.239000
0.037000
0.212000
-0.110000
-0.388000
0.007000
0.283000
0.073000
-0.200000
0.088000
0.381000
0.317000
0.256000
0.435000
0.837000
0.039000
-0.667000
-0.601000
-0.317000
-0.288000
-0.076000
-0.095000
0.012000
0.383000
0.591000
-0.405000
-2.258000
-1.143000
0.381000
0.359000
-0.474000
-0.208000
1.023000
1.218000
0.007000
-0.405000
-0.090000
0.474000
0.505000
-1.021000
-0.781000
0.254000
0.444000
0.105000
-0.005000
0.464000
0.386000
-0.081000
-0.327000
-0.125000
-0.256000
-0.073000
-0.017000
0.188000
0.232000
0.376000
0.166000
0.005000
-0.012000
0.020000
-0.386000
-0.493000
0.142000
0.056000
-0.347000
0.171000
0.400000
0.107000
-0.212000
-0.056000
0.010000
-0.176000
0.176000
-0.178000
0.034000
0.339000
0.203000
0.159000
0.378000
0.342000
-0.168000
-0.159000
-0.117000
-0.286000
-0.420000
-0.066000
-0.212000
-0.215000
0.051000
0.032000
-0.134000
-0.378000
-0.125000
0.452000
0.437000
-0.010000
0.017000
0.195000
0.537000
0.222000
0.308000
0.410000
0.203000
-0.500000
-0.981000
-0.417000
0.098000
0.059000
0.002000
-0.122000
0.127000
0.615000
-1.555000
-2.205000
0.664000
0.212000
-0.210000
-0.842000
-0.242000
0.952000
1.003000
-0.010000
-0.603000
0.234000
0.818000
0.093000
-1.030000
-0.771000
0.464000
0.413000
-0.237000
-0.215000
0.374000
0.471000
-0.012000
-0.261000
-0.674000
-0.344000
0.125000
0.176000
0.142000
0.159000
-0.081000
0.049000
0.269000
0.154000
-0.190000
-0.442000
-0.415000
0.129000
-0.273000
-0.305000
0.425000
0.242000
0.164000
0.081000
-0.239000
-0.085000
0.000000
0.051000
0.051000
0.046000
0.459000
0.149000
0.295000
0.471000
0.364000
-0.186000
-0.452000
-0.408000
-0.552000
-0.239000
-0.029000
-0.239000
-0.325000
0.149000
0.178000
-0.193000
-0.278000
0.059000
0.381000
0.271000
-0.195000
-0.098000
0.332000
0.613000
0.249000
0.408000
0.601000
-0.032000
-0.498000
-0.771000
-0.232000
0.068000
-0.229000
-0.432000
-0.044000
0.342000
1.086000
-0.159000
-2.166000
-0.837000
0.186000
0.261000
-0.715000
-0.466000
1.162000
1.287000
0.178000
-0.764000
0.308000
0.581000
0.095000
-1.226000
-0.806000
0.425000
0.613000
0.149000
0.098000
0.522000
0.479000
0.186000
-0.291000
-0.469000
-0.276000
0.105000
0.046000
0.029000
-0.186000
0.264000
0.430000
0.129000
-0.051000
-0.381000
-0.312000
-0.024000
-0.037000
-0.427000
-0.183000
0.686000
0.562000
0.117000
0.139000
0.046000
0.146000
-0.034000
-0.427000
-0.278000
0.122000
0.208000
0.085000
0.010000
0.195000
0.110000
-0.391000
-0.286000
-0.310000
-0.508000
-0.090000
-0.200000
-0.303000
-0.054000
0.405000
0.195000
-0.530000
-0.212000
0.320000
0.144000
-0.137000
-0.200000
0.120000
0.139000
0.310000
0.435000
0.750000
0.317000
-0.525000
-0.823000
-0.364000
-0.142000
-0.039000
0.142000
-0.178000
0.200000
0.859000
-1.233000
-1.755000
1.023000
0.771000
0.017000
-1.179000
-0.542000
0.906000
0.793000
0.149000
-0.586000
0.461000
0.850000
-0.232000
-1.443000
-0.581000
0.500000
0.461000
-0.122000
0.044000
0.649000
0.315000
0.266000
-0.361000
-0.413000
-0.481000
0.244000
0.122000
0.037000
0.110000
0.295000
0.271000
0.273000
0.286000
-0.327000
-0.454000
-0.081000
-0.232000
-0.273000
0.381000
0.349000
0.122000
-0.259000
0.081000
0.134000
0.073000
0.061000
-0.088000
0.095000
0.457000
0.364000
0.010000
0.037000
0.093000
-0.059000
-0.242000
-0.471000
-0.330000
0.046000
0.134000
0.103000
0.015000
0.376000
0.081000
-0.410000
-0.217000
-0.051000
0.190000
0.032000
0.083000
0.005000
0.398000
0.491000
0.339000
0.330000
0.232000
-0.029000
-0.479000
-0.659000
-0.339000
0.093000
-0.012000
-0.117000
0.042000
0.825000
-0.811000
-0.679000
1.145000
0.469000
-0.247000
-1.357000
-0.496000
0.813000
1.069000
0.178000
-0.588000
-0.151000
0.535000
-0.166000
-1.111000
-0.591000
0.425000
0.381000
-0.203000
0.144000
0.525000
0.027000
-0.129000
-0.212000
-0.508000
-0.151000
0.012000
0.073000
0.105000
0.010000
0.105000
0.208000
0.271000
0.061000
-0.520000
-0.554000
0.107000
0.278000
-0.142000
-0.203000
0.586000
0.488000
-0.037000
-0.295000
-0.220000
0.110000
0.273000
-0.115000
-0.234000
0.117000
0.374000
0.310000
0.100000
0.134000
0.056000
-0.098000
-0.244000
-0.417000
-0.437000
-0.095000
-0.081000
-0.083000
0.259000
0.229000
-0.183000
-0.359000
0.137000
0.266000
0.027000
-0.154000
0.015000
0.161000
0.234000
0.186000
0.339000
0.581000
0.105000
-0.774000
-0.808000
-0.222000
0.073000
-0.098000
-0.085000
0.369000
0.566000
0.647000
-0.305000
-2.632000
-1.951000
-0.002000
0.530000
-0.864000
-0.491000
1.562000
1.355000
0.320000
-0.269000
0.278000
0.671000
0.188000
-1.213000
-1.130000
0.081000
0.474000
0.020000
0.088000
0.430000
0.400000
0.193000
-0.281000
-0.405000
-0.496000
-0.188000
0.156000
0.269000
0.090000
0.193000
0.012000
0.005000
0.281000
-0.020000
-0.410000
-0.322000
0.051000
-0.308000
-0.352000
0.239000
0.405000
0.193000
0.022000
-0.200000
-0.002000
-0.042000
0.007000
-0.303000
0.005000
0.464000
0.342000
0.254000
0.276000
0.249000
-0.144000
-0.415000
-0.525000
-0.518000
-0.327000
-0.027000
-0.344000
-0.352000
0.076000
0.283000
-0.144000
-0.410000
0.117000
0.417000
0.076000
-0.225000
0.085000
0.200000
0.327000
-0.015000
0.283000
0.420000
-0.012000
-0.432000
-0.669000
-0.286000
-0.044000
-0.286000
-0.227000
-0.137000
-0.076000
0.430000
0.222000
-0.212000
-1.873000
0.068000
0.530000
-0.151000
-0.237000
1.077000
1.011000
0.330000
-0.569000
-0.437000
0.571000
0.286000
-1.318000
-1.396000
0.115000
0.791000
0.049000
0.132000
0.298000
0.417000
0.186000
-0.103000
-0.576000
-0.540000
-0.112000
0.142000
0.112000
-0.139000
-0.076000
0.083000
0.029000
0.203000
-0.078000
-0.483000
-0.247000
0.032000
-0.229000
-0.283000
0.530000
0.374000
-0.007000
0.144000
0.056000
-0.044000
-0.249000
-0.161000
-0.203000
-0.115000
0.264000
0.146000
0.325000
0.305000
0.161000
-0.098000
-0.286000
-0.278000
-0.315000
-0.125000
0.056000
-0.286000
-0.352000
0.215000
0.073000
-0.312000
-0.603000
-0.129000
0.371000
0.291000
-0.222000
-0.210000
0.220000
0.474000
0.139000
0.183000
0.513000
0.090000
-0.518000
-0.754000
0.010000
0.161000
-0.112000
-0.122000
-0.144000
0.122000
0.757000
-0.222000
-2.224000
-1.887000
-0.464000
0.107000
-0.598000
-0.474000
1.133000
1.003000
0.164000
-0.503000
0.073000
0.583000
0.088000
-1.003000
-0.825000
0.396000
0.508000
0.232000
0.154000
0.256000
0.273000
0.044000
-0.220000
-0.549000
-0.330000
0.100000
0.195000
0.195000
0.076000
-0.015000
0.173000
0.229000
0.046000
-0.229000
-0.464000
-0.134000
0.322000
-0.393000
-0.315000
0.366000
0.535000
0.137000
-0.154000
-0.400000
-0.063000
0.166000
0.122000
0.000000
0.117000
0.298000
0.278000
0.161000
0.081000
0.044000
-0.403000
-0.437000
-0.413000
-0.212000
0.032000
-0.090000
-0.081000
-0.151000
0.405000
0.129000
-0.430000
-0.293000
0.161000
0.220000
0.146000
-0.029000
0.383000
0.425000
0.513000
0.183000
0.320000
0.410000
0.076000
-0.303000
-0.544000
-0.298000
0.261000
0.276000
-0.024000
0.198000
0.244000
-0.029000
-0.906000
-1.797000
0.081000
0.137000
-0.811000
-0.493000
1.265000
1.606000
0.625000
-0.300000
0.007000
0.352000
0.359000
-0.793000
-0.923000
0.405000
0.269000
0.166000
0.042000
0.481000
0.344000
0.137000
-0.349000
-0.022000
-0.269000
-0.044000
0.010000
0.144000
0.330000
0.183000
-0.022000
0.059000
0.352000
0.112000
-0.361000
-0.403000
0.142000
-0.132000
-0.305000
0.090000
0.420000
0.403000
0.095000
-0.220000
-0.364000
-0.037000
0.278000
-0.061000
-0.168000
0.215000
0.359000
0.374000
0.264000
0.190000
0.042000
-0.310000
-0.400000
-0.374000
-0.203000
0.049000
0.090000
-0.183000
0.283000
0.330000
-0.024000
-0.339000
0.266000
0.576000
0.020000
-0.415000
0.149000
0.554000
0.293000
0.320000
0.371000
0.803000
0.247000
-0.537000
-0.730000
-0.327000
-0.168000
-0.151000
-0.049000
0.107000
0.549000
0.564000
-0.723000
-2.534000
-0.535000
0.610000
-0.100000
-0.769000
-0.398000
1.182000
1.240000
-0.083000
-0.322000
0.181000
0.427000
0.234000
-1.106000
-0.723000
0.552000
0.337000
-0.356000
-0.212000
0.706000
0.776000
0.049000
-0.208000
-0.176000
-0.051000
-0.229000
-0.120000
0.002000
0.203000
0.361000
0.076000
0.015000
0.198000
0.081000
-0.403000
-0.432000
0.012000
-0.012000
-0.337000
0.027000
0.503000
0.408000
-0.027000
-0.081000
0.098000
-0.002000
0.244000
-0.222000
-0.115000
0.291000
0.366000
0.283000
0.215000
0.205000
-0.161000
-0.164000
-0.256000
-0.459000
-0.413000
0.171000
0.024000
-0.344000
0.178000
0.525000
-0.012000
-0.430000
-0.022000
0.559000
0.132000
-0.366000
-0.066000
0.464000
0.305000
0.005000
0.391000
0.759000
0.454000
-0.498000
-0.710000
-0.103000
0.146000
-0.137000
0.193000
0.305000
0.449000
0.430000
-0.071000
-0.676000
-1.926000
0.381000
0.146000
-0.649000
-0.286000
1.614000
0.942000
-0.161000
-0.579000
0.007000
0.793000
-0.208000
-1.399000
-1.089000
0.725000
0.454000
-0.664000
-0.342000
0.483000
0.469000
-0.059000
-0.554000
-0.737000
-0.083000
0.315000
-0.022000
-0.312000
0.081000
0.381000
0.293000
-0.039000
0.027000
-0.291000
-0.461000
-0.427000
-0.247000
0.159000
0.627000
0.322000
-0.295000
-0.205000
0.281000
0.283000
-0.188000
-0.317000
-0.505000
0.149000
0.376000
0.364000
0.337000
0.288000
0.242000
-0.166000
-0.466000
-0.156000
-0.276000
-0.254000
0.261000
-0.417000
-0.464000
0.210000
0.513000
0.022000
-0.588000
-0.461000
0.259000
0.312000
-0.447000
-0.532000
0.090000
0.688000
0.388000
0.312000
0.151000
0.076000
-0.103000
-0.645000
-0.710000
-0.166000
-0.125000
-0.142000
-0.090000
0.476000
0.620000
-1.257000
-1.628000
0.286000
0.261000
-0.339000
-0.527000
-0.356000
0.415000
0.791000
0.420000
-0.393000
0.139000
0.632000
0.051000
-0.791000
-0.425000
0.117000
0.232000
0.156000
-0.024000
0.164000
-0.112000
-0.066000
-0.061000
-0.298000
-0.322000
-0.332000
0.151000
0.325000
0.212000
-0.166000
0.144000
0.342000
0.110000
-0.532000
-0.449000
-0.200000
0.234000
-0.132000
-0.374000
0.332000
0.659000
0.115000
-0.266000
-0.359000
0.005000
0.366000
-0.305000
-0.339000
-0.029000
0.381000
0.432000
0.273000
0.066000
0.117000
0.068000
-0.115000
-0.354000
-0.427000
-0.073000
0.105000
-0.017000
-0.066000
0.132000
0.000000
-0.339000
-0.171000
0.413000
0.032000
-0.166000
-0.024000
0.176000
0.554000
0.269000
0.305000
0.400000
0.522000
-0.283000
-0.488000
-0.278000
0.007000
0.095000
-0.105000
-0.105000
0.195000
0.542000
-1.121000
-1.550000
0.303000
0.784000
-0.518000
-0.764000
0.229000
0.879000
0.776000
-0.259000
-0.276000
0.239000
0.735000
0.237000
-0.984000
-0.889000
0.247000
0.146000
-0.251000
-0.044000
0.525000
0.234000
-0.261000
-0.244000
-0.171000
-0.371000
-0.190000
0.059000
0.308000
0.354000
0.154000
-0.002000
-0.063000
0.212000
0.029000
-0.364000
-0.330000
0.027000
-0.508000
-0.483000
0.420000
0.530000
0.061000
-0.107000
-0.081000
0.063000
0.120000
0.164000
-0.098000
-0.198000
0.349000
0.269000
0.308000
0.305000
0.171000
-0.093000
-0.286000
-0.520000
-0.652000
-0.334000
-0.146000
-0.334000
-0.356000
0.288000
0.237000
-0.393000
-0.334000
0.286000
0.459000
0.037000
-0.198000
0.017000
0.293000
0.200000
-0.051000
0.273000
0.591000
0.142000
-0.889000
-0.977000
0.063000
0.176000
-0.178000
-0.208000
-0.093000
0.295000
0.564000
-1.787000
-1.658000
1.438000
1.028000
-0.273000
-1.260000
0.103000
0.996000
0.889000
-0.056000
-0.828000
0.261000
0.737000
-0.034000
-1.511000
-0.972000
0.447000
0.461000
-0.422000
0.017000
0.520000
0.557000
-0.066000
-0.159000
-0.461000
-0.151000
0.237000
-0.020000
-0.032000
0.049000
0.103000
-0.195000
-0.127000
-0.017000
0.046000
-0.393000
-0.505000
-0.208000
0.024000
0.042000
0.583000
0.303000
-0.330000
0.178000
-0.010000
0.225000
-0.093000
-0.522000
-0.210000
0.115000
0.242000
-0.022000
0.176000
0.405000
-0.225000
-0.583000
-0.491000
-0.615000
-0.405000
-0.044000
-0.085000
-0.266000
0.100000
0.671000
0.415000
-0.405000
-0.212000
0.352000
0.237000
-0.168000
-0.352000
0.205000
0.535000
0.505000
0.049000
-0.049000
0.010000
-0.210000
-0.452000
-0.510000
-0.010000
0.264000
0.183000
-0.369000
0.312000
0.691000
0.188000
0.273000
0.427000
0.767000
1.206000
-0.530000
-1.079000
-0.015000
0.601000
0.459000
-0.417000
-0.557000
0.383000
0.142000
-0.906000
-1.021000
0.320000
0.977000
0.037000
-0.176000
0.522000
0.581000
0.396000
0.039000
-0.613000
-0.510000
-0.005000
0.051000
0.105000
-0.042000
-0.120000
0.112000
0.383000
0.361000
-0.212000
-0.527000
-0.178000
0.154000
-0.317000
-0.103000
0.254000
0.562000
0.374000
-0.132000
-0.408000
0.034000
0.217000
-0.132000
-0.281000
0.142000
0.361000
0.378000
0.408000
0.181000
0.098000
-0.107000
-0.220000
-0.503000
-0.410000
0.125000
0.029000
-0.176000
-0.122000
0.383000
0.242000
-0.579000
-0.347000
0.093000
0.078000
0.090000
-0.115000
0.195000
0.405000
0.417000
0.232000
0.269000
0.400000
-0.054000
-0.413000
-0.752000
-0.095000
0.437000
-0.010000
-0.327000
0.481000
0.415000
0.291000
-0.220000
-0.776000
0.618000
0.725000
-0.005000
-0.496000
0.415000
0.879000
0.769000
-0.383000
-0.894000
0.186000
0.662000
-0.464000
-0.935000
0.190000
0.686000
0.098000
-0.085000
0.298000
0.405000
0.137000
-0.337000
-0.266000
-0.457000
-0.195000
0.093000
0.029000
0.229000
0.146000
-0.066000
0.059000
0.630000
0.166000
-0.312000
-0.386000
0.078000
0.154000
-0.259000
-0.134000
0.420000
0.400000
0.022000
-0.144000
-0.386000
-0.051000
0.349000
0.076000
-0.261000
0.210000
0.474000
0.627000
0.327000
0.090000
0.010000
-0.020000
-0.012000
-0.322000
-0.437000
-0.039000
0.122000
-0.117000
-0.022000
0.159000
-0.046000
-0.303000
0.110000
0.405000
0.146000
-0.127000
0.066000
0.537000
0.195000
0.068000
0.439000
1.016000
0.513000
-0.618000
-0.586000
-0.103000
-0.076000
0.024000
-0.232000
-0.334000
0.505000
0.540000
-0.291000
-1.584000
-0.889000
0.410000
0.322000
-0.684000
-0.364000
1.211000
1.265000
0.088000
-0.212000
-0.173000
0.322000
0.288000
-1.028000
-0.737000
0.430000
0.449000
-0.134000
-0.100000
0.513000
0.198000
-0.291000
-0.176000
-0.020000
-0.142000
-0.217000
0.051000
0.125000
0.039000
0.195000
0.132000
0.100000
0.166000
0.107000
-0.417000
-0.583000
0.024000
0.005000
-0.251000
-0.051000
0.420000
0.398000
-0.083000
0.151000
0.083000
-0.037000
0.388000
-0.083000
-0.032000
0.315000
0.195000
0.076000
0.117000
0.190000
-0.137000
-0.327000
-0.278000
-0.349000
-0.281000
-0.039000
-0.295000
-0.229000
0.308000
0.454000
-0.071000
-0.483000
-0.078000
0.544000
0.352000
0.039000
-0.015000
0.557000
0.415000
0.120000
0.254000
0.544000
0.278000
-0.562000
-0.811000
-0.530000
-0.315000
-0.112000
0.085000
-0.110000
0.288000
0.569000
-0.005000
-1.177000
-1.624000
-0.007000
0.266000
-0.444000
-0.217000
1.277000
1.155000
0.054000
-0.527000
-0.161000
0.510000
0.510000
-0.532000
-0.752000
0.486000
0.376000
-0.081000
0.076000
0.569000
0.566000
0.193000
-0.354000
-0.405000
-0.300000
0.095000
-0.034000
0.049000
0.408000
0.129000
-0.154000
0.024000
0.278000
0.090000
-0.415000
-0.457000
0.120000
-0.132000
-0.134000
0.481000
0.237000
0.098000
0.068000
-0.188000
-0.156000
-0.073000
0.027000
-0.027000
-0.188000
0.293000
0.366000
0.354000
0.129000
0.042000
0.044000
-0.225000
-0.527000
-0.430000
0.112000
0.247000
-0.203000
-0.327000
0.479000
0.647000
-0.396000
-0.623000
-0.161000
0.356000
0.125000
-0.107000
0.156000
0.535000
0.676000
0.305000
-0.046000
0.129000
-0.066000
-0.315000
-0.291000
-0.315000
-0.205000
0.076000
0.071000
0.176000
0.540000
0.361000
-0.701000
0.022000
1.609000
1.580000
-0.303000
-1.294000
-0.557000
0.627000
0.933000
-0.234000
-0.903000
0.020000
0.610000
-0.576000
-0.823000
-0.027000
0.488000
0.344000
-0.229000
0.227000
0.310000
-0.022000
-0.466000
-0.471000
-0.310000
-0.354000
0.051000
0.100000
0.183000
0.269000
0.281000
-0.227000
0.044000
0.002000
-0.413000
-0.525000
-0.078000
0.120000
-0.232000
0.193000
0.393000
0.271000
-0.417000
-0.024000
0.105000
0.056000
0.037000
-0.327000
-0.015000
0.593000
0.195000
0.164000
0.244000
0.195000
-0.132000
-0.569000
-0.151000
-0.173000
-0.129000
0.132000
-0.117000
-0.332000
-0.007000
0.388000
0.039000
-0.845000
-0.432000
0.498000
0.525000
-0.054000
-0.054000
0.383000
0.332000
0.139000
0.188000
0.728000
0.232000
-0.391000
-0.603000
-0.552000
-0.337000
0.273000
-0.090000
-0.435000
0.161000
0.518000
0.254000
-0.852000
-1.926000
0.144000
0.352000
-0.620000
-0.547000
1.255000
1.411000
0.337000
-0.352000
-0.168000
0.132000
0.476000
-0.894000
-0.852000
0.381000
0.425000
0.027000
-0.239000
0.505000
0.366000
0.020000
-0.425000
-0.093000
-0.317000
-0.283000
0.117000
0.393000
0.076000
0.122000
0.254000
0.212000
0.288000
0.210000
-0.342000
-0.491000
-0.037000
-0.222000
-0.386000
-0.073000
0.591000
0.229000
-0.171000
0.076000
0.276000
0.034000
-0.051000
-0.310000
0.027000
0.347000
0.212000
0.315000
0.476000
0.381000
-0.212000
-0.474000
-0.308000
-0.386000
-0.417000
-0.120000
-0.159000
-0.461000
-0.283000
0.349000
-0.007000
-0.632000
-0.112000
0.352000
0.364000
0.168000
0.120000
0.264000
0.396000
0.410000
0.098000
0.166000
0.457000
-0.110000
-0.740000
-0.579000
-0.154000
0.234000
0.107000
-0.242000
0.234000
0.632000
0.195000
0.034000
-0.237000
0.454000
0.935000
0.012000
-0.232000
0.078000
0.796000
0.852000
0.015000
-1.042000
-0.073000
0.481000
-0.408000
-1.077000
-0.186000
0.500000
0.081000
-0.254000
0.237000
0.530000
0.061000
-0.220000
-0.183000
-0.142000
-0.344000
-0.105000
-0.017000
0.249000
0.107000
-0.117000
-0.171000
0.051000
-0.110000
-0.361000
-0.334000
-0.312000
-0.061000
-0.276000
0.017000
0.305000
0.564000
0.203000
-0.093000
-0.142000
0.061000
0.217000
-0.032000
-0.259000
-0.195000
0.203000
0.461000
0.225000
-0.137000
-0.222000
-0.417000
-0.137000
-0.132000
-0.342000
-0.088000
-0.056000
-0.237000
-0.168000
0.342000
-0.054000
-0.569000
-0.239000
0.317000
0.239000
0.115000
-0.042000
0.125000
0.061000
0.149000
0.208000
0.330000
0.317000
-0.125000
-0.300000
-0.225000
-0.076000
0.017000
-0.144000
-0.283000
-0.139000
0.476000
0.654000
-0.537000
0.393000
1.394000
0.752000
-0.757000
-1.067000
0.193000
0.879000
0.715000
-0.537000
-0.896000
0.015000
0.454000
-0.371000
-0.750000
0.076000
0.747000
0.283000
-0.696000
0.359000
0.771000
0.098000
-0.420000
-0.276000
-0.178000
-0.034000
0.127000
-0.293000
-0.254000
0.164000
0.032000
0.022000
0.024000
-0.159000
-0.173000
-0.562000
-0.024000
0.222000
-0.078000
0.090000
0.408000
0.354000
-0.083000
0.088000
0.027000
-0.029000
0.039000
-0.037000
-0.088000
0.208000
0.237000
0.059000
0.203000
0.100000
-0.127000
-0.413000
-0.173000
-0.217000
-0.164000
0.083000
0.176000
-0.056000
0.103000
0.361000
-0.166000
-0.728000
-0.283000
0.098000
0.005000
-0.039000
-0.078000
0.254000
0.144000
0.422000
0.325000
0.415000
0.024000
-0.486000
-0.286000
-0.044000
-0.061000
-0.203000
-0.103000
0.085000
0.649000
0.688000
0.134000
-1.218000
0.530000
1.790000
1.204000
-0.891000
-1.094000
0.122000
0.496000
0.288000
-0.286000
-0.789000
0.151000
0.781000
-0.525000
-0.867000
0.090000
0.869000
0.286000
-0.520000
0.168000
0.359000
0.093000
-0.364000
-0.439000
-0.376000
-0.417000
-0.125000
-0.127000
-0.081000
0.176000
0.278000
0.000000
0.095000
-0.037000
-0.349000
-0.415000
0.046000
-0.037000
-0.422000
0.154000
0.664000
0.378000
-0.339000
-0.188000
0.107000
0.112000
0.217000
-0.344000
-0.066000
0.518000
0.249000
-0.061000
0.044000
0.081000
-0.356000
-0.466000
-0.217000
-0.439000
-0.415000
0.049000
-0.129000
-0.293000
-0.017000
0.515000
0.061000
-0.671000
-0.352000
0.137000
0.342000
0.164000
0.173000
0.459000
0.681000
0.667000
0.068000
0.151000
0.288000
-0.076000
-0.417000
-0.483000
-0.315000
-0.139000
-0.164000
-0.210000
-0.063000
0.190000
0.166000
0.098000
0.520000
1.033000
1.638000
-0.327000
-0.701000
-0.242000
1.057000
1.018000
-0.559000
-1.057000
0.200000
0.740000
-0.615000
-0.945000
0.166000
0.476000
0.107000
-0.320000
0.186000
0.298000
-0.017000
-0.193000
-0.142000
-0.176000
-0.403000
0.269000
0.115000
-0.105000
0.183000
0.469000
-0.068000
0.266000
0.061000
-0.298000
-0.322000
-0.020000
0.093000
-0.264000
0.007000
0.537000
0.322000
-0.288000
-0.012000
0.156000
0.278000
0.173000
-0.276000
-0.217000
0.288000
0.200000
0.293000
0.422000
0.154000
-0.151000
-0.276000
-0.271000
-0.540000
-0.349000
-0.010000
-0.032000
-0.325000
0.005000
0.183000
0.034000
-0.386000
0.122000
0.613000
0.139000
-0.093000
0.010000
0.188000
0.576000
0.396000
0.154000
0.417000
0.359000
-0.330000
-0.793000
-0.332000
0.198000
0.110000
-0.286000
-0.212000
0.408000
0.686000
-0.420000
-2.312000
-0.857000
0.447000
0.261000
-1.250000
-0.535000
1.042000
1.533000
0.347000
-0.693000
-0.232000
0.464000
0.518000
-0.872000
-0.891000
-0.007000
0.249000
0.173000
0.093000
0.554000
0.396000
-0.063000
-0.459000
0.015000
-0.059000
-0.012000
-0.112000
-0.024000
-0.076000
0.229000
0.042000
-0.088000
-0.068000
-0.010000
-0.281000
-0.461000
-0.120000
0.105000
-0.269000
-0.159000
0.405000
0.276000
0.117000
0.037000
-0.198000
-0.166000
0.342000
-0.007000
-0.205000
0.046000
0.403000
0.378000
0.193000
-0.061000
-0.303000
-0.256000
-0.278000
-0.247000
-0.449000
0.093000
0.164000
-0.186000
-0.142000
0.271000
0.176000
-0.518000
-0.481000
-0.022000
0.410000
0.144000
0.046000
0.149000
0.354000
0.312000
-0.042000
0.083000
0.354000
-0.056000
-0.247000
-0.435000
-0.027000
0.339000
-0.132000
-0.256000
0.093000
0.642000
0.354000
-1.406000
-0.188000
1.167000
1.250000
-0.059000
-0.911000
-0.459000
0.874000
0.874000
-0.190000
-1.057000
-0.051000
0.574000
-0.227000
-1.187000
-0.654000
0.542000
0.732000
-0.173000
-0.139000
0.674000
0.464000
-0.229000
-0.630000
-0.415000
-0.161000
0.171000
0.076000
0.085000
0.125000
0.142000
-0.044000
-0.078000
0.261000
0.076000
-0.581000
-0.378000
0.032000
-0.139000
0.120000
0.596000
0.312000
-0.068000
-0.005000
-0.242000
-0.063000
-0.112000
-0.310000
-0.056000
0.205000
0.378000
0.120000
0.173000
0.298000
0.088000
-0.500000
