-0.051000
-0.195000
-0.059000
-0.029000
-0.178000
-0.090000
-0.090000
-0.034000
0.037000
-0.134000
-0.298000
-0.032000
-0.002000
-0.115000
-0.010000
-0.090000
-0.054000
0.005000
0.027000
-0.049000
0.171000
0.024000
-0.039000
0.068000
-0.042000
-0.098000
-0.071000
0.107000
-0.063000
-0.247000
0.046000
0.098000
-0.276000
-0.098000
-0.012000
-0.022000
-0.154000
-0.049000
-0.010000
-0.134000
-0.020000
-0.122000
0.020000
-0.098000
-0.088000
-0.073000
-0.166000
-0.051000
-0.022000
-0.083000
-0.002000
0.032000
-0.054000
0.076000
0.042000
0.049000
-0.032000
0.127000
0.120000
-0.017000
-0.078000
0.024000
0.110000
0.176000
-0.103000
-0.110000
0.229000
-0.029000
-0.308000
0.532000
-0.071000
-0.344000
0.198000
-0.007000
0.029000
-0.020000
0.024000
0.034000
0.066000
-0.044000
-0.061000
0.068000
-0.071000
-0.110000
-0.222000
0.068000
0.139000
-0.012000
-0.159000
-0.061000
0.020000
-0.078000
-0.007000
-0.063000
0.015000
-0.117000
-0.005000
-0.029000
0.105000
0.068000
-0.051000
-0.037000
0.002000
0.032000
-0.054000
-0.017000
-0.178000
0.010000
-0.032000
-0.066000
-0.103000
-0.073000
-0.115000
-0.027000
-0.005000
-0.012000
-0.122000
0.022000
0.122000
0.007000
-0.024000
-0.054000
0.188000
0.105000
-0.066000
-0.093000
-0.049000
-0.076000
-0.015000
-0.051000
-0.107000
0.029000
0.024000
-0.100000
0.007000
0.156000
0.000000
-0.037000
0.061000
0.100000
0.125000
0.076000
0.171000
0.054000
-0.176000
0.120000
0.193000
-0.107000
-0.061000
-0.005000
0.051000
0.022000
-0.076000
0.046000
0.186000
0.142000
0.051000
-0.015000
-0.205000
0.037000
0.154000
-0.098000
0.063000
0.000000
0.061000
0.063000
0.046000
-0.037000
-0.107000
-0.237000
0.076000
0.178000
-0.027000
0.022000
0.176000
0.066000
0.129000
-0.173000
-0.144000
0.190000
-0.088000
-0.063000
0.098000
0.137000
0.112000
0.059000
-0.122000
-0.056000
-0.020000
-0.022000
-0.066000
0.046000
0.029000
-0.017000
0.142000
0.112000
0.110000
0.044000
0.071000
0.012000
0.068000
-0.071000
0.076000
-0.046000
0.044000
0.134000
-0.139000
-0.027000
-0.010000
0.017000
-0.066000
-0.024000
-0.044000
0.059000
0.037000
0.181000
0.049000
-0.054000
0.083000
0.081000
0.090000
-0.015000
0.037000
0.032000
-0.029000
0.027000
0.039000
0.029000
0.154000
-0.217000
-0.093000
0.103000
0.024000
-0.054000
0.083000
0.100000
0.010000
0.110000
0.139000
-0.024000
-0.081000
0.037000
0.186000
-0.056000
0.017000
0.161000
0.208000
0.042000
-0.261000
-0.164000
0.168000
-0.042000
-0.176000
0.142000
0.085000
-0.249000
0.022000
0.186000
0.000000
-0.056000
-0.022000
0.032000
0.017000
0.056000
0.010000
0.071000
-0.107000
0.005000
-0.110000
-0.203000
-0.054000
-0.015000
0.122000
-0.295000
-0.146000
-0.015000
-0.125000
0.100000
0.071000
-0.037000
-0.115000
0.022000
0.117000
-0.012000
-0.359000
-0.024000
0.161000
-0.205000
-0.178000
0.178000
0.098000
-0.017000
-0.037000
0.222000
0.098000
-0.139000
0.127000
0.015000
0.137000
0.115000
0.005000
0.134000
0.044000
0.117000
0.159000
-0.078000
0.029000
0.295000
-0.186000
-0.020000
0.115000
0.029000
-0.017000
-0.012000
0.054000
-0.039000
0.063000
0.105000
-0.142000
-0.056000
-0.117000
-0.095000
0.215000
0.017000
-0.391000
-0.229000
-0.005000
0.020000
-0.098000
-0.054000
-0.010000
-0.205000
-0.139000
0.176000
0.093000
-0.200000
-0.210000
0.034000
0.154000
0.081000
-0.063000
0.024000
0.010000
-0.020000
-0.146000
0.059000
0.056000
-0.154000
-0.071000
0.037000
-0.234000
-0.247000
-0.051000
-0.105000
-0.171000
0.054000
0.125000
-0.166000
-0.178000
0.085000
0.200000
-0.037000
-0.076000
0.017000
0.054000
0.034000
0.073000
0.015000
-0.105000
-0.044000
-0.171000
-0.068000
0.134000
0.193000
-0.059000
-0.002000
0.171000
-0.010000
-0.044000
0.022000
0.000000
0.054000
0.217000
0.051000
0.061000
0.225000
-0.029000
-0.139000
0.066000
0.046000
-0.046000
-0.020000
-0.071000
0.020000
-0.085000
-0.215000
0.051000
0.103000
0.042000
-0.085000
-0.117000
0.146000
-0.007000
0.042000
0.305000
-0.007000
-0.273000
-0.044000
0.056000
-0.034000
-0.137000
-0.081000
-0.076000
-0.166000
-0.046000
0.039000
-0.012000
-0.093000
-0.198000
-0.005000
0.176000
0.125000
-0.173000
0.015000
0.054000
-0.020000
-0.046000
0.066000
-0.164000
-0.125000
0.085000
-0.049000
-0.151000
-0.020000
-0.046000
-0.061000
0.054000
-0.239000
-0.110000
0.044000
-0.032000
0.061000
0.068000
-0.083000
-0.227000
0.059000
0.117000
-0.007000
-0.208000
-0.037000
0.168000
-0.085000
-0.198000
-0.103000
0.012000
0.017000
0.027000
0.029000
-0.015000
0.066000
-0.020000
-0.039000
0.029000
0.029000
-0.034000
0.115000
0.076000
-0.027000
-0.073000
-0.020000
0.024000
-0.063000
-0.178000
-0.015000
0.127000
0.020000
-0.024000
-0.051000
0.083000
0.115000
0.100000
-0.012000
0.007000
-0.027000
0.078000
0.049000
0.012000
-0.066000
0.044000
0.027000
-0.122000
-0.088000
-0.044000
-0.183000
-0.154000
-0.039000
-0.046000
-0.171000
-0.142000
0.078000
0.120000
-0.007000
-0.183000
0.032000
0.334000
0.049000
-0.054000
0.161000
-0.027000
-0.029000
0.002000
-0.103000
-0.046000
0.044000
-0.017000
-0.073000
-0.029000
0.010000
-0.012000
-0.071000
-0.046000
-0.022000
-0.081000
-0.183000
-0.139000
0.046000
0.049000
-0.042000
-0.105000
0.007000
0.056000
-0.146000
-0.239000
0.078000
-0.010000
-0.222000
-0.129000
0.081000
0.093000
-0.300000
-0.081000
0.183000
0.146000
0.059000
0.093000
0.139000
-0.017000
-0.107000
-0.024000
0.054000
0.027000
-0.042000
-0.112000
-0.022000
-0.029000
-0.122000
-0.164000
-0.161000
0.034000
0.078000
-0.103000
-0.029000
-0.115000
-0.156000
0.000000
0.024000
0.188000
0.042000
-0.144000
0.002000
0.000000
-0.225000
0.049000
0.205000
-0.010000
-0.396000
-0.256000
0.112000
0.100000
-0.002000
0.059000
0.046000
0.110000
0.010000
-0.144000
0.068000
0.181000
-0.020000
-0.110000
0.085000
0.166000
-0.054000
-0.068000
-0.115000
-0.076000
0.059000
-0.088000
-0.066000
-0.020000
-0.208000
-0.051000
0.215000
-0.046000
-0.083000
0.168000
0.186000
-0.088000
0.027000
0.112000
-0.078000
-0.090000
-0.015000
0.076000
-0.073000
-0.090000
-0.093000
-0.208000
-0.056000
0.085000
-0.049000
-0.103000
-0.012000
-0.068000
0.015000
0.078000
-0.051000
-0.056000
0.022000
-0.051000
-0.015000
0.032000
0.110000
-0.034000
-0.142000
-0.166000
-0.374000
-0.137000
0.151000
-0.044000
-0.071000
0.286000
0.188000
0.029000
0.005000
0.061000
-0.020000
-0.122000
-0.029000
0.095000
0.027000
-0.039000
0.039000
0.271000
-0.264000
-0.151000
0.134000
-0.105000
0.054000
-0.071000
-0.037000
0.203000
-0.068000
-0.015000
0.239000
-0.059000
0.056000
0.054000
-0.220000
0.229000
-0.002000
0.020000
0.217000
0.266000
0.081000
-0.225000
-0.273000
-0.046000
0.078000
-0.027000
-0.161000
0.132000
0.178000
-0.203000
-0.125000
0.212000
0.073000
-0.012000
-0.042000
0.044000
0.054000
-0.095000
-0.034000
0.088000
0.027000
0.002000
-0.183000
0.034000
-0.002000
-0.105000
0.073000
0.020000
-0.078000
0.056000
0.049000
0.063000
0.054000
0.037000
0.076000
0.054000
0.059000
0.034000
-0.034000
0.037000
0.112000
-0.049000
-0.181000
-0.215000
-0.129000
-0.054000
-0.125000
0.017000
0.044000
0.002000
-0.095000
-0.159000
0.122000
0.195000
0.063000
0.183000
0.020000
-0.103000
0.059000
0.093000
0.129000
-0.017000
-0.085000
-0.090000
-0.059000
0.032000
-0.042000
-0.144000
0.291000
0.234000
0.159000
-0.254000
0.291000
0.400000
-0.146000
0.029000
0.208000
0.044000
0.203000
0.095000
0.107000
0.239000
0.039000
-0.105000
-0.027000
0.085000
0.122000
-0.242000
-0.166000
0.164000
0.090000
-0.171000
0.054000
0.149000
-0.083000
-0.027000
0.017000
0.166000
0.076000
-0.017000
0.007000
0.039000
-0.051000
-0.049000
0.063000
-0.034000
0.051000
0.000000
-0.002000
0.073000
0.081000
-0.085000
0.012000
-0.471000
0.259000
0.044000
-0.073000
0.198000
0.127000
-0.063000
-0.110000
0.073000
-0.173000
0.032000
-0.078000
-0.083000
0.164000
0.125000
-0.088000
-0.039000
0.046000
-0.059000
-0.063000
-0.198000
0.068000
0.159000
0.129000
-0.046000
-0.015000
0.183000
0.137000
0.115000
0.122000
0.024000
-0.068000
-0.054000
-0.029000
0.088000
-0.012000
0.081000
0.071000
0.107000
0.042000
-0.015000
-0.186000
0.288000
0.127000
-0.125000
0.046000
-0.081000
0.002000
0.012000
-0.034000
-0.176000
0.337000
-0.100000
-0.142000
0.149000
0.085000
-0.024000
0.017000
0.195000
0.017000
0.046000
0.059000
0.144000
0.110000
0.090000
-0.007000
-0.085000
-0.046000
-0.110000
-0.024000
0.049000
-0.103000
-0.107000
-0.115000
0.125000
-0.024000
-0.037000
0.044000
0.054000
0.125000
-0.061000
-0.007000
0.078000
0.049000
0.012000
0.000000
0.142000
0.024000
-0.095000
-0.103000
0.085000
-0.103000
-0.273000
-0.251000
0.066000
0.144000
0.066000
-0.176000
-0.291000
-0.020000
0.115000
0.134000
-0.171000
0.012000
0.042000
0.046000
-0.149000
0.171000
0.244000
-0.098000
-0.051000
-0.044000
0.010000
-0.046000
0.042000
-0.073000
0.010000
-0.054000
0.129000
0.107000
0.005000
0.134000
0.122000
0.103000
0.029000
0.188000
-0.020000
-0.068000
0.046000
0.154000
0.005000
-0.054000
-0.042000
0.054000
-0.039000
-0.020000
-0.137000
-0.203000
-0.039000
-0.076000
-0.046000
-0.071000
0.090000
-0.005000
-0.024000
0.029000
-0.073000
-0.127000
0.078000
0.225000
-0.078000
0.027000
0.024000
0.049000
-0.173000
-0.117000
0.269000
0.151000
-0.037000
-0.027000
-0.110000
-0.181000
0.120000
0.078000
-0.010000
0.024000
-0.017000
-0.046000
0.071000
-0.034000
0.000000
-0.083000
-0.132000
-0.146000
0.002000
0.127000
-0.017000
-0.159000
-0.127000
0.144000
-0.117000
-0.181000
-0.078000
-0.022000
-0.063000
-0.061000
-0.056000
0.149000
0.098000
-0.222000
-0.156000
0.420000
-0.244000
-0.208000
0.081000
0.017000
0.229000
-0.088000
-0.046000
-0.107000
-0.061000
0.066000
-0.032000
0.054000
0.173000
0.164000
-0.098000
0.103000
-0.100000
-0.112000
-0.107000
0.056000
0.088000
-0.012000
-0.139000
-0.071000
0.056000
-0.132000
-0.017000
-0.066000
-0.034000
0.027000
0.061000
0.090000
-0.044000
-0.022000
0.129000
0.071000
-0.085000
0.024000
-0.115000
0.034000
-0.247000
0.137000
-0.029000
-0.146000
-0.110000
0.039000
-0.066000
-0.005000
0.068000
-0.034000
0.020000
-0.029000
0.083000
-0.002000
0.090000
0.015000
0.015000
0.005000
0.117000
-0.042000
-0.220000
0.071000
0.051000
-0.078000
-0.166000
0.005000
-0.005000
0.000000
0.056000
0.056000
0.068000
-0.042000
-0.244000
0.110000
0.298000
-0.020000
0.034000
0.176000
0.068000
-0.171000
-0.146000
-0.173000
0.073000
0.012000
-0.037000
-0.083000
0.090000
0.002000
-0.085000
0.103000
0.024000
0.078000
-0.054000
0.032000
0.093000
0.076000
0.027000
0.073000
0.027000
-0.002000
-0.020000
0.037000
0.159000
-0.076000
-0.178000
-0.010000
0.120000
-0.132000
-0.239000
-0.037000
0.176000
-0.071000
-0.032000
0.100000
0.046000
-0.186000
-0.193000
0.046000
-0.137000
-0.286000
-0.054000
0.239000
0.066000
-0.078000
-0.156000
-0.049000
0.071000
-0.015000
-0.032000
0.017000
0.095000
0.100000
0.076000
0.066000
0.100000
0.085000
0.032000
-0.083000
-0.054000
-0.068000
-0.125000
0.037000
0.034000
0.166000
-0.103000
-0.149000
-0.271000
-0.186000
0.012000
0.132000
-0.063000
0.059000
0.056000
-0.042000
-0.078000
-0.159000
-0.083000
-0.132000
-0.071000
-0.066000
0.100000
-0.149000
-0.117000
-0.068000
-0.056000
-0.039000
-0.173000
-0.107000
0.059000
0.085000
-0.010000
0.098000
0.122000
0.188000
0.183000
0.034000
0.027000
0.000000
-0.002000
0.059000
0.115000
0.005000
-0.098000
-0.046000
0.068000
-0.173000
-0.144000
-0.144000
-0.193000
-0.278000
-0.261000
-0.105000
-0.024000
-0.093000
-0.066000
0.029000
0.090000
0.098000
-0.103000
0.098000
0.085000
0.090000
-0.046000
0.039000
0.029000
-0.217000
-0.110000
0.024000
0.100000
-0.032000
-0.010000
-0.017000
0.059000
0.076000
0.100000
0.078000
0.090000
0.039000
0.068000
0.010000
0.071000
0.002000
0.039000
0.081000
-0.073000
0.088000
0.034000
-0.085000
-0.002000
-0.188000
-0.088000
-0.024000
-0.215000
-0.220000
0.071000
-0.037000
-0.039000
-0.051000
0.051000
-0.022000
-0.002000
-0.056000
0.005000
-0.020000
0.078000
-0.046000
-0.061000
0.044000
-0.024000
-0.098000
0.037000
0.115000
0.017000
0.068000
-0.073000
0.100000
0.007000
0.039000
0.085000
0.068000
-0.007000
0.061000
0.129000
-0.034000
-0.076000
-0.134000
0.044000
-0.073000
-0.168000
-0.178000
0.015000
0.198000
-0.059000
-0.171000
-0.156000
0.198000
0.078000
-0.249000
-0.159000
0.149000
-0.007000
-0.300000
-0.039000
0.056000
-0.012000
-0.068000
-0.029000
-0.076000
-0.005000
-0.093000
-0.061000
0.061000
-0.149000
-0.017000
0.203000
0.046000
0.095000
-0.144000
-0.034000
0.125000
0.059000
0.017000
-0.010000
-0.146000
-0.059000
-0.103000
-0.139000
-0.127000
-0.212000
-0.054000
-0.022000
-0.068000
-0.093000
0.015000
0.093000
-0.129000
-0.024000
0.090000
0.076000
0.022000
0.090000
-0.088000
-0.181000
0.056000
0.068000
0.076000
-0.198000
-0.195000
-0.090000
0.024000
-0.063000
-0.110000
0.090000
0.164000
-0.261000
-0.046000
0.039000
-0.005000
0.083000
0.303000
0.371000
0.088000
-0.010000
-0.115000
0.046000
0.049000
-0.071000
-0.164000
0.010000
0.020000
-0.151000
0.073000
-0.007000
-0.049000
-0.032000
0.139000
0.000000
0.085000
0.212000
0.024000
0.098000
0.137000
-0.010000
-0.029000
-0.015000
0.073000
0.137000
0.029000
-0.051000
0.007000
-0.061000
-0.095000
0.010000
0.015000
-0.032000
0.173000
0.300000
0.010000
-0.032000
0.078000
-0.176000
0.083000
0.161000
-0.139000
0.068000
0.015000
-0.144000
0.051000
0.049000
-0.188000
-0.200000
0.095000
-0.044000
-0.188000
0.002000
-0.015000
-0.002000
0.059000
0.188000
-0.088000
0.005000
0.115000
0.129000
-0.049000
-0.183000
-0.068000
0.046000
0.054000
-0.039000
-0.012000
-0.129000
-0.024000
-0.095000
-0.088000
-0.071000
-0.059000
0.012000
-0.046000
-0.139000
-0.063000
0.000000
-0.115000
-0.017000
-0.029000
-0.017000
-0.115000
0.029000
-0.068000
-0.210000
-0.103000
0.063000
0.066000
-0.042000
-0.061000
-0.039000
0.181000
-0.066000
0.015000
0.168000
0.085000
-0.032000
0.073000
0.046000
-0.022000
-0.061000
0.049000
0.134000
0.066000
-0.249000
0.151000
0.129000
-0.134000
-0.059000
-0.002000
0.107000
-0.078000
-0.078000
0.027000
0.027000
0.068000
0.112000
0.110000
0.105000
0.159000
0.110000
0.093000
0.098000
-0.081000
-0.166000
-0.051000
0.076000
0.054000
-0.054000
-0.149000
-0.022000
0.022000
-0.164000
-0.073000
-0.054000
-0.149000
-0.022000
-0.173000
-0.176000
-0.010000
0.037000
0.059000
0.042000
-0.142000
-0.156000
0.044000
0.142000
-0.063000
-0.049000
0.149000
-0.059000
-0.205000
0.027000
0.149000
0.044000
-0.029000
0.103000
0.000000
0.078000
0.081000
0.046000
-0.142000
0.034000
0.229000
0.081000
-0.032000
-0.056000
0.012000
-0.144000
-0.049000
0.154000
0.093000
-0.166000
0.046000
0.166000
0.039000
-0.029000
-0.022000
-0.015000
0.049000
0.139000
-0.012000
-0.024000
-0.100000
0.154000
0.144000
-0.046000
-0.012000
-0.078000
0.002000
0.220000
0.127000
-0.188000
-0.061000
0.066000
0.156000
-0.044000
-0.002000
0.120000
0.024000
-0.095000
0.022000
0.110000
-0.073000
0.022000
-0.095000
-0.071000
-0.042000
-0.020000
-0.288000
0.229000
0.088000
-0.112000
0.007000
0.012000
-0.059000
-0.039000
0.107000
0.051000
0.156000
0.037000
0.056000
0.117000
0.090000
0.090000
-0.044000
-0.154000
0.115000
0.127000
-0.139000
-0.137000
0.020000
0.054000
-0.049000
0.020000
-0.112000
-0.095000
0.208000
0.159000
-0.107000
0.061000
0.068000
0.002000
0.015000
-0.037000
0.000000
-0.093000
-0.195000
0.154000
0.071000
-0.208000
0.107000
-0.105000
-0.056000
0.154000
-0.110000
0.000000
0.200000
-0.012000
-0.076000
0.068000
0.059000
0.007000
-0.132000
-0.107000
-0.059000
0.012000
-0.168000
-0.098000
0.293000
-0.205000
-0.286000
0.002000
-0.007000
-0.010000
-0.022000
0.037000
0.034000
-0.127000
-0.078000
0.056000
0.156000
-0.024000
-0.161000
-0.071000
0.125000
-0.049000
-0.112000
-0.020000
-0.022000
0.012000
-0.020000
0.034000
0.100000
0.005000
0.042000
0.093000
0.007000
-0.032000
-0.029000
0.027000
0.002000
0.000000
-0.063000
0.083000
-0.107000
-0.032000
-0.110000
0.007000
0.005000
-0.029000
-0.044000
-0.071000
0.046000
-0.024000
-0.005000
-0.110000
-0.078000
0.068000
0.176000
-0.010000
-0.142000
0.090000
0.044000
0.007000
-0.007000
0.056000
-0.525000
0.225000
0.259000
-0.120000
-0.056000
0.059000
-0.142000
-0.203000
0.098000
-0.005000
-0.037000
0.205000
0.396000
-0.186000
0.029000
0.298000
-0.176000
-0.308000
-0.063000
-0.100000
-0.107000
0.190000
0.100000
-0.078000
-0.085000
-0.024000
0.095000
-0.232000
-0.081000
0.078000
0.095000
0.088000
0.107000
-0.022000
0.007000
0.159000
0.068000
-0.027000
-0.029000
-0.024000
0.054000
0.076000
-0.093000
-0.193000
-0.112000
-0.024000
-0.120000
-0.144000
0.039000
0.061000
-0.146000
0.037000
0.190000
-0.159000
0.076000
0.186000
0.010000
-0.007000
0.073000
0.022000
-0.032000
-0.078000
-0.142000
0.051000
0.017000
-0.154000
-0.120000
-0.002000
0.002000
-0.059000
-0.022000
-0.063000
-0.002000
0.032000
-0.295000
-0.015000
0.093000
0.178000
0.037000
-0.085000
0.051000
-0.105000
-0.083000
-0.046000
-0.134000
-0.066000
0.078000
-0.029000
-0.112000
-0.032000
-0.044000
-0.015000
-0.042000
-0.002000
-0.044000
0.129000
0.073000
0.032000
0.042000
0.027000
-0.007000
-0.059000
-0.015000
-0.098000
-0.051000
-0.088000
0.010000
-0.103000
-0.042000
0.059000
0.093000
-0.056000
0.015000
0.125000
0.083000
-0.071000
0.066000
0.237000
0.151000
0.034000
0.110000
0.232000
0.051000
-0.159000
-0.105000
0.183000
0.105000
0.105000
0.049000
-0.059000
-0.085000
0.061000
0.117000
0.039000
-0.032000
0.017000
0.110000
0.020000
0.010000
0.212000
0.044000
-0.088000
-0.015000
-0.022000
0.012000
-0.010000
-0.059000
0.032000
0.005000
0.115000
0.020000
-0.032000
-0.103000
-0.085000
0.042000
0.066000
-0.010000
0.024000
-0.142000
0.056000
0.173000
-0.212000
-0.127000
0.095000
-0.059000
0.083000
0.061000
-0.227000
-0.139000
0.146000
0.054000
-0.044000
0.090000
-0.015000
-0.022000
-0.066000
-0.063000
0.024000
0.017000
-0.042000
-0.054000
-0.110000
-0.088000
0.073000
-0.093000
-0.015000
-0.061000
-0.166000
0.020000
-0.044000
-0.071000
-0.061000
0.017000
0.034000
0.020000
0.061000
0.005000
0.066000
0.015000
0.066000
0.139000
0.061000
-0.012000
0.085000
0.042000
-0.164000
-0.081000
-0.164000
0.017000
0.063000
0.022000
0.103000
0.093000
-0.056000
-0.161000
-0.071000
-0.181000
0.366000
0.271000
-0.303000
-0.098000
0.188000
0.154000
-0.264000
-0.229000
-0.005000
0.049000
-0.149000
-0.427000
-0.056000
0.010000
0.078000
0.059000
0.198000
0.212000
0.054000
0.002000
0.186000
0.337000
-0.078000
-0.225000
-0.117000
0.164000
0.107000
-0.061000
-0.015000
-0.061000
-0.090000
-0.063000
-0.063000
0.100000
-0.022000
-0.164000
-0.076000
0.110000
0.125000
-0.076000
-0.090000
0.061000
0.127000
-0.081000
-0.134000
-0.007000
-0.034000
-0.044000
-0.068000
-0.032000
-0.037000
0.029000
-0.024000
-0.046000
-0.020000
-0.090000
-0.139000
0.098000
0.117000
-0.029000
0.010000
0.090000
-0.002000
0.015000
-0.032000
-0.017000
0.093000
0.059000
-0.032000
0.029000
0.085000
-0.078000
-0.103000
0.020000
0.105000
0.027000
-0.022000
0.063000
0.142000
-0.022000
-0.085000
-0.186000
0.010000
0.107000
-0.142000
-0.195000
-0.071000
0.076000
-0.105000
-0.334000
-0.117000
0.076000
-0.049000
-0.164000
-0.037000
0.220000
0.127000
-0.051000
0.017000
0.139000
0.071000
-0.159000
-0.002000
0.200000
0.093000
-0.002000
0.095000
0.110000
-0.085000
-0.127000
0.090000
0.049000
-0.073000
-0.151000
-0.139000
0.051000
0.117000
-0.203000
-0.164000
0.112000
0.081000
-0.100000
-0.059000
0.073000
0.081000
0.037000
0.029000
-0.095000
0.032000
-0.039000
-0.159000
-0.020000
0.010000
-0.205000
0.078000
0.188000
0.029000
0.068000
-0.073000
0.144000
0.100000
0.046000
-0.037000
-0.110000
0.093000
0.090000
-0.066000
-0.044000
-0.042000
-0.071000
-0.005000
-0.149000
-0.071000
0.015000
-0.193000
-0.100000
0.173000
-0.034000
-0.178000
-0.112000
0.188000
0.188000
0.020000
-0.083000
0.144000
-0.095000
-0.178000
0.015000
0.007000
0.178000
0.117000
-0.063000
-0.115000
0.029000
0.081000
-0.017000
0.029000
0.122000
0.073000
0.017000
0.073000
0.071000
-0.042000
-0.095000
0.149000
0.081000
0.002000
-0.044000
-0.042000
0.032000
-0.032000
-0.061000
0.022000
-0.103000
-0.032000
0.017000
-0.144000
-0.066000
-0.029000
-0.024000
0.049000
0.115000
0.022000
0.024000
0.024000
0.129000
0.029000
-0.029000
-0.132000
0.005000
0.066000
-0.061000
-0.195000
-0.007000
0.081000
-0.034000
-0.122000
-0.076000
0.110000
0.046000
0.000000
0.039000
0.137000
0.234000
-0.015000
-0.049000
-0.024000
0.049000
-0.085000
-0.051000
-0.122000
0.029000
0.195000
-0.093000
-0.095000
0.010000
0.032000
-0.129000
0.076000
-0.042000
0.161000
-0.330000
-0.374000
-0.015000
0.212000
0.295000
-0.120000
-0.005000
0.054000
0.352000
-0.159000
-0.247000
0.061000
-0.049000
-0.061000
0.222000
0.093000
-0.164000
0.017000
0.078000
0.225000
-0.103000
-0.129000
0.115000
0.105000
-0.022000
-0.039000
0.024000
0.215000
0.090000
-0.154000
-0.005000
0.020000
0.000000
-0.066000
0.085000
0.093000
-0.105000
-0.100000
0.154000
-0.032000
-0.105000
-0.015000
0.125000
0.181000
-0.134000
-0.071000
-0.027000
0.012000
0.083000
-0.073000
-0.090000
0.085000
-0.044000
-0.066000
-0.120000
0.095000
0.254000
-0.037000
-0.056000
-0.303000
-0.017000
0.012000
-0.051000
0.051000
0.149000
-0.083000
0.063000
0.049000
-0.068000
0.154000
-0.059000
-0.227000
0.078000
-0.144000
-0.081000
0.259000
0.098000
0.222000
-0.068000
-0.266000
0.063000
0.222000
0.044000
0.037000
0.029000
0.112000
0.005000
-0.095000
0.276000
0.056000
-0.051000
-0.054000
0.210000
0.110000
-0.120000
0.046000
0.215000
0.107000
0.034000
-0.071000
0.122000
0.156000
-0.037000
-0.054000
0.154000
0.005000
-0.029000
-0.090000
-0.098000
0.056000
-0.059000
-0.063000
0.020000
-0.110000
0.002000
-0.149000
-0.151000
0.000000
0.110000
-0.171000
0.034000
0.159000
-0.051000
0.020000
-0.042000
0.054000
0.042000
-0.095000
0.056000
0.127000
-0.002000
-0.186000
-0.330000
0.388000
-0.225000
-0.515000
0.012000
0.088000
0.007000
-0.095000
0.022000
0.081000
-0.015000
-0.022000
0.017000
0.017000
0.034000
0.063000
0.051000
-0.039000
-0.007000
0.076000
-0.010000
-0.020000
-0.076000
0.066000
-0.056000
-0.173000
-0.020000
0.171000
-0.010000
-0.183000
-0.139000
0.171000
-0.154000
-0.017000
0.017000
0.237000
-0.015000
-0.315000
0.125000
0.134000
0.002000
-0.068000
0.161000
0.063000
0.042000
-0.139000
0.010000
0.200000
0.039000
0.017000
0.044000
0.288000
-0.034000
-0.122000
0.083000
0.198000
0.115000
-0.027000
-0.046000
0.107000
0.149000
-0.190000
-0.149000
0.061000
0.120000
0.032000
-0.051000
0.068000
0.042000
-0.012000
0.007000
0.063000
0.088000
0.205000
-0.269000
-0.139000
-0.188000
-0.083000
0.198000
0.049000
-0.012000
0.032000
-0.046000
-0.029000
-0.081000
-0.161000
-0.005000
0.042000
-0.015000
0.100000
0.105000
-0.012000
0.093000
0.081000
0.017000
-0.010000
0.010000
-0.073000
-0.044000
-0.020000
-0.134000
-0.120000
0.002000
0.022000
-0.120000
-0.107000
-0.063000
0.037000
0.103000
0.149000
0.129000
0.137000
0.195000
0.081000
-0.110000
-0.059000
0.078000
-0.034000
0.029000
-0.020000
-0.049000
0.037000
-0.032000
-0.073000
-0.107000
-0.005000
-0.054000
-0.146000
0.127000
0.178000
0.122000
-0.015000
0.037000
0.137000
-0.037000
0.061000
0.146000
0.029000
-0.081000
-0.002000
-0.027000
-0.166000
0.068000
0.029000
-0.132000
-0.112000
0.044000
-0.081000
0.090000
-0.024000
0.137000
0.264000
0.076000
0.015000
-0.027000
0.205000
0.002000
-0.122000
0.129000
0.051000
-0.215000
-0.056000
-0.054000
-0.022000
0.117000
-0.049000
0.051000
0.078000
-0.161000
0.046000
0.103000
0.015000
-0.125000
-0.078000
0.071000
-0.046000
-0.071000
-0.127000
-0.078000
0.090000
-0.022000
-0.181000
-0.039000
-0.032000
-0.200000
-0.232000
-0.107000
0.100000
-0.049000
-0.210000
0.007000
-0.005000
-0.063000
-0.234000
-0.107000
-0.002000
-0.073000
-0.137000
-0.042000
-0.002000
-0.012000
-0.071000
-0.005000
-0.039000
-0.134000
-0.137000
-0.110000
0.000000
-0.010000
-0.056000
-0.063000
0.137000
0.000000
-0.002000
0.007000
0.007000
0.024000
-0.144000
0.063000
0.066000
-0.244000
-0.212000
-0.076000
-0.144000
-0.332000
-0.193000
-0.061000
-0.247000
-0.076000
0.034000
-0.066000
-0.034000
0.056000
0.098000
0.168000
0.144000
-0.015000
0.085000
0.205000
0.227000
0.029000
-0.027000
0.149000
-0.068000
-0.093000
-0.093000
0.015000
-0.059000
-0.095000
-0.073000
-0.027000
0.034000
0.046000
-0.054000
-0.007000
0.032000
-0.105000
-0.112000
0.020000
0.076000
-0.020000
0.061000
0.029000
-0.042000
-0.200000
0.005000
-0.005000
-0.054000
-0.017000
-0.044000
-0.159000
-0.186000
0.054000
-0.017000
-0.090000
0.042000
0.129000
-0.039000
-0.044000
0.112000
0.037000
-0.251000
-0.154000
0.103000
-0.132000
-0.022000
-0.044000
-0.159000
-0.088000
-0.015000
-0.242000
-0.151000
0.000000
-0.132000
-0.112000
0.012000
0.181000
0.063000
-0.005000
0.027000
0.151000
-0.093000
-0.139000
0.078000
0.120000
-0.085000
-0.010000
0.095000
-0.051000
0.071000
-0.002000
-0.007000
-0.039000
0.046000
-0.142000
-0.037000
0.115000
0.142000
0.034000
-0.127000
-0.007000
0.034000
0.015000
0.032000
0.083000
0.002000
0.059000
-0.120000
-0.020000
0.095000
0.085000
0.066000
0.132000
0.029000
0.044000
0.110000
0.100000
0.024000
0.112000
-0.027000
-0.151000
0.081000
0.112000
0.000000
-0.071000
-0.093000
0.002000
0.095000
-0.088000
-0.071000
0.107000
-0.100000
-0.117000
0.051000
0.076000
-0.073000
-0.005000
0.002000
0.020000
-0.020000
0.020000
-0.066000
-0.125000
0.071000
0.039000
-0.063000
-0.068000
-0.103000
-0.151000
0.024000
-0.044000
-0.071000
-0.012000
-0.093000
0.017000
0.073000
0.210000
0.210000
0.020000
-0.049000
-0.044000
-0.068000
-0.015000
0.024000
0.024000
-0.029000
0.034000
0.000000
-0.056000
-0.049000
0.063000
0.105000
0.083000
0.122000
0.090000
0.015000
0.034000
0.063000
0.183000
0.049000
0.044000
0.112000
0.090000
0.081000
0.010000
-0.164000
-0.142000
0.037000
-0.007000
0.029000
-0.015000
-0.144000
0.027000
0.237000
0.081000
-0.168000
0.061000
0.261000
0.132000
0.042000
0.161000
0.090000
0.042000
0.044000
0.078000
0.037000
0.007000
-0.081000
0.061000
0.063000
0.046000
-0.024000
-0.027000
0.054000
-0.012000
0.007000
-0.088000
0.117000
0.127000
0.022000
-0.117000
0.059000
0.071000
0.002000
-0.071000
-0.081000
-0.083000
-0.115000
-0.085000
-0.151000
-0.144000
-0.059000
-0.042000
-0.051000
-0.010000
-0.044000
0.010000
0.027000
0.007000
0.066000
-0.037000
0.024000
0.034000
0.015000
-0.078000
-0.024000
-0.083000
-0.059000
-0.115000
-0.146000
0.083000
0.117000
0.000000
-0.049000
0.125000
0.088000
-0.068000
-0.012000
0.000000
0.146000
0.078000
-0.063000
0.022000
0.032000
0.049000
-0.002000
0.032000
0.037000
0.012000
0.032000
-0.061000
-0.024000
0.154000
0.037000
0.054000
0.083000
0.005000
0.100000
0.032000
0.027000
0.027000
0.046000
0.120000
-0.027000
-0.046000
-0.029000
-0.054000
-0.110000
-0.103000
-0.088000
-0.054000
0.044000
-0.142000
-0.078000
0.093000
0.005000
-0.190000
0.046000
-0.110000
-0.051000
-0.063000
0.098000
-0.239000
-0.081000
0.100000
0.107000
0.002000
-0.085000
0.020000
-0.078000
-0.183000
-0.037000
0.127000
-0.037000
0.068000
0.090000
0.088000
-0.024000
0.032000
0.061000
-0.107000
-0.144000
0.017000
0.100000
-0.127000
-0.056000
-0.317000
-0.159000
0.027000
-0.056000
0.046000
0.212000
-0.090000
-0.193000
-0.061000
-0.098000
-0.042000
-0.022000
-0.081000
-0.071000
0.090000
-0.020000
-0.110000
-0.066000
0.054000
-0.115000
-0.085000
-0.046000
0.002000
-0.066000
-0.115000
0.051000
-0.029000
-0.044000
0.010000
0.044000
0.100000
0.056000
-0.198000
-0.002000
0.110000
0.073000
0.161000
-0.063000
0.010000
-0.083000
-0.090000
0.156000
0.103000
-0.195000
0.012000
-0.125000
-0.088000
-0.010000
-0.034000
0.034000
-0.071000
-0.032000
0.076000
0.037000
-0.078000
-0.093000
-0.012000
0.156000
0.220000
0.044000
-0.115000
-0.232000
-0.137000
0.137000
-0.078000
-0.132000
-0.061000
-0.071000
0.051000
0.178000
-0.005000
-0.100000
0.054000
0.027000
0.034000
-0.046000
0.059000
0.076000
-0.073000
-0.095000
-0.083000
-0.046000
-0.166000
-0.095000
-0.044000
-0.083000
-0.063000
-0.061000
-0.017000
-0.068000
-0.051000
0.024000
0.107000
-0.083000
-0.098000
0.034000
0.024000
0.139000
-0.054000
-0.186000
0.078000
-0.002000
-0.171000
-0.051000
-0.061000
-0.090000
-0.029000
0.076000
0.088000
0.073000
-0.002000
0.132000
0.088000
0.144000
0.068000
0.100000
0.115000
0.049000
0.146000
0.007000
-0.073000
-0.134000
0.032000
0.081000
-0.032000
-0.046000
0.088000
0.051000
-0.010000
0.076000
-0.120000
-0.066000
-0.098000
-0.127000
0.073000
0.088000
0.085000
0.083000
-0.264000
-0.168000
-0.103000
-0.100000
-0.024000
0.120000
0.063000
-0.017000
0.205000
0.015000
-0.071000
-0.015000
0.095000
0.093000
-0.012000
-0.054000
0.093000
0.220000
-0.095000
-0.081000
0.063000
0.005000
-0.027000
-0.029000
-0.002000
-0.117000
-0.159000
0.020000
-0.288000
0.103000
0.251000
0.032000
0.017000
0.173000
-0.112000
-0.146000
0.071000
0.017000
0.112000
-0.007000
-0.002000
0.044000
0.029000
0.010000
-0.195000
-0.085000
0.115000
0.002000
-0.183000
-0.029000
0.071000
0.146000
-0.078000
-0.044000
0.237000
0.171000
-0.039000
0.117000
0.347000
0.208000
-0.042000
0.005000
0.085000
-0.120000
-0.027000
-0.027000
0.083000
0.066000
-0.093000
0.029000
0.015000
-0.061000
-0.039000
0.105000
0.122000
0.122000
0.081000
0.037000
-0.015000
-0.017000
0.029000
-0.156000
-0.078000
-0.061000
-0.151000
0.007000
0.095000
-0.027000
-0.054000
0.056000
0.066000
-0.049000
0.034000
0.156000
0.071000
0.012000
0.068000
0.193000
0.137000
0.081000
0.044000
0.078000
0.029000
0.049000
-0.393000
-0.376000
-0.076000
-0.122000
-0.156000
0.027000
0.059000
-0.190000
0.037000
0.059000
-0.005000
-0.171000
0.000000
0.144000
-0.132000
0.237000
-0.010000
-0.120000
-0.159000
-0.017000
0.054000
-0.142000
-0.168000
-0.173000
-0.061000
-0.022000
0.017000
0.117000
0.107000
0.029000
-0.078000
0.098000
0.146000
0.032000
0.122000
0.146000
0.085000
-0.037000
-0.002000
0.039000
-0.037000
-0.061000
0.034000
-0.034000
-0.007000
0.015000
-0.105000
0.120000
0.073000
0.010000
-0.051000
-0.068000
0.093000
0.095000
0.051000
0.029000
0.039000
0.049000
-0.054000
-0.168000
0.234000
0.063000
-0.100000
-0.081000
0.022000
-0.049000
-0.083000
0.029000
0.088000
0.161000
0.073000
0.066000
-0.068000
0.120000
0.024000
0.024000
0.071000
0.034000
-0.088000
-0.027000
0.132000
-0.034000
-0.166000
0.071000
0.000000
-0.193000
-0.078000
0.095000
0.215000
0.017000
-0.125000
0.032000
0.254000
-0.015000
-0.024000
0.125000
0.037000
-0.068000
0.078000
-0.049000
-0.210000
-0.063000
0.022000
0.054000
-0.098000
-0.122000
-0.078000
-0.154000
-0.071000
0.071000
-0.007000
-0.100000
-0.015000
0.149000
0.168000
0.010000
0.117000
0.042000
-0.012000
0.085000
0.039000
0.034000
-0.022000
-0.061000
0.012000
0.090000
-0.027000
-0.017000
0.071000
-0.051000
-0.200000
-0.046000
-0.037000
-0.020000
0.049000
0.022000
0.076000
0.127000
-0.054000
0.010000
0.034000
-0.088000
-0.090000
0.071000
0.134000
-0.054000
-0.156000
-0.029000
-0.090000
-0.032000
-0.051000
0.002000
0.142000
0.090000
0.159000
0.093000
-0.032000
0.173000
0.066000
-0.066000
0.085000
0.264000
-0.154000
-0.273000
-0.093000
0.112000
-0.010000
-0.181000
-0.037000
0.027000
-0.098000
-0.134000
-0.085000
-0.095000
0.027000
0.034000
-0.002000
-0.002000
-0.071000
0.132000
-0.022000
-0.161000
-0.039000
-0.071000
-0.205000
-0.090000
0.022000
-0.054000
-0.115000
-0.042000
0.049000
-0.037000
-0.081000
-0.088000
-0.017000
0.020000
0.049000
0.027000
0.054000
0.122000
-0.017000
0.027000
0.117000
0.161000
-0.103000
-0.095000
0.002000
0.125000
0.063000
-0.181000
-0.134000
0.012000
0.022000
-0.159000
-0.068000
0.029000
0.034000
-0.078000
-0.042000
0.105000
-0.015000
-0.046000
0.044000
-0.056000
-0.085000
0.034000
0.227000
0.068000
-0.061000
-0.085000
-0.107000
0.142000
0.063000
-0.134000
0.037000
0.334000
-0.037000
-0.232000
-0.059000
0.190000
0.137000
-0.083000
0.012000
0.186000
0.190000
-0.105000
-0.168000
0.095000
0.261000
-0.020000
-0.234000
-0.066000
0.034000
-0.012000
-0.010000
-0.051000
-0.063000
-0.012000
-0.232000
0.005000
0.034000
-0.120000
-0.295000
-0.122000
0.022000
-0.093000
-0.193000
-0.176000
-0.183000
0.093000
0.122000
-0.217000
-0.242000
-0.063000
0.105000
0.083000
-0.029000
-0.100000
0.002000
0.049000
-0.059000
-0.122000
-0.034000
-0.076000
-0.027000
-0.037000
-0.100000
0.005000
-0.049000
0.061000
0.029000
-0.056000
0.073000
0.125000
-0.012000
-0.132000
0.020000
0.037000
-0.042000
-0.046000
0.005000
-0.017000
-0.024000
-0.173000
-0.017000
0.061000
-0.022000
-0.117000
0.000000
0.088000
-0.171000
-0.024000
0.234000
0.227000
-0.249000
-0.186000
0.146000
0.120000
0.081000
0.027000
0.034000
0.251000
0.081000
-0.142000
-0.012000
0.034000
0.005000
-0.046000
-0.132000
0.090000
0.061000
-0.071000
-0.049000
-0.056000
-0.032000
0.054000
0.049000
0.090000
-0.085000
0.122000
0.115000
-0.125000
-0.071000
-0.002000
-0.015000
-0.051000
-0.110000
-0.103000
-0.032000
-0.105000
-0.059000
-0.032000
-0.054000
-0.103000
-0.071000
0.044000
0.078000
-0.029000
0.022000
-0.044000
-0.066000
-0.056000
-0.107000
-0.017000
0.027000
-0.125000
-0.002000
0.078000
-0.149000
0.029000
0.061000
0.137000
0.134000
0.088000
-0.122000
-0.056000
0.254000
0.200000
-0.076000
0.039000
0.107000
0.029000
0.056000
0.078000
0.159000
0.029000
0.056000
0.107000
0.120000
0.007000
-0.015000
-0.007000
0.076000
0.037000
-0.090000
0.081000
0.056000
0.183000
0.254000
0.034000
0.056000
-0.051000
-0.005000
0.042000
0.015000
-0.061000
0.044000
0.071000
0.044000
0.183000
-0.317000
-0.222000
0.066000
-0.061000
-0.051000
-0.117000
-0.056000
0.002000
0.107000
-0.015000
-0.093000
-0.054000
-0.044000
-0.110000
-0.029000
-0.132000
0.071000
-0.156000
-0.156000
0.024000
0.063000
-0.112000
-0.103000
0.034000
0.078000
-0.073000
0.000000
0.149000
-0.134000
0.103000
0.276000
-0.059000
-0.198000
-0.054000
0.188000
0.020000
-0.007000
0.046000
0.168000
0.137000
-0.112000
-0.115000
0.029000
0.081000
-0.061000
-0.088000
-0.120000
0.198000
0.122000
-0.027000
0.129000
-0.049000
-0.076000
-0.020000
-0.020000
0.007000
0.100000
0.171000
-0.107000
-0.093000
0.020000
-0.034000
-0.061000
0.134000
0.078000
0.090000
0.195000
0.242000
0.159000
-0.027000
0.056000
0.237000
0.227000
0.085000
-0.095000
0.017000
0.195000
0.029000
-0.171000
-0.059000
0.100000
-0.024000
-0.115000
-0.076000
0.054000
0.078000
-0.015000
-0.032000
0.144000
0.022000
-0.022000
0.012000
0.076000
0.039000
0.024000
-0.032000
-0.229000
-0.168000
0.005000
-0.076000
-0.017000
0.078000
-0.254000
0.259000
-0.266000
-0.234000
0.222000
0.188000
0.042000
-0.032000
0.066000
0.176000
-0.007000
-0.190000
0.046000
0.093000
-0.083000
-0.063000
0.081000
0.063000
-0.227000
-0.068000
-0.056000
-0.122000
-0.081000
0.105000
0.073000
0.107000
0.156000
-0.090000
0.154000
0.142000
-0.188000
0.083000
0.049000
0.034000
0.005000
-0.112000
0.173000
0.134000
-0.239000
-0.015000
-0.120000
-0.068000
0.168000
-0.005000
0.195000
0.085000
0.002000
0.171000
0.166000
0.090000
-0.042000
-0.063000
0.129000
0.117000
-0.061000
-0.010000
0.039000
0.146000
-0.061000
-0.046000
0.088000
-0.020000
0.005000
-0.037000
0.059000
0.034000
0.002000
-0.044000
-0.054000
0.017000
0.132000
-0.007000
0.032000
0.161000
0.034000
-0.032000
0.002000
-0.024000
-0.110000
-0.027000
0.037000
0.015000
-0.066000
-0.066000
-0.164000
-0.078000
0.142000
0.015000
0.027000
0.132000
0.039000
-0.115000
0.151000
-0.098000
-0.085000
-0.215000
-0.061000
0.168000
-0.134000
-0.010000
-0.093000
-0.039000
-0.005000
-0.134000
-0.088000
0.100000
-0.024000
0.034000
0.225000
0.081000
0.095000
-0.029000
0.168000
0.076000
0.056000
-0.044000
0.015000
-0.037000
-0.034000
-0.027000
-0.081000
-0.115000
-0.022000
0.024000
-0.022000
-0.010000
0.020000
0.183000
0.173000
-0.012000
-0.039000
0.159000
0.105000
0.020000
-0.002000
0.049000
0.068000
-0.046000
-0.095000
-0.190000
-0.176000
-0.068000
0.051000
-0.115000
-0.127000
-0.063000
-0.054000
0.054000
0.054000
0.029000
0.078000
0.076000
-0.012000
0.020000
-0.066000
0.083000
0.137000
0.142000
-0.015000
-0.215000
-0.112000
0.078000
-0.168000
-0.186000
-0.010000
0.056000
0.022000
-0.078000
-0.046000
-0.093000
0.139000
0.046000
-0.042000
0.151000
0.156000
-0.032000
-0.161000
-0.005000
-0.095000
-0.105000
-0.115000
-0.010000
-0.071000
-0.112000
-0.076000
-0.024000
0.054000
-0.054000
0.000000
-0.059000
0.010000
-0.051000
-0.022000
-0.051000
0.093000
-0.012000
-0.071000
0.061000
0.022000
-0.085000
-0.139000
-0.039000
-0.015000
-0.010000
-0.129000
-0.010000
0.044000
0.012000
-0.115000
0.037000
0.244000
0.154000
0.066000
0.154000
0.122000
-0.015000
-0.122000
-0.076000
0.112000
-0.037000
-0.168000
-0.061000
0.010000
-0.171000
-0.261000
-0.049000
0.122000
0.078000
-0.132000
-0.081000
0.083000
-0.022000
-0.037000
0.117000
0.068000
-0.037000
-0.129000
-0.183000
-0.042000
-0.007000
-0.049000
-0.032000
-0.029000
-0.144000
-0.020000
-0.073000
-0.100000
-0.063000
0.012000
-0.066000
-0.007000
0.176000
0.156000
-0.100000
-0.134000
-0.027000
0.024000
-0.061000
-0.063000
0.024000
0.027000
-0.139000
-0.159000
-0.010000
-0.071000
-0.088000
-0.093000
-0.068000
0.081000
-0.015000
-0.093000
0.110000
0.198000
-0.029000
-0.022000
0.061000
0.100000
-0.068000
-0.186000
0.134000
0.081000
-0.103000
-0.061000
0.063000
0.046000
-0.073000
-0.154000
0.198000
0.168000
-0.071000
-0.044000
0.066000
0.137000
0.083000
-0.044000
0.151000
0.159000
-0.188000
-0.120000
-0.073000
0.083000
0.024000
-0.173000
-0.134000
0.083000
-0.024000
-0.269000
-0.149000
-0.007000
0.002000
-0.085000
-0.022000
0.068000
0.012000
-0.007000
0.010000
0.076000
0.181000
0.042000
-0.103000
-0.017000
-0.093000
-0.056000
-0.095000
-0.095000
0.066000
0.051000
-0.017000
0.042000
-0.054000
-0.029000
0.076000
0.076000
0.039000
0.034000
-0.081000
-0.078000
-0.010000
0.027000
0.132000
0.039000
-0.125000
-0.054000
-0.107000
-0.076000
-0.151000
-0.015000
-0.120000
0.044000
0.061000
-0.059000
-0.151000
-0.042000
-0.005000
-0.051000
0.024000
0.000000
-0.037000
0.054000
0.068000
-0.166000
0.020000
0.083000
-0.076000
-0.039000
-0.059000
-0.056000
0.105000
-0.105000
-0.042000
0.261000
0.085000
-0.122000
0.144000
0.264000
0.054000
0.071000
0.015000
-0.002000
0.110000
0.046000
-0.020000
0.168000
0.059000
-0.281000
-0.173000
-0.085000
-0.127000
-0.061000
0.193000
0.115000
-0.115000
-0.034000
0.088000
0.095000
0.039000
-0.007000
-0.010000
0.015000
-0.125000
-0.015000
-0.022000
-0.105000
-0.073000
0.039000
0.071000
0.122000
-0.103000
-0.107000
-0.068000
-0.034000
0.044000
0.073000
0.063000
0.149000
0.042000
0.034000
0.063000
0.051000
0.007000
-0.046000
0.044000
0.034000
0.029000
-0.090000
-0.278000
-0.010000
0.056000
-0.020000
0.159000
0.100000
-0.051000
-0.090000
0.112000
-0.034000
-0.222000
-0.120000
0.068000
0.037000
0.085000
-0.073000
-0.015000
-0.166000
-0.151000
0.093000
-0.063000
-0.120000
-0.012000
-0.024000
0.039000
-0.024000
-0.125000
0.166000
0.300000
0.054000
-0.161000
-0.054000
0.063000
0.002000
0.015000
0.193000
0.005000
-0.034000
-0.090000
0.132000
-0.132000
-0.198000
0.059000
0.090000
-0.156000
0.042000
0.132000
-0.107000
0.044000
0.032000
0.103000
0.081000
0.085000
0.010000
0.027000
0.198000
-0.054000
-0.103000
0.032000
-0.081000
-0.134000
-0.173000
0.037000
0.061000
-0.217000
-0.039000
0.154000
-0.061000
-0.103000
0.056000
0.090000
-0.095000
-0.127000
0.020000
0.212000
-0.090000
-0.049000
-0.078000
-0.049000
0.007000
-0.186000
-0.139000
0.164000
0.076000
-0.203000
-0.071000
0.020000
0.027000
0.010000
-0.017000
0.027000
-0.005000
-0.149000
-0.022000
0.212000
0.015000
-0.061000
0.002000
0.066000
-0.063000
0.251000
0.054000
-0.125000
-0.188000
-0.129000
-0.042000
0.027000
0.022000
-0.071000
0.134000
-0.002000
-0.061000
-0.044000
0.132000
0.132000
-0.085000
-0.071000
0.044000
0.029000
-0.071000
0.007000
-0.071000
-0.066000
-0.034000
0.042000
0.044000
-0.132000
-0.029000
0.083000
-0.068000
-0.039000
0.061000
0.015000
-0.032000
0.042000
0.088000
-0.046000
-0.117000
0.007000
0.137000
-0.017000
-0.132000
-0.332000
0.039000
0.220000
-0.090000
-0.046000
0.173000
0.029000
-0.125000
-0.024000
0.088000
0.149000
0.105000
0.149000
0.034000
-0.232000
0.007000
0.134000
0.010000
-0.020000
-0.056000
-0.005000
-0.037000
-0.076000
-0.071000
0.005000
0.024000
0.042000
0.054000
0.122000
0.051000
0.007000
0.200000
0.044000
-0.093000
0.120000
0.037000
-0.073000
0.073000
0.198000
-0.042000
-0.181000
-0.103000
0.020000
0.125000
-0.159000
-0.203000
-0.017000
0.103000
-0.088000
0.085000
-0.093000
0.073000
0.066000
-0.081000
0.142000
0.010000
-0.066000
0.046000
-0.049000
-0.056000
0.024000
-0.142000
-0.110000
0.034000
0.049000
-0.198000
-0.173000
0.154000
0.037000
-0.212000
-0.042000
0.208000
-0.078000
-0.059000
0.183000
0.261000
-0.100000
-0.276000
0.164000
0.098000
-0.139000
-0.061000
0.059000
0.061000
-0.161000
-0.205000
0.186000
0.232000
0.088000
0.073000
0.066000
0.010000
-0.071000
0.059000
0.039000
0.007000
0.154000
0.176000
0.037000
0.005000
-0.037000
0.076000
0.051000
0.024000
-0.088000
-0.081000
0.042000
0.127000
-0.071000
-0.134000
-0.024000
-0.044000
-0.020000
0.007000
0.002000
-0.220000
0.388000
0.159000
-0.400000
0.151000
0.161000
-0.305000
-0.120000
0.151000
-0.037000
-0.027000
0.093000
0.027000
-0.046000
0.017000
0.107000
0.061000
-0.134000
0.098000
0.122000
-0.049000
0.085000
0.212000
-0.117000
-0.139000
-0.088000
-0.146000
-0.022000
-0.027000
0.051000
-0.103000
0.029000
-0.117000
-0.088000
0.059000
0.002000
0.029000
0.024000
0.083000
0.059000
-0.034000
-0.027000
0.171000
-0.115000
-0.291000
0.061000
-0.007000
-0.085000
0.044000
0.059000
0.071000
0.002000
-0.188000
-0.110000
-0.049000
0.054000
0.027000
-0.012000
0.137000
0.247000
0.208000
-0.044000
-0.015000
-0.110000
0.071000
0.105000
0.110000
-0.022000
0.032000
-0.105000
0.005000
-0.056000
-0.325000
-0.195000
0.054000
-0.076000
-0.164000
-0.044000
0.046000
0.161000
-0.085000
-0.054000
-0.046000
-0.066000
-0.042000
0.020000
0.007000
-0.051000
0.083000
-0.005000
-0.137000
0.371000
0.020000
-0.200000
0.232000
-0.039000
-0.042000
-0.081000
-0.015000
0.017000
0.056000
0.076000
0.100000
-0.056000
0.022000
0.227000
0.010000
-0.200000
-0.181000
0.039000
0.146000
0.142000
0.063000
-0.078000
-0.183000
-0.078000
0.015000
0.156000
0.039000
-0.103000
0.149000
0.110000
-0.007000
-0.063000
-0.076000
-0.032000
-0.146000
-0.034000
0.115000
0.063000
-0.027000
0.073000
-0.144000
-0.137000
0.012000
0.112000
0.049000
-0.107000
0.056000
0.137000
-0.005000
0.054000
0.037000
0.010000
0.032000
-0.022000
-0.005000
-0.081000
-0.010000
0.056000
-0.088000
-0.120000
-0.115000
0.076000
0.066000
-0.046000
-0.039000
0.110000
-0.017000
-0.051000
0.090000
0.142000
-0.005000
0.010000
-0.051000
0.193000
0.098000
-0.178000
0.007000
0.093000
-0.166000
-0.142000
0.073000
-0.176000
0.007000
0.166000
-0.129000
-0.176000
0.002000
0.107000
0.044000
0.022000
-0.117000
-0.076000
-0.059000
-0.073000
-0.149000
0.017000
-0.095000
-0.029000
-0.090000
-0.295000
-0.093000
0.046000
-0.083000
-0.161000
0.002000
0.017000
-0.085000
-0.015000
0.159000
-0.354000
-0.100000
0.007000
0.029000
-0.007000
-0.100000
-0.056000
-0.208000
-0.088000
-0.027000
-0.063000
-0.005000
0.078000
-0.012000
-0.100000
-0.044000
0.046000
-0.042000
0.010000
0.078000
0.046000
0.037000
-0.010000
0.129000
-0.024000
-0.068000
-0.044000
-0.034000
0.044000
-0.054000
-0.078000
0.105000
0.015000
-0.002000
0.017000
-0.085000
-0.071000
-0.103000
0.049000
0.073000
-0.037000
-0.066000
0.034000
0.105000
0.049000
-0.093000
-0.137000
-0.020000
-0.015000
0.034000
-0.071000
-0.012000
0.024000
-0.085000
-0.129000
0.042000
-0.054000
-0.056000
-0.049000
0.017000
0.061000
-0.034000
0.107000
-0.120000
-0.046000
0.017000
-0.015000
-0.105000
-0.186000
-0.139000
-0.049000
-0.042000
-0.032000
0.002000
-0.188000
0.034000
0.142000
-0.144000
-0.046000
0.212000
0.066000
-0.066000
0.066000
0.051000
-0.144000
-0.134000
0.098000
0.127000
-0.015000
-0.134000
0.005000
-0.029000
0.012000
0.005000
0.068000
0.081000
0.168000
0.159000
-0.024000
0.032000
0.105000
0.017000
-0.022000
0.071000
0.085000
0.171000
-0.076000
-0.093000
0.010000
0.085000
0.061000
-0.159000
-0.034000
0.315000
0.193000
0.144000
0.242000
0.239000
0.120000
0.071000
0.168000
-0.024000
0.005000
0.098000
0.046000
0.107000
0.105000
-0.024000
0.017000
0.044000
-0.081000
0.027000
-0.015000
0.073000
-0.146000
-0.063000
0.173000
0.063000
-0.017000
0.027000
0.117000
0.088000
0.000000
-0.034000
0.022000
-0.029000
-0.098000
-0.007000
-0.039000
-0.005000
-0.002000
-0.115000
-0.151000
0.056000
-0.081000
-0.137000
-0.134000
-0.007000
-0.159000
-0.159000
-0.059000
0.049000
0.068000
0.007000
0.056000
-0.002000
-0.027000
-0.093000
0.020000
-0.142000
-0.022000
0.195000
-0.005000
-0.137000
0.100000
-0.024000
0.015000
-0.034000
-0.120000
0.015000
0.059000
0.146000
-0.066000
0.151000
0.061000
0.103000
-0.044000
0.078000
0.217000
-0.098000
-0.020000
0.056000
0.117000
-0.134000
0.017000
-0.103000
0.222000
0.256000
-0.049000
-0.134000
-0.103000
-0.020000
0.154000
0.042000
0.037000
0.146000
-0.076000
-0.051000
-0.049000
-0.098000
-0.105000
0.112000
0.054000
0.134000
0.000000
-0.034000
0.183000
0.095000
0.022000
-0.022000
0.066000
-0.061000
0.049000
0.186000
0.168000
0.034000
-0.005000
0.146000
0.142000
-0.164000
-0.059000
0.027000
-0.020000
-0.034000
-0.190000
-0.173000
0.127000
0.103000
-0.137000
0.168000
0.090000
-0.105000
-0.078000
-0.017000
0.017000
0.049000
0.010000
-0.149000
0.090000
0.059000
-0.081000
-0.076000
0.000000
-0.044000
-0.017000
0.046000
0.046000
-0.046000
-0.012000
0.051000
0.056000
0.027000
0.000000
0.093000
0.010000
-0.027000
-0.049000
0.076000
-0.051000
0.090000
0.049000
-0.098000
0.120000
0.032000
-0.083000
-0.278000
0.027000
0.215000
0.127000
-0.100000
-0.007000
0.110000
0.083000
0.083000
0.127000
0.081000
-0.017000
0.024000
-0.093000
-0.044000
0.024000
-0.073000
0.042000
0.085000
-0.132000
-0.195000
0.044000
-0.061000
0.042000
-0.115000
-0.024000
0.020000
-0.015000
-0.171000
0.073000
0.112000
0.032000
0.010000
-0.010000
0.039000
-0.132000
-0.154000
-0.149000
0.061000
0.149000
-0.098000
-0.034000
-0.095000
-0.027000
-0.073000
-0.059000
0.046000
0.078000
-0.093000
-0.005000
0.022000
0.000000
0.000000
-0.007000
0.000000
-0.149000
-0.212000
0.010000
-0.139000
0.061000
0.076000
-0.208000
-0.017000
-0.029000
0.049000
0.010000
-0.022000
-0.039000
0.020000
0.076000
0.063000
0.107000
0.122000
0.027000
-0.012000
-0.110000
-0.032000
-0.085000
-0.083000
-0.020000
-0.049000
-0.081000
-0.071000
-0.037000
-0.078000
-0.002000
0.022000
-0.081000
-0.037000
0.127000
0.100000
-0.134000
0.042000
0.137000
0.078000
0.071000
0.071000
-0.024000
0.068000
-0.002000
-0.066000
0.015000
-0.120000
-0.215000
-0.107000
0.105000
0.076000
-0.093000
-0.029000
0.022000
0.044000
0.208000
-0.081000
-0.012000
0.242000
0.095000
0.073000
-0.171000
-0.015000
0.085000
-0.144000
-0.132000
0.034000
-0.017000
0.071000
-0.093000
-0.095000
0.002000
0.129000
0.110000
-0.298000
0.000000
-0.076000
0.176000
-0.022000
0.010000
0.088000
0.032000
-0.061000
-0.022000
-0.017000
-0.015000
-0.156000
0.012000
-0.002000
0.002000
0.022000
0.017000
0.083000
-0.071000
-0.076000
0.049000
0.076000
0.039000
0.032000
0.110000
0.066000
-0.027000
-0.020000
0.059000
-0.078000
0.005000
-0.129000
-0.044000
0.105000
0.061000
-0.120000
-0.002000
0.134000
-0.105000
-0.232000
-0.112000
0.225000
0.066000
-0.032000
-0.112000
0.044000
0.132000
-0.137000
-0.161000
0.098000
0.154000
-0.042000
-0.166000
-0.046000
0.125000
-0.200000
-0.005000
0.178000
0.090000
0.044000
0.193000
0.176000
-0.015000
-0.103000
0.071000
0.159000
0.059000
0.095000
-0.020000
0.022000
0.000000
-0.078000
-0.073000
-0.032000
0.088000
-0.105000
-0.020000
0.142000
0.112000
-0.198000
0.107000
0.129000
-0.068000
0.098000
0.046000
-0.017000
0.076000
0.010000
-0.037000
0.017000
-0.032000
0.083000
-0.103000
-0.022000
0.039000
0.056000
-0.010000
0.015000
0.068000
-0.059000
0.044000
0.095000
0.088000
0.112000
-0.090000
-0.039000
0.176000
0.073000
-0.078000
-0.256000
0.405000
0.068000
-0.122000
-0.107000
0.068000
0.195000
-0.022000
-0.054000
0.002000
0.171000
0.039000
-0.039000
0.154000
0.137000
0.007000
0.002000
0.005000
0.034000
0.154000
-0.115000
-0.093000
0.029000
0.129000
-0.122000
-0.186000
0.015000
0.027000
-0.139000
0.049000
0.059000
0.042000
0.020000
0.195000
0.029000
-0.081000
0.122000
0.039000
-0.073000
0.015000
0.076000
-0.139000
0.000000
0.059000
0.010000
0.046000
-0.090000
0.044000
0.332000
-0.142000
-0.068000
0.159000
-0.259000
-0.198000
0.283000
0.244000
-0.112000
-0.125000
-0.032000
-0.217000
0.059000
0.007000
-0.066000
0.388000
-0.518000
-0.171000
0.322000
0.005000
0.002000
0.051000
-0.046000
-0.022000
0.032000
-0.127000
0.227000
-0.020000
0.093000
-0.024000
-0.083000
0.115000
-0.139000
-0.161000
-0.081000
0.142000
-0.151000
-0.103000
-0.120000
-0.215000
0.024000
-0.012000
0.017000
-0.017000
-0.039000
0.005000
0.046000
-0.007000
0.054000
0.117000
-0.061000
0.139000
0.115000
0.027000
0.024000
-0.034000
0.066000
-0.151000
-0.208000
-0.002000
-0.032000
-0.105000
-0.034000
-0.149000
-0.034000
0.010000
-0.007000
0.068000
0.154000
0.024000
-0.049000
0.122000
0.081000
-0.046000
-0.012000
0.071000
-0.093000
-0.076000
0.083000
-0.054000
-0.176000
-0.054000
-0.081000
-0.076000
-0.054000
0.068000
-0.024000
0.005000
-0.005000
-0.002000
-0.234000
-0.027000
-0.024000
-0.142000
0.132000
0.159000
-0.010000
-0.039000
0.098000
0.051000
-0.093000
-0.100000
0.044000
0.134000
0.137000
0.078000
0.039000
0.198000
0.098000
0.115000
0.164000
0.159000
0.107000
0.166000
0.078000
-0.046000
0.151000
0.090000
-0.093000
0.061000
0.059000
-0.049000
0.046000
0.017000
-0.039000
0.093000
0.095000
-0.090000
-0.076000
0.095000
0.010000
-0.098000
-0.085000
0.354000
-0.049000
-0.383000
-0.066000
-0.039000
-0.083000
-0.027000
0.020000
0.061000
0.137000
-0.103000
-0.017000
-0.022000
0.095000
0.164000
0.063000
-0.095000
0.061000
0.027000
0.005000
0.083000
0.056000
-0.024000
0.007000
-0.051000
-0.107000
-0.002000
-0.095000
-0.061000
0.022000
-0.037000
0.061000
0.093000
-0.005000
0.068000
0.173000
0.000000
0.071000
-0.110000
-0.115000
0.049000
0.061000
-0.076000
0.100000
-0.022000
0.020000
-0.093000
-0.066000
0.027000
-0.166000
-0.183000
0.059000
0.105000
0.012000
0.063000
-0.020000
0.073000
-0.061000
-0.066000
0.017000
0.000000
0.015000
0.054000
-0.017000
0.020000
-0.061000
-0.134000
-0.056000
0.034000
0.100000
-0.037000
-0.188000
-0.110000
0.288000
0.273000
0.020000
-0.164000
0.095000
-0.002000
-0.242000
0.073000
-0.117000
-0.208000
0.000000
-0.022000
-0.022000
-0.154000
-0.073000
-0.037000
0.042000
0.042000
0.159000
0.107000
-0.073000
-0.200000
-0.022000
0.083000
-0.010000
0.007000
0.112000
-0.002000
-0.095000
0.039000
0.081000
-0.027000
-0.098000
-0.002000
-0.078000
0.051000
0.010000
-0.071000
0.005000
-0.042000
-0.085000
-0.049000
-0.063000
-0.017000
0.061000
-0.051000
0.000000
-0.120000
-0.183000
-0.122000
-0.059000
-0.066000
-0.146000
-0.198000
0.068000
0.015000
-0.024000
0.002000
0.054000
0.068000
-0.051000
0.017000
0.054000
0.203000
-0.042000
-0.044000
0.073000
0.066000
-0.076000
-0.007000
-0.046000
-0.125000
-0.093000
-0.261000
-0.137000
-0.027000
-0.151000
-0.137000
-0.051000
-0.186000
-0.203000
-0.042000
0.068000
0.054000
-0.032000
-0.032000
0.132000
0.051000
-0.146000
0.007000
0.061000
-0.117000
-0.125000
0.020000
-0.015000
-0.024000
-0.024000
-0.037000
-0.071000
-0.073000
0.073000
0.066000
-0.103000
0.066000
0.132000
0.073000
-0.005000
-0.132000
-0.046000
0.027000
-0.063000
-0.254000
-0.149000
0.161000
0.007000
-0.066000
-0.164000
-0.115000
0.007000
0.076000
-0.063000
-0.195000
-0.042000
-0.063000
-0.015000
-0.100000
0.037000
0.002000
-0.093000
-0.037000
0.100000
-0.010000
-0.010000
-0.078000
-0.042000
-0.012000
-0.122000
0.117000
-0.134000
-0.037000
0.103000
0.100000
-0.059000
0.098000
0.042000
0.110000
-0.007000
-0.005000
0.266000
0.085000
-0.002000
-0.022000
-0.098000
-0.049000
0.034000
-0.117000
-0.093000
0.037000
-0.012000
-0.042000
-0.103000
-0.046000
-0.032000
0.044000
0.068000
-0.017000
-0.095000
0.100000
0.127000
-0.044000
-0.076000
0.044000
0.002000
-0.149000
-0.054000
0.024000
0.012000
-0.134000
-0.269000
-0.164000
0.105000
0.173000
0.042000
-0.049000
-0.042000
0.042000
0.039000
0.049000
0.125000
0.073000
0.078000
0.078000
-0.090000
-0.042000
0.002000
-0.103000
0.017000
0.063000
-0.044000
-0.125000
-0.010000
0.076000
0.071000
-0.100000
-0.081000
0.166000
0.051000
0.044000
0.056000
0.127000
0.024000
0.117000
0.017000
-0.122000
-0.044000
-0.059000
0.015000
0.015000
0.049000
-0.059000
-0.051000
0.134000
0.068000
-0.085000
-0.022000
0.144000
0.164000
-0.010000
0.183000
0.151000
0.000000
0.063000
-0.020000
0.046000
0.022000
0.132000
0.098000
-0.068000
0.171000
0.083000
-0.093000
-0.034000
0.066000
0.000000
-0.017000
0.095000
-0.002000
-0.073000
-0.164000
-0.073000
0.005000
-0.117000
-0.085000
-0.107000
0.012000
0.037000
-0.115000
-0.146000
0.098000
0.073000
-0.066000
-0.032000
0.029000
0.132000
0.151000
-0.012000
-0.090000
0.010000
0.142000
-0.085000
-0.200000
-0.063000
0.125000
0.000000
-0.125000
-0.020000
0.044000
0.027000
-0.122000
-0.159000
-0.022000
0.049000
0.107000
0.061000
0.000000
-0.054000
0.039000
0.093000
0.085000
0.029000
-0.037000
0.000000
0.029000
-0.039000
0.015000
-0.061000
-0.039000
0.027000
0.110000
0.059000
-0.027000
0.034000
0.078000
0.125000
-0.037000
0.088000
0.034000
-0.056000
-0.002000
0.081000
-0.017000
0.178000
0.144000
-0.103000
-0.098000
0.061000
0.042000
-0.076000
-0.085000
-0.054000
-0.044000
0.127000
0.151000
-0.068000
0.044000
0.112000
0.042000
-0.010000
-0.085000
0.066000
0.105000
-0.046000
-0.076000
0.007000
-0.085000
-0.049000
-0.107000
-0.034000
-0.042000
0.049000
-0.042000
0.059000
0.168000
0.020000
-0.027000
0.186000
0.149000
-0.105000
-0.081000
0.059000
0.149000
0.059000
0.088000
0.063000
-0.039000
-0.088000
-0.095000
-0.007000
-0.046000
0.115000
0.029000
0.012000
-0.088000
-0.166000
0.032000
0.139000
0.022000
-0.085000
0.110000
-0.027000
-0.090000
-0.032000
-0.012000
-0.046000
-0.051000
-0.083000
-0.017000
-0.146000
0.042000
0.002000
-0.139000
-0.168000
-0.110000
-0.242000
-0.156000
0.110000
-0.039000
-0.029000
0.032000
-0.137000
-0.125000
0.037000
0.078000
-0.134000
0.547000
-0.059000
-0.112000
-0.032000
-0.210000
0.046000
-0.063000
-0.049000
0.229000
0.034000
-0.100000
-0.078000
0.029000
0.061000
-0.020000
-0.105000
0.083000
-0.039000
-0.134000
0.127000
-0.137000
-0.007000
-0.283000
-0.090000
0.159000
0.049000
-0.012000
-0.095000
-0.015000
-0.110000
0.068000
0.000000
-0.083000
0.056000
-0.024000
0.017000
0.037000
-0.066000
-0.042000
-0.010000
-0.146000
-0.176000
0.042000
0.002000
-0.217000
-0.210000
0.054000
0.161000
-0.144000
-0.046000
-0.034000
-0.100000
-0.027000
-0.115000
-0.046000
0.093000
-0.105000
-0.056000
0.073000
-0.117000
0.027000
-0.059000
-0.044000
-0.112000
-0.081000
0.112000
-0.061000
-0.139000
0.093000
0.020000
-0.044000
-0.032000
0.081000
0.103000
0.081000
-0.063000
-0.024000
0.120000
0.095000
-0.100000
-0.049000
0.032000
-0.071000
-0.122000
0.002000
0.076000
0.029000
0.120000
0.027000
-0.093000
0.073000
0.073000
0.039000
0.005000
0.078000
0.120000
0.005000
0.010000
-0.120000
0.024000
-0.034000
-0.017000
0.037000
0.100000
-0.068000
-0.129000
-0.081000
-0.042000
-0.046000
-0.002000
-0.029000
0.015000
0.024000
-0.154000
-0.032000
0.046000
-0.037000
-0.278000
0.222000
0.151000
-0.161000
0.059000
0.068000
-0.012000
-0.020000
0.046000
-0.090000
0.059000
-0.044000
0.022000
0.125000
0.103000
-0.127000
-0.178000
0.020000
0.022000
-0.105000
-0.117000
-0.039000
-0.044000
-0.039000
-0.164000
-0.168000
0.020000
-0.066000
-0.122000
0.066000
0.010000
-0.122000
-0.032000
0.061000
0.063000
0.085000
-0.039000
-0.007000
0.278000
-0.332000
-0.452000
0.037000
0.259000
-0.002000
0.005000
0.144000
-0.132000
-0.039000
-0.017000
-0.002000
-0.107000
-0.054000
0.015000
-0.005000
0.088000
0.022000
0.095000
0.127000
0.107000
0.100000
-0.042000
-0.115000
-0.010000
0.039000
0.063000
0.024000
-0.029000
0.042000
0.129000
-0.061000
-0.061000
0.012000
0.110000
0.105000
-0.024000
0.132000
0.090000
0.178000
0.129000
0.042000
0.159000
0.073000
0.081000
0.000000
-0.110000
-0.012000
0.056000
-0.034000
-0.063000
-0.149000
-0.059000
-0.029000
-0.078000
-0.110000
-0.056000
-0.073000
-0.354000
0.374000
0.129000
-0.039000
0.085000
0.059000
-0.198000
-0.200000
-0.188000
-0.149000
0.066000
-0.061000
-0.085000
-0.083000
-0.063000
0.137000
0.012000
0.125000
-0.032000
-0.227000
0.146000
0.151000
-0.190000
0.068000
-0.015000
-0.063000
0.110000
-0.061000
-0.015000
0.190000
0.098000
0.032000
-0.061000
0.007000
0.110000
0.132000
0.039000
0.029000
0.015000
-0.039000
0.020000
-0.056000
0.029000
0.037000
0.039000
0.093000
-0.005000
-0.051000
-0.012000
0.063000
0.066000
0.017000
0.022000
0.020000
0.015000
-0.015000
0.049000
0.181000
0.210000
0.103000
0.056000
0.020000
0.112000
0.051000
-0.081000
-0.098000
-0.017000
-0.081000
-0.012000
0.034000
0.012000
0.007000
-0.166000
0.088000
-0.029000
-0.037000
0.068000
-0.007000
0.076000
-0.105000
-0.005000
0.154000
0.132000
-0.081000
0.056000
0.063000
-0.095000
-0.071000
0.098000
-0.049000
-0.303000
-0.173000
-0.110000
-0.105000
-0.051000
-0.112000
0.051000
-0.176000
-0.105000
0.293000
0.149000
-0.063000
0.132000
0.081000
-0.012000
-0.105000
0.002000
0.095000
0.042000
-0.068000
-0.017000
-0.044000
-0.024000
0.005000
-0.046000
0.010000
-0.051000
0.029000
-0.046000
-0.149000
0.073000
0.156000
0.103000
0.049000
0.068000
0.051000
0.073000
-0.198000
-0.015000
0.134000
-0.037000
-0.190000
-0.112000
-0.061000
-0.112000
-0.190000
-0.022000
0.029000
0.029000
-0.010000
0.015000
0.112000
0.220000
0.105000
-0.117000
0.061000
0.127000
0.110000
-0.029000
0.090000
0.015000
-0.132000
0.137000
-0.112000
-0.107000
0.144000
0.100000
-0.061000
-0.081000
-0.061000
0.015000
0.022000
-0.051000
0.044000
0.120000
0.125000
-0.027000
0.105000
-0.217000
-0.120000
0.137000
-0.042000
-0.200000
-0.081000
-0.005000
-0.122000
-0.212000
-0.049000
0.068000
-0.078000
-0.144000
0.017000
0.063000
0.112000
0.100000
0.127000
0.146000
0.156000
0.078000
0.098000
0.071000
-0.032000
-0.149000
-0.056000
0.061000
0.007000
-0.203000
-0.100000
-0.015000
-0.071000
-0.151000
-0.051000
0.056000
-0.007000
0.056000
0.017000
0.098000
-0.010000
0.054000
0.171000
0.029000
-0.098000
0.002000
0.095000
-0.020000
-0.056000
-0.125000
-0.024000
0.112000
0.015000
0.002000
-0.105000
0.066000
-0.051000
-0.103000
0.227000
0.032000
-0.276000
-0.085000
0.056000
0.039000
-0.156000
-0.154000
-0.002000
0.183000
-0.037000
-0.110000
-0.088000
-0.007000
-0.073000
-0.015000
-0.090000
-0.005000
0.164000
0.105000
-0.046000
-0.081000
-0.049000
-0.068000
-0.032000
-0.164000
0.068000
0.098000
-0.032000
-0.078000
-0.037000
0.120000
-0.034000
-0.144000
0.005000
0.122000
0.037000
0.029000
0.017000
0.078000
0.063000
-0.073000
0.029000
0.015000
0.088000
-0.037000
-0.063000
0.090000
0.017000
-0.166000
-0.078000
-0.007000
0.007000
-0.176000
0.051000
0.061000
0.054000
0.029000
-0.056000
0.181000
0.115000
-0.039000
-0.139000
0.027000
0.044000
-0.122000
-0.105000
0.007000
-0.156000
-0.117000
-0.037000
-0.012000
-0.164000
-0.127000
0.122000
0.002000
-0.061000
0.032000
-0.039000
0.024000
0.232000
-0.037000
-0.042000
0.229000
0.012000
-0.083000
-0.120000
0.090000
-0.020000
0.078000
0.068000
0.049000
-0.005000
-0.129000
-0.100000
-0.046000
0.042000
0.103000
-0.012000
-0.161000
0.100000
-0.051000
-0.056000
-0.027000
0.352000
0.200000
-0.105000
0.012000
-0.039000
-0.046000
-0.049000
0.002000
-0.151000
-0.117000
-0.061000
-0.212000
-0.305000
-0.071000
0.142000
0.029000
0.225000
0.015000
-0.239000
-0.232000
0.105000
-0.095000
-0.161000
0.088000
0.073000
-0.115000
-0.146000
0.007000
-0.073000
-0.068000
-0.208000
0.039000
0.161000
0.056000
0.151000
0.027000
-0.181000
-0.078000
0.195000
0.259000
-0.027000
-0.110000
-0.168000
-0.249000
0.090000
-0.005000
-0.083000
-0.186000
0.149000
0.125000
-0.005000
-0.063000
0.032000
0.032000
0.044000
0.159000
0.078000
0.061000
-0.105000
-0.215000
0.146000
0.239000
0.154000
-0.105000
-0.015000
-0.125000
-0.122000
0.037000
0.005000
0.046000
0.051000
0.002000
-0.127000
-0.188000
0.142000
0.227000
-0.117000
-0.164000
0.144000
0.068000
-0.068000
-0.044000
0.195000
0.068000
-0.156000
0.093000
0.195000
-0.146000
-0.210000
-0.037000
0.117000
0.127000
-0.251000
-0.198000
-0.056000
-0.061000
0.085000
0.012000
0.005000
-0.024000
-0.010000
-0.071000
0.042000
0.005000
0.005000
-0.032000
-0.081000
-0.090000
-0.144000
-0.098000
-0.137000
-0.083000
0.015000
-0.024000
-0.139000
-0.020000
0.017000
0.051000
0.078000
-0.115000
-0.178000
0.037000
0.164000
0.007000
0.032000
0.037000
-0.173000
-0.188000
0.071000
-0.232000
-0.059000
0.063000
0.024000
0.134000
0.022000
-0.029000
0.156000
0.312000
-0.020000
0.032000
0.215000
0.093000
-0.054000
0.059000
0.190000
-0.051000
-0.193000
0.017000
0.105000
-0.103000
-0.176000
-0.068000
0.105000
0.039000
-0.002000
0.007000
0.042000
-0.042000
0.193000
0.061000
-0.037000
0.073000
0.161000
0.056000
-0.020000
-0.010000
0.066000
0.176000
-0.142000
-0.002000
0.110000
0.037000
0.007000
0.095000
0.044000
-0.212000
0.056000
0.310000
-0.110000
-0.144000
0.188000
0.061000
-0.076000
0.029000
0.127000
-0.005000
-0.115000
-0.127000
0.464000
-0.181000
-0.303000
0.120000
0.132000
-0.198000
-0.227000
0.229000
-0.166000
-0.315000
0.037000
0.054000
0.115000
0.068000
-0.037000
-0.120000
0.100000
0.032000
-0.071000
-0.042000
-0.027000
0.095000
-0.022000
0.037000
-0.029000
0.024000
0.083000
0.015000
0.083000
0.076000
0.139000
0.010000
0.229000
0.562000
-0.093000
-0.081000
0.271000
0.168000
-0.056000
-0.098000
-0.017000
-0.127000
-0.076000
-0.212000
0.078000
0.012000
-0.127000
-0.071000
0.095000
0.115000
-0.132000
-0.203000
0.173000
0.112000
0.042000
0.132000
0.144000
-0.051000
0.029000
0.000000
-0.002000
-0.044000
-0.061000
-0.129000
-0.049000
0.088000
0.020000
-0.017000
0.112000
0.000000
0.032000
0.137000
-0.010000
0.334000
-0.029000
-0.054000
-0.034000
0.134000
0.046000
-0.229000
-0.027000
0.042000
-0.146000
-0.176000
-0.222000
-0.081000
0.071000
-0.095000
-0.161000
0.076000
0.049000
-0.029000
-0.222000
-0.090000
0.171000
-0.046000
-0.032000
0.149000
0.012000
0.071000
0.137000
-0.022000
-0.093000
-0.042000
0.085000
0.103000
0.044000
-0.015000
0.051000
-0.044000
0.154000
0.251000
0.217000
0.012000
0.010000
0.144000
0.071000
0.083000
0.022000
-0.176000
-0.090000
-0.063000
-0.110000
0.020000
0.083000
-0.088000
-0.159000
0.098000
0.115000
-0.059000
-0.254000
0.034000
0.132000
0.020000
-0.029000
0.073000
0.085000
0.144000
0.095000
0.088000
-0.127000
-0.212000
-0.073000
0.103000
0.093000
-0.044000
-0.061000
0.029000
0.066000
-0.090000
-0.071000
0.039000
0.000000
-0.088000
-0.171000
-0.059000
0.085000
0.146000
-0.022000
-0.063000
-0.042000
-0.044000
-0.061000
-0.083000
-0.259000
0.134000
0.139000
0.056000
0.356000
-0.505000
-0.342000
0.227000
0.107000
0.017000
-0.100000
-0.059000
0.325000
0.129000
-0.015000
0.225000
0.068000
-0.127000
0.020000
0.024000
-0.012000
-0.012000
-0.042000
0.046000
0.010000
-0.056000
-0.110000
-0.078000
0.037000
0.015000
-0.005000
0.032000
0.139000
0.042000
-0.083000
-0.054000
0.049000
-0.120000
0.054000
-0.042000
-0.063000
0.076000
-0.056000
-0.154000
0.027000
0.090000
-0.049000
-0.037000
0.112000
0.095000
-0.186000
-0.017000
0.173000
-0.098000
-0.034000
0.046000
0.024000
0.112000
-0.173000
-0.200000
-0.022000
-0.022000
0.044000
-0.110000
-0.254000
-0.002000
0.029000
-0.125000
-0.046000
0.090000
0.112000
0.000000
0.051000
-0.171000
-0.347000
-0.134000
0.051000
0.034000
0.161000
-0.107000
-0.117000
0.081000
-0.088000
-0.054000
-0.151000
-0.059000
0.010000
-0.186000
-0.112000
0.039000
0.051000
-0.010000
0.044000
0.061000
0.034000
-0.151000
-0.037000
0.071000
-0.017000
-0.100000
-0.183000
-0.012000
-0.049000
-0.085000
-0.112000
-0.188000
-0.063000
0.059000
-0.010000
0.195000
0.132000
-0.081000
0.000000
-0.151000
-0.042000
0.166000
0.127000
0.012000
-0.076000
0.034000
-0.049000
-0.139000
0.083000
0.017000
-0.076000
-0.088000
-0.049000
-0.034000
-0.039000
-0.076000
-0.054000
0.088000
0.085000
0.049000
-0.032000
0.066000
0.044000
-0.095000
0.020000
0.068000
-0.007000
-0.103000
-0.024000
0.063000
-0.005000
-0.251000
-0.056000
0.063000
0.154000
0.037000
0.037000
0.203000
0.107000
0.049000
0.054000
0.051000
0.095000
-0.002000
-0.093000
0.037000
0.078000
-0.042000
-0.115000
-0.088000
-0.017000
-0.251000
-0.068000
0.029000
-0.012000
0.061000
-0.034000
-0.059000
0.073000
0.054000
-0.020000
0.093000
-0.024000
-0.105000
-0.010000
0.046000
-0.120000
-0.051000
-0.039000
0.000000
-0.115000
-0.027000
-0.056000
0.002000
0.002000
-0.059000
-0.029000
-0.010000
0.151000
0.046000
0.107000
-0.024000
0.022000
0.005000
0.034000
-0.078000
-0.022000
-0.002000
-0.044000
-0.054000
-0.022000
-0.049000
-0.088000
-0.027000
0.007000
-0.012000
-0.037000
0.112000
-0.056000
0.078000
0.015000
0.090000
-0.037000
-0.042000
0.159000
-0.110000
-0.085000
-0.046000
0.032000
-0.039000
-0.056000
-0.105000
-0.076000
-0.049000
-0.022000
-0.110000
0.017000
0.076000
-0.046000
0.061000
-0.046000
-0.056000
0.066000
0.181000
0.107000
0.090000
0.081000
0.168000
0.042000
-0.005000
0.073000
-0.103000
0.098000
0.100000
-0.005000
-0.208000
0.105000
0.208000
-0.068000
-0.088000
0.093000
0.071000
-0.071000
-0.022000
-0.078000
0.112000
-0.076000
-0.083000
-0.076000
-0.010000
-0.071000
-0.081000
-0.002000
0.002000
-0.056000
-0.073000
0.056000
0.022000
-0.046000
-0.046000
0.107000
0.166000
0.024000
-0.022000
0.029000
-0.083000
0.090000
0.044000
0.017000
0.098000
0.051000
-0.056000
-0.007000
0.215000
0.002000
0.039000
0.071000
-0.027000
-0.081000
0.039000
0.034000
0.066000
0.093000
0.088000
0.149000
-0.015000
0.054000
0.029000
-0.076000
-0.090000
-0.144000
-0.085000
0.024000
-0.081000
-0.073000
0.110000
-0.085000
-0.032000
0.088000
0.083000
0.042000
0.010000
0.042000
0.042000
0.034000
0.203000
0.000000
-0.076000
-0.071000
-0.044000
0.100000
0.061000
-0.178000
-0.073000
0.027000
-0.122000
-0.156000
-0.010000
-0.029000
-0.156000
-0.195000
0.015000
0.076000
-0.024000
-0.085000
-0.039000
-0.129000
0.181000
0.178000
-0.146000
-0.305000
-0.039000
0.056000
-0.061000
-0.015000
-0.176000
-0.120000
-0.225000
-0.022000
0.178000
0.032000
-0.156000
-0.127000
-0.032000
0.081000
0.017000
-0.007000
0.068000
0.076000
-0.037000
0.037000
0.042000
-0.020000
-0.056000
-0.117000
-0.034000
-0.125000
-0.183000
-0.049000
0.044000
0.044000
-0.039000
0.044000
-0.056000
-0.117000
0.032000
0.049000
0.051000
0.103000
-0.002000
-0.012000
0.093000
0.093000
-0.051000
-0.144000
-0.037000
0.029000
0.032000
0.037000
0.015000
-0.010000
0.229000
0.181000
0.017000
-0.142000
0.039000
-0.017000
-0.010000
-0.022000
-0.032000
0.205000
0.000000
-0.049000
0.056000
-0.134000
-0.103000
0.056000
-0.078000
-0.059000
0.178000
0.120000
-0.005000
-0.002000
0.166000
-0.198000
-0.068000
0.266000
0.112000
0.007000
0.024000
-0.090000
-0.112000
0.024000
0.034000
0.024000
0.127000
-0.093000
-0.076000
0.103000
0.049000
0.024000
0.105000
0.144000
-0.015000
0.027000
0.112000
0.085000
-0.027000
-0.007000
0.037000
0.066000
-0.120000
-0.076000
-0.063000
-0.103000
-0.076000
-0.046000
0.051000
0.071000
-0.054000
-0.127000
-0.044000
0.181000
0.212000
0.071000
-0.085000
0.159000
0.059000
-0.107000
-0.044000
0.093000
0.049000
-0.017000
-0.005000
-0.081000
0.085000
-0.327000
-0.059000
0.142000
0.132000
0.176000
0.020000
-0.059000
0.107000
0.107000
-0.076000
-0.022000
0.183000
0.090000
0.061000
0.115000
-0.071000
-0.015000
-0.217000
0.017000
0.085000
-0.085000
-0.029000
0.090000
0.034000
-0.022000
0.083000
-0.044000
0.063000
0.005000
0.117000
-0.034000
0.002000
0.042000
-0.105000
-0.029000
0.039000
-0.120000
-0.203000
-0.015000
-0.002000
-0.022000
-0.200000
-0.093000
0.054000
0.051000
0.103000
-0.193000
-0.127000
0.117000
0.071000
0.081000
0.029000
0.010000
0.220000
0.044000
-0.044000
0.020000
-0.042000
-0.032000
-0.056000
-0.020000
-0.022000
0.022000
-0.044000
-0.066000
0.017000
-0.007000
0.017000
0.090000
0.176000
0.100000
0.007000
0.012000
0.107000
0.103000
-0.049000
0.037000
0.122000
0.125000
-0.051000
-0.198000
-0.083000
0.039000
-0.149000
-0.085000
0.088000
0.110000
0.010000
-0.205000
-0.034000
0.105000
0.027000
0.051000
0.039000
-0.015000
-0.107000
-0.066000
-0.005000
0.005000
0.073000
0.002000
-0.020000
-0.105000
0.039000
0.010000
-0.061000
-0.002000
0.049000
-0.076000
-0.034000
0.098000
0.146000
-0.027000
-0.034000
0.012000
-0.122000
-0.029000
-0.007000
-0.020000
0.010000
-0.112000
0.085000
0.154000
-0.054000
0.059000
-0.020000
0.105000
0.154000
-0.200000
0.034000
0.168000
0.107000
0.044000
0.039000
-0.083000
-0.002000
0.012000
-0.032000
0.085000
-0.105000
-0.015000
0.068000
-0.195000
-0.144000
0.161000
-0.229000
0.388000
-0.063000
0.098000
0.347000
-0.254000
0.139000
0.171000
-0.171000
0.054000
0.188000
-0.081000
0.195000
-0.095000
-0.127000
-0.081000
-0.144000
0.081000
0.093000
-0.059000
-0.208000
0.122000
0.085000
-0.046000
-0.010000
0.095000
0.273000
0.078000
-0.032000
0.051000
0.137000
0.085000
-0.112000
0.068000
0.066000
0.002000
0.029000
0.005000
0.000000
-0.076000
0.068000
-0.007000
-0.093000
-0.071000
0.022000
0.024000
0.061000
0.098000
-0.010000
0.037000
0.024000
-0.017000
-0.024000
-0.076000
0.012000
-0.054000
-0.005000
-0.110000
-0.161000
-0.046000
0.132000
-0.022000
-0.046000
0.044000
0.044000
0.112000
0.037000
0.005000
0.029000
0.078000
0.012000
-0.002000
-0.103000
0.090000
0.005000
-0.146000
-0.183000
-0.095000
0.171000
-0.210000
-0.134000
0.164000
0.264000
0.034000
-0.166000
0.151000
0.220000
-0.110000
-0.190000
-0.032000
0.005000
-0.076000
-0.015000
-0.015000
0.005000
0.042000
-0.037000
-0.032000
-0.093000
0.024000
0.090000
0.015000
0.027000
0.132000
0.034000
0.059000
0.088000
0.076000
0.122000
-0.071000
-0.034000
-0.132000
0.022000
0.144000
-0.034000
-0.103000
-0.105000
-0.122000
-0.027000
-0.081000
-0.122000
-0.090000
-0.007000
0.000000
0.012000
-0.103000
0.012000
0.010000
-0.051000
0.059000
-0.061000
-0.012000
-0.032000
-0.071000
-0.046000
-0.076000
-0.049000
-0.125000
-0.010000
0.044000
-0.007000
-0.049000
0.029000
0.017000
0.051000
0.056000
0.139000
0.222000
-0.015000
-0.044000
0.122000
0.237000
0.266000
0.078000
0.225000
0.215000
-0.129000
-0.215000
-0.129000
-0.156000
-0.088000
-0.137000
-0.166000
-0.081000
-0.112000
-0.044000
0.132000
0.049000
0.071000
-0.015000
-0.022000
0.037000
-0.105000
-0.105000
-0.149000
0.010000
0.071000
0.063000
-0.071000
0.042000
-0.083000
-0.115000
0.168000
0.054000
-0.066000
-0.095000
-0.015000
0.059000
0.007000
0.034000
0.129000
0.020000
-0.020000
0.017000
-0.061000
-0.061000
-0.015000
-0.005000
0.034000
-0.085000
-0.032000
0.010000
-0.010000
-0.120000
-0.061000
0.115000
-0.007000
-0.085000
-0.129000
0.056000
0.137000
-0.078000
-0.107000
0.078000
0.029000
0.032000
-0.017000
-0.024000
0.068000
-0.076000
-0.122000
0.054000
-0.007000
-0.154000
-0.120000
0.098000
0.222000
-0.020000
-0.129000
-0.010000
0.071000
0.054000
-0.176000
-0.063000
0.156000
-0.137000
-0.159000
0.105000
0.042000
-0.161000
-0.073000
-0.012000
-0.063000
-0.107000
-0.200000
-0.061000
0.061000
-0.042000
-0.127000
0.015000
0.049000
-0.110000
-0.059000
0.024000
0.156000
0.024000
0.037000
0.017000
-0.005000
-0.059000
-0.115000
-0.061000
-0.017000
0.071000
0.068000
-0.007000
0.161000
0.090000
-0.083000
0.034000
0.054000
0.029000
0.156000
0.061000
0.032000
0.066000
-0.015000
-0.024000
-0.112000
-0.137000
-0.085000
-0.212000
0.046000
0.042000
-0.034000
0.061000
-0.051000
-0.027000
0.037000
-0.015000
0.017000
0.054000
0.027000
0.125000
0.132000
0.037000
0.032000
-0.066000
-0.117000
0.171000
-0.015000
-0.317000
-0.132000
0.337000
0.203000
-0.071000
0.015000
0.171000
0.132000
-0.122000
-0.078000
-0.166000
0.049000
-0.007000
-0.122000
0.095000
0.085000
0.059000
-0.081000
0.010000
0.034000
-0.110000
-0.056000
-0.090000
-0.127000
-0.044000
0.112000
0.103000
-0.007000
-0.085000
0.024000
0.063000
-0.071000
-0.032000
0.017000
0.049000
0.049000
-0.010000
0.037000
-0.051000
-0.046000
-0.027000
-0.054000
-0.027000
-0.144000
-0.112000
0.042000
0.066000
-0.017000
0.076000
0.105000
-0.083000
-0.029000
0.029000
0.022000
-0.051000
-0.002000
0.032000
-0.012000
0.046000
0.002000
0.164000
0.081000
-0.054000
-0.098000
-0.095000
-0.117000
-0.002000
0.063000
0.188000
0.205000
0.037000
-0.042000
0.105000
-0.073000
-0.256000
-0.010000
0.398000
0.100000
-0.039000
0.044000
-0.007000
-0.010000
-0.073000
0.015000
-0.159000
-0.044000
0.059000
0.056000
-0.078000
0.066000
0.164000
-0.090000
-0.271000
-0.027000
0.027000
0.049000
0.039000
0.022000
-0.059000
0.046000
-0.032000
-0.178000
-0.085000
0.117000
0.127000
-0.120000
-0.068000
0.090000
0.071000
0.088000
0.029000
0.027000
0.017000
0.002000
0.071000
-0.007000
-0.093000
0.063000
0.181000
0.127000
0.046000
-0.066000
-0.037000
0.149000
0.120000
0.095000
0.024000
0.071000
0.139000
-0.010000
-0.054000
-0.007000
0.168000
0.071000
0.002000
0.032000
-0.029000
-0.037000
-0.073000
-0.037000
0.083000
0.122000
-0.151000
-0.022000
0.020000
0.071000
0.020000
-0.146000
-0.037000
0.000000
-0.164000
-0.190000
-0.088000
0.037000
-0.015000
0.093000
0.100000
-0.190000
0.000000
-0.059000
-0.112000
-0.139000
-0.071000
0.059000
0.059000
0.034000
-0.122000
-0.103000
-0.093000
0.190000
0.107000
-0.115000
0.027000
0.049000
-0.085000
-0.059000
0.117000
0.105000
-0.049000
-0.034000
0.054000
-0.039000
-0.105000
-0.105000
-0.071000
-0.054000
0.093000
-0.081000
-0.127000
-0.042000
-0.056000
-0.027000
0.015000
0.034000
-0.093000
-0.039000
0.042000
-0.059000
-0.081000
0.000000
0.056000
-0.078000
-0.063000
-0.015000
-0.098000
0.020000
0.042000
0.044000
0.068000
0.042000
-0.037000
0.005000
0.000000
0.034000
0.212000
-0.100000
0.127000
0.291000
-0.195000
-0.095000
0.188000
0.134000
-0.129000
-0.029000
-0.093000
-0.176000
-0.044000
0.032000
-0.066000
0.103000
0.247000
-0.127000
-0.198000
0.242000
0.400000
-0.078000
-0.232000
0.156000
0.286000
0.005000
0.083000
0.034000
-0.078000
-0.083000
-0.024000
0.061000
0.078000
-0.049000
0.022000
0.115000
0.044000
0.100000
-0.061000
-0.059000
0.122000
0.105000
-0.227000
-0.098000
0.076000
0.205000
0.020000
-0.217000
0.010000
0.127000
0.010000
-0.098000
0.027000
0.012000
0.020000
0.054000
0.220000
0.029000
-0.078000
0.042000
0.005000
0.051000
0.078000
-0.015000
-0.024000
0.054000
0.015000
0.056000
-0.032000
-0.010000
-0.015000
-0.034000
-0.024000
-0.029000
-0.061000
-0.254000
0.081000
0.195000
-0.151000
-0.095000
0.312000
-0.149000
0.132000
0.342000
-0.049000
0.193000
-0.029000
-0.007000
-0.176000
-0.027000
0.083000
-0.085000
-0.024000
0.134000
0.066000
-0.127000
-0.010000
-0.088000
-0.110000
0.105000
0.063000
-0.002000
0.061000
-0.020000
-0.002000
0.066000
0.024000
-0.083000
0.056000
-0.090000
0.044000
0.156000
-0.208000
-0.112000
0.039000
-0.015000
-0.054000
-0.032000
0.093000
-0.076000
-0.193000
-0.007000
-0.005000
-0.144000
0.059000
0.010000
-0.046000
0.110000
-0.107000
-0.100000
-0.032000
-0.105000
-0.022000
-0.164000
-0.095000
-0.010000
-0.029000
0.054000
0.037000
0.095000
0.149000
0.063000
-0.100000
-0.039000
-0.100000
0.059000
0.076000
0.022000
0.056000
-0.061000
-0.024000
0.044000
-0.288000
0.261000
0.024000
-0.132000
0.020000
0.115000
0.037000
-0.244000
0.042000
0.190000
0.088000
0.063000
-0.044000
-0.063000
0.017000
0.049000
-0.071000
0.068000
0.127000
-0.164000
-0.110000
0.234000
0.049000
-0.107000
0.115000
0.056000
0.012000
-0.034000
0.090000
0.017000
-0.037000
0.161000
0.161000
0.164000
0.193000
-0.315000
-0.088000
0.103000
-0.100000
-0.146000
-0.063000
-0.017000
0.037000
0.088000
0.010000
0.037000
-0.032000
0.095000
0.093000
-0.020000
-0.063000
0.105000
0.120000
0.112000
0.054000
0.029000
0.005000
-0.078000
-0.076000
-0.142000
0.046000
-0.139000
-0.093000
-0.151000
-0.149000
-0.007000
-0.088000
-0.098000
0.027000
0.005000
-0.103000
0.042000
0.103000
0.066000
0.002000
0.063000
0.046000
-0.117000
-0.090000
0.007000
0.063000
-0.156000
-0.129000
-0.037000
0.117000
0.027000
0.066000
-0.022000
0.066000
0.017000
-0.166000
0.344000
0.039000
-0.195000
0.198000
0.071000
-0.039000
-0.002000
0.081000
0.081000
0.105000
-0.034000
-0.178000
-0.085000
-0.054000
-0.029000
-0.122000
0.059000
0.171000
-0.093000
-0.164000
-0.037000
0.049000
-0.151000
-0.024000
-0.051000
-0.054000
-0.112000
-0.024000
-0.017000
-0.029000
-0.015000
-0.020000
0.156000
0.029000
-0.110000
-0.046000
0.161000
0.081000
0.042000
-0.017000
0.178000
0.098000
0.042000
0.007000
0.032000
0.134000
-0.063000
-0.017000
-0.054000
-0.022000
-0.081000
0.005000
-0.093000
0.022000
0.002000
-0.100000
0.010000
0.107000
0.020000
-0.051000
-0.005000
0.071000
0.081000
-0.032000
-0.081000
0.044000
0.061000
-0.042000
-0.090000
-0.037000
0.024000
-0.076000
-0.173000
0.117000
0.271000
0.256000
-0.020000
0.210000
0.227000
-0.044000
-0.085000
0.085000
0.103000
0.007000
0.095000
0.063000
0.000000
-0.129000
-0.066000
-0.142000
-0.076000
-0.022000
0.007000
-0.090000
-0.090000
-0.073000
-0.115000
-0.037000
-0.078000
-0.029000
0.051000
0.183000
-0.071000
-0.007000
0.144000
0.002000
-0.159000
-0.151000
0.039000
0.034000
-0.017000
-0.054000
0.007000
-0.010000
0.061000
-0.054000
-0.007000
0.020000
-0.010000
-0.029000
0.054000
0.144000
0.039000
0.056000
-0.029000
0.085000
-0.010000
-0.024000
-0.061000
0.017000
-0.093000
-0.154000
-0.256000
-0.115000
-0.007000
0.125000
-0.044000
-0.083000
0.151000
-0.090000
-0.146000
-0.015000
0.002000
-0.049000
0.090000
-0.029000
-0.085000
0.100000
0.134000
0.007000
-0.107000
0.120000
0.193000
0.063000
0.032000
0.278000
0.105000
0.103000
-0.022000
0.117000
0.188000
0.076000
-0.056000
0.054000
0.144000
-0.088000
0.078000
0.198000
0.227000
0.015000
0.095000
-0.132000
-0.107000
-0.144000
-0.125000
0.027000
0.032000
-0.002000
0.010000
0.110000
-0.168000
-0.012000
0.029000
0.005000
-0.071000
-0.054000
-0.059000
-0.068000
-0.154000
-0.063000
-0.017000
-0.095000
-0.007000
0.005000
0.046000
-0.115000
-0.044000
-0.076000
0.029000
0.002000
-0.083000
0.098000
-0.120000
-0.046000
-0.012000
0.039000
-0.076000
0.012000
-0.042000
0.022000
-0.168000
-0.112000
-0.063000
-0.044000
0.037000
0.051000
-0.012000
-0.044000
0.090000
0.054000
0.037000
-0.081000
0.066000
-0.071000
-0.134000
-0.056000
-0.039000
0.005000
0.034000
0.020000
-0.164000
-0.022000
-0.032000
-0.105000
-0.181000
-0.002000
-0.100000
0.007000
0.098000
0.144000
-0.034000
-0.146000
0.010000
0.032000
-0.063000
-0.012000
0.239000
-0.049000
-0.127000
-0.046000
0.132000
-0.176000
-0.034000
-0.105000
-0.144000
0.012000
0.002000
-0.090000
-0.142000
0.142000
-0.137000
0.032000
0.032000
0.107000
-0.056000
0.112000
0.149000
0.012000
-0.205000
-0.034000
0.188000
0.027000
-0.081000
-0.020000
0.034000
-0.166000
-0.007000
-0.005000
-0.037000
-0.154000
0.061000
0.129000
-0.022000
0.002000
0.068000
0.103000
0.007000
0.115000
0.049000
0.171000
0.063000
-0.029000
0.117000
-0.032000
-0.117000
0.032000
0.134000
-0.022000
-0.056000
-0.017000
0.100000
-0.027000
-0.127000
-0.044000
0.093000
-0.020000
0.098000
0.217000
0.103000
-0.037000
0.137000
0.261000
-0.085000
-0.022000
0.032000
0.176000
0.022000
0.063000
0.054000
-0.012000
-0.090000
-0.105000
0.017000
0.132000
0.186000
0.049000
-0.059000
0.010000
0.166000
0.059000
0.010000
-0.076000
0.164000
0.066000
0.076000
0.181000
0.159000
-0.078000
-0.051000
0.161000
-0.066000
-0.005000
0.032000
0.083000
0.054000
0.010000
-0.105000
-0.032000
-0.049000
-0.073000
-0.010000
-0.076000
-0.029000
-0.110000
-0.024000
0.059000
0.078000
-0.129000
-0.120000
0.022000
0.117000
-0.049000
-0.088000
0.125000
0.068000
0.017000
-0.024000
0.078000
-0.081000
-0.032000
-0.063000
-0.081000
-0.046000
0.051000
0.168000
-0.027000
-0.107000
-0.090000
0.068000
0.027000
0.044000
0.146000
0.024000
-0.227000
0.054000
0.176000
0.137000
-0.005000
0.005000
0.151000
0.220000
0.208000
0.027000
0.146000
-0.034000
0.017000
-0.039000
-0.066000
0.051000
0.024000
-0.010000
0.029000
0.029000
0.046000
0.000000
-0.115000
0.046000
0.039000
-0.039000
0.085000
0.139000
0.027000
0.049000
0.039000
-0.085000
0.098000
0.149000
-0.129000
-0.090000
0.188000
0.173000
0.010000
0.117000
0.264000
0.007000
-0.002000
0.107000
0.105000
-0.002000
0.039000
0.029000
-0.076000
-0.020000
-0.146000
-0.037000
-0.059000
-0.056000
-0.100000
0.027000
0.063000
0.024000
0.002000
0.103000
0.259000
-0.007000
0.010000
0.225000
0.200000
-0.081000
0.161000
0.190000
0.161000
0.081000
0.020000
-0.095000
0.115000
0.347000
-0.002000
-0.137000
-0.020000
-0.112000
-0.254000
-0.071000
0.063000
0.044000
-0.032000
-0.034000
0.046000
0.068000
0.032000
-0.110000
-0.005000
-0.007000
-0.039000
-0.261000
0.066000
0.042000
0.215000
0.107000
0.027000
0.032000
0.127000
0.051000
0.017000
0.093000
-0.042000
0.007000
0.010000
0.039000
-0.090000
-0.022000
0.049000
0.034000
-0.073000
-0.029000
0.039000
-0.093000
-0.046000
-0.056000
-0.029000
0.090000
-0.061000
-0.168000
0.127000
0.190000
0.127000
0.002000
-0.068000
0.022000
0.112000
0.039000
-0.154000
-0.059000
0.007000
0.134000
0.085000
0.063000
-0.068000
-0.002000
0.034000
0.007000
0.012000
-0.164000
0.042000
0.105000
0.068000
-0.010000
-0.217000
0.144000
-0.071000
-0.305000
0.078000
0.044000
-0.093000
-0.183000
0.059000
-0.215000
-0.022000
-0.039000
-0.142000
0.144000
0.059000
0.005000
-0.076000
0.090000
-0.051000
-0.100000
-0.061000
0.105000
-0.005000
-0.198000
-0.022000
-0.117000
-0.076000
-0.225000
0.054000
0.002000
-0.178000
-0.122000
0.076000
0.020000
-0.063000
0.054000
0.015000
0.098000
-0.029000
0.078000
0.117000
0.129000
-0.024000
-0.044000
-0.005000
-0.005000
-0.107000
-0.134000
-0.066000
-0.037000
-0.159000
-0.215000
0.125000
0.076000
-0.029000
-0.190000
-0.007000
-0.034000
-0.156000
-0.042000
0.061000
0.020000
-0.127000
0.127000
0.027000
-0.095000
-0.149000
-0.032000
0.105000
-0.227000
-0.107000
0.237000
0.039000
-0.027000
0.112000
0.066000
0.076000
0.056000
0.100000
0.093000
0.078000
-0.049000
0.071000
-0.095000
-0.059000
-0.071000
-0.276000
0.032000
0.105000
-0.063000
-0.117000
0.012000
0.012000
-0.193000
-0.229000
0.002000
-0.002000
0.051000
0.020000
0.059000
0.120000
-0.037000
-0.056000
0.056000
-0.012000
-0.024000
0.027000
-0.007000
-0.066000
-0.259000
-0.105000
-0.081000
-0.017000
-0.042000
-0.071000
0.059000
0.037000
0.005000
-0.027000
0.034000
-0.015000
0.154000
0.042000
0.076000
-0.024000
-0.063000
0.015000
-0.061000
-0.037000
-0.107000
-0.039000
-0.078000
-0.059000
0.029000
0.042000
-0.022000
0.007000
0.002000
0.015000
0.073000
-0.034000
0.054000
0.171000
-0.139000
0.056000
0.151000
-0.122000
0.103000
-0.027000
-0.081000
-0.059000
0.161000
0.022000
-0.159000
0.007000
0.151000
0.017000
-0.229000
0.010000
-0.054000
0.044000
-0.081000
-0.051000
-0.002000
0.059000
0.049000
0.125000
-0.320000
0.569000
0.159000
-0.159000
0.051000
-0.178000
-0.137000
-0.149000
-0.037000
-0.037000
0.112000
-0.088000
-0.112000
-0.176000
-0.042000
0.044000
-0.190000
0.173000
0.105000
-0.024000
-0.127000
-0.012000
-0.005000
-0.100000
-0.203000
0.049000
0.151000
-0.154000
-0.154000
0.081000
0.115000
-0.046000
-0.037000
0.151000
0.137000
0.090000
0.081000
0.044000
0.125000
-0.027000
0.012000
0.100000
-0.034000
-0.022000
-0.071000
0.002000
0.068000
-0.044000
0.027000
0.037000
-0.193000
-0.081000
0.068000
-0.044000
-0.178000
-0.046000
0.208000
0.159000
-0.027000
-0.005000
0.068000
0.032000
0.120000
0.020000
-0.002000
0.017000
0.022000
0.012000
-0.017000
0.078000
0.002000
-0.066000
-0.071000
0.137000
0.107000
0.093000
-0.264000
0.068000
0.244000
-0.024000
0.142000
0.281000
0.010000
-0.146000
0.020000
0.061000
0.022000
-0.125000
-0.090000
0.007000
-0.146000
-0.083000
-0.063000
-0.144000
-0.017000
0.071000
0.044000
-0.122000
-0.151000
0.002000
0.020000
0.088000
-0.122000
-0.098000
-0.007000
-0.081000
-0.105000
0.107000
-0.046000
-0.042000
0.083000
-0.107000
-0.059000
0.042000
0.095000
-0.007000
-0.120000
-0.154000
0.093000
-0.042000
-0.044000
-0.090000
0.029000
0.046000
-0.259000
0.022000
0.029000
0.007000
0.100000
0.278000
0.049000
0.020000
-0.066000
0.020000
0.186000
-0.042000
0.061000
0.098000
0.125000
-0.159000
0.056000
0.076000
0.042000
0.007000
-0.015000
-0.166000
-0.081000
0.022000
-0.032000
0.010000
0.186000
-0.017000
-0.159000
0.078000
0.168000
0.166000
0.002000
-0.024000
0.066000
0.181000
-0.073000
-0.063000
0.278000
0.046000
-0.105000
-0.112000
0.044000
0.037000
-0.056000
-0.044000
0.078000
-0.083000
-0.061000
0.149000
-0.034000
-0.190000
-0.129000
0.012000
-0.056000
-0.076000
0.078000
0.034000
-0.151000
-0.037000
-0.054000
-0.022000
-0.110000
-0.029000
0.044000
-0.034000
0.085000
-0.076000
0.137000
0.083000
0.168000
-0.029000
-0.059000
0.098000
0.229000
0.007000
-0.029000
0.005000
0.027000
0.144000
-0.073000
-0.027000
0.054000
-0.054000
-0.042000
0.017000
0.081000
-0.012000
-0.242000
0.161000
0.220000
-0.154000
-0.120000
0.078000
0.137000
-0.164000
0.059000
0.195000
-0.127000
-0.300000
0.042000
0.029000
-0.234000
-0.222000
-0.051000
0.098000
-0.112000
-0.088000
-0.037000
0.068000
-0.042000
-0.010000
0.010000
0.071000
-0.132000
0.212000
0.159000
-0.024000
0.029000
-0.042000
-0.059000
-0.137000
0.044000
-0.066000
-0.139000
-0.076000
0.015000
0.015000
0.046000
-0.229000
-0.061000
0.107000
-0.183000
-0.222000
-0.015000
0.112000
-0.105000
-0.056000
-0.042000
0.032000
-0.068000
-0.066000
-0.137000
-0.056000
0.032000
-0.039000
-0.142000
0.005000
0.134000
-0.105000
-0.039000
0.078000
0.154000
0.129000
0.081000
-0.081000
-0.068000
-0.029000
-0.051000
0.054000
0.044000
0.066000
-0.120000
-0.183000
-0.073000
0.059000
-0.139000
-0.061000
0.107000
0.027000
-0.049000
0.105000
0.149000
-0.095000
0.059000
0.000000
-0.066000
-0.107000
0.056000
-0.027000
0.015000
-0.105000
-0.017000
0.129000
-0.010000
-0.005000
0.000000
0.017000
0.042000
0.020000
-0.088000
0.098000
0.037000
0.083000
0.059000
-0.122000
-0.142000
0.149000
0.125000
-0.125000
-0.098000
-0.056000
0.039000
-0.132000
-0.056000
0.073000
-0.046000
-0.210000
-0.056000
0.210000
0.071000
-0.107000
0.022000
0.144000
0.002000
0.034000
-0.007000
0.134000
0.173000
0.010000
-0.081000
-0.090000
-0.212000
-0.027000
0.027000
0.037000
0.071000
-0.044000
-0.107000
-0.022000
0.178000
0.134000
-0.046000
0.171000
0.151000
0.171000
0.042000
-0.149000
-0.020000
0.100000
-0.127000
-0.122000
-0.054000
0.010000
-0.056000
0.022000
-0.081000
0.071000
-0.071000
0.056000
0.156000
-0.012000
-0.027000
-0.078000
-0.056000
0.012000
0.093000
0.044000
-0.061000
-0.088000
-0.115000
0.232000
-0.173000
0.024000
0.273000
0.083000
-0.278000
-0.093000
-0.078000
-0.229000
-0.103000
0.085000
0.068000
0.098000
-0.088000
-0.020000
-0.056000
-0.020000
0.144000
-0.083000
0.015000
0.132000
-0.032000
-0.276000
-0.154000
0.051000
0.056000
-0.081000
-0.049000
0.032000
-0.293000
-0.017000
0.171000
0.083000
0.042000
0.100000
-0.005000
-0.159000
-0.044000
0.059000
-0.063000
0.073000
0.134000
0.156000
-0.110000
-0.076000
-0.034000
-0.232000
0.078000
0.049000
0.034000
0.044000
0.100000
0.012000
0.144000
0.017000
-0.056000
0.044000
-0.032000
0.137000
-0.083000
-0.129000
0.112000
0.161000
-0.049000
-0.044000
0.000000
-0.007000
-0.061000
-0.225000
0.151000
0.063000
-0.002000
-0.037000
-0.017000
0.022000
-0.076000
-0.125000
0.142000
-0.017000
-0.095000
-0.078000
0.020000
0.007000
-0.044000
0.083000
-0.015000
-0.173000
-0.127000
-0.007000
-0.127000
-0.049000
-0.020000
0.129000
-0.015000
0.098000
0.161000
-0.037000
0.078000
0.125000
0.032000
-0.098000
0.029000
-0.332000
0.427000
0.020000
-0.146000
0.127000
0.022000
-0.083000
-0.300000
0.017000
-0.068000
-0.212000
-0.022000
0.100000
0.198000
0.110000
-0.068000
-0.051000
0.066000
0.132000
-0.144000
-0.122000
-0.015000
-0.034000
0.027000
0.032000
0.127000
0.037000
-0.002000
0.190000
0.132000
-0.054000
0.046000
-0.076000
0.078000
0.122000
0.090000
0.269000
-0.022000
0.078000
-0.095000
-0.198000
-0.078000
-0.098000
-0.151000
-0.061000
0.081000
-0.107000
0.015000
-0.024000
0.017000
-0.076000
0.037000
-0.098000
0.103000
0.095000
-0.022000
0.039000
0.068000
0.017000
0.125000
0.044000
-0.051000
0.149000
-0.032000
0.022000
-0.105000
-0.095000
0.054000
0.051000
0.107000
0.027000
0.051000
0.129000
0.032000
-0.002000
0.073000
0.049000
0.083000
0.012000
0.020000
-0.073000
-0.073000
0.027000
-0.039000
-0.151000
-0.127000
-0.029000
-0.117000
-0.144000
0.017000
0.027000
-0.149000
0.068000
0.000000
-0.090000
0.002000
0.110000
-0.002000
0.037000
0.156000
0.107000
-0.291000
0.269000
-0.044000
-0.134000
0.088000
-0.117000
-0.056000
-0.210000
0.083000
0.032000
0.015000
-0.039000
-0.107000
0.117000
0.483000
-0.032000
-0.352000
0.183000
0.081000
-0.171000
-0.139000
0.083000
0.098000
-0.059000
0.054000
0.134000
-0.027000
-0.095000
-0.081000
-0.183000
-0.029000
0.005000
-0.017000
0.005000
0.076000
0.090000
-0.039000
0.010000
0.098000
0.132000
0.005000
-0.015000
-0.095000
0.029000
-0.073000
-0.063000
-0.156000
-0.044000
0.005000
-0.061000
-0.054000
0.046000
0.073000
0.044000
0.093000
0.037000
0.156000
0.059000
0.044000
0.088000
0.105000
-0.063000
-0.081000
-0.071000
-0.085000
0.029000
-0.034000
0.015000
-0.024000
-0.017000
-0.015000
0.374000
0.122000
-0.176000
0.154000
0.151000
-0.002000
0.042000
-0.029000
-0.032000
0.112000
-0.198000
-0.017000
0.061000
-0.017000
-0.061000
0.142000
-0.234000
-0.007000
0.115000
-0.142000
0.056000
0.122000
0.044000
-0.032000
0.164000
0.098000
0.103000
0.027000
0.107000
-0.034000
-0.098000
0.017000
-0.049000
-0.083000
-0.149000
-0.110000
-0.144000
0.078000
-0.020000
-0.154000
-0.144000
0.061000
-0.132000
-0.029000
0.000000
0.022000
0.090000
-0.100000
0.100000
-0.027000
-0.139000
-0.063000
0.083000
-0.066000
-0.012000
-0.078000
-0.005000
-0.012000
-0.205000
-0.183000
-0.083000
0.020000
-0.088000
-0.037000
0.164000
0.178000
-0.083000
-0.093000
0.161000
0.100000
-0.125000
-0.122000
-0.027000
0.059000
0.105000
-0.029000
-0.059000
-0.039000
0.088000
-0.144000
-0.044000
-0.024000
0.066000
0.022000
-0.090000
-0.037000
0.007000
0.088000
-0.059000
-0.015000
-0.171000
0.017000
0.139000
0.088000
-0.068000
0.100000
-0.022000
-0.063000
0.134000
0.042000
-0.137000
-0.122000
0.000000
0.054000
-0.024000
0.010000
0.259000
-0.063000
-0.146000
0.125000
-0.244000
-0.100000
-0.029000
-0.032000
0.105000
-0.046000
-0.088000
0.144000
-0.208000
-0.073000
0.054000
-0.032000
-0.039000
0.071000
0.105000
-0.024000
-0.125000
-0.100000
-0.054000
0.007000
-0.012000
-0.100000
-0.059000
-0.120000
0.012000
-0.081000
-0.161000
-0.051000
0.066000
0.100000
-0.051000
0.071000
0.063000
-0.007000
-0.071000
0.210000
0.037000
0.000000
0.076000
0.098000
0.044000
-0.032000
-0.042000
-0.024000
0.034000
-0.139000
0.017000
0.068000
0.049000
-0.110000
-0.002000
-0.046000
-0.056000
-0.005000
0.063000
0.049000
0.005000
0.112000
-0.037000
0.100000
0.002000
0.039000
0.063000
0.000000
-0.059000
-0.024000
-0.085000
-0.044000
-0.095000
-0.022000
0.005000
-0.149000
0.127000
-0.063000
-0.251000
0.081000
0.132000
0.032000
0.044000
0.059000
0.068000
0.034000
-0.110000
0.044000
-0.083000
-0.098000
-0.198000
0.083000
0.168000
-0.010000
-0.168000
0.046000
-0.063000
0.046000
0.137000
-0.002000
-0.015000
-0.120000
-0.032000
0.027000
-0.024000
0.010000
-0.015000
-0.071000
-0.002000
0.078000
-0.068000
-0.186000
-0.056000
0.017000
-0.071000
-0.042000
0.032000
0.051000
0.020000
0.095000
0.032000
0.068000
0.034000
-0.007000
-0.012000
0.098000
-0.020000
-0.068000
0.051000
0.049000
0.237000
0.093000
0.039000
0.220000
0.129000
-0.090000
-0.015000
0.120000
0.205000
-0.056000
-0.190000
0.156000
0.264000
0.039000
-0.015000
-0.066000
-0.095000
0.085000
-0.027000
0.032000
0.022000
-0.208000
-0.107000
0.029000
0.032000
-0.020000
0.027000
-0.007000
-0.015000
0.090000
0.051000
-0.215000
-0.093000
0.107000
0.125000
0.066000
-0.034000
-0.020000
-0.027000
-0.002000
0.149000
-0.017000
-0.239000
-0.164000
-0.110000
0.029000
0.017000
-0.027000
-0.015000
0.078000
0.029000
-0.068000
-0.007000
-0.098000
-0.010000
-0.068000
-0.066000
-0.068000
-0.076000
-0.029000
0.015000
-0.122000
-0.183000
-0.010000
0.081000
0.032000
-0.134000
-0.002000
-0.032000
0.115000
0.029000
0.017000
0.027000
-0.054000
0.090000
0.059000
-0.034000
0.110000
0.051000
-0.103000
0.002000
0.066000
-0.029000
-0.093000
-0.029000
0.129000
-0.046000
-0.176000
0.063000
0.051000
-0.024000
0.068000
0.066000
-0.010000
-0.049000
-0.010000
-0.098000
0.049000
-0.066000
-0.076000
0.093000
0.107000
-0.317000
-0.186000
0.020000
-0.183000
-0.095000
0.046000
0.007000
-0.017000
-0.071000
0.134000
-0.034000
-0.144000
0.066000
0.198000
0.015000
-0.012000
-0.063000
-0.017000
0.027000
-0.066000
-0.027000
0.027000
-0.083000
0.085000
0.076000
-0.210000
-0.173000
-0.032000
0.015000
-0.015000
-0.049000
-0.012000
-0.002000
-0.117000
-0.037000
0.027000
-0.044000
-0.159000
-0.129000
-0.059000
-0.059000
-0.068000
-0.085000
0.024000
-0.002000
-0.161000
-0.020000
-0.002000
-0.044000
0.154000
0.164000
0.066000
0.127000
0.039000
0.164000
0.078000
0.103000
0.129000
0.081000
-0.066000
-0.024000
0.012000
0.010000
-0.037000
-0.081000
-0.142000
-0.107000
0.049000
-0.032000
0.046000
-0.078000
0.022000
0.027000
-0.027000
0.051000
0.095000
-0.051000
-0.151000
0.054000
0.068000
0.061000
0.037000
-0.012000
0.012000
0.044000
0.085000
0.049000
-0.061000
0.061000
0.024000
0.105000
0.085000
0.093000
0.085000
-0.146000
0.259000
0.339000
-0.071000
0.073000
-0.181000
-0.107000
0.098000
-0.320000
-0.112000
0.105000
-0.139000
-0.144000
0.042000
0.164000
-0.078000
-0.054000
0.081000
0.015000
0.046000
0.134000
0.049000
-0.024000
-0.024000
0.049000
-0.017000
0.115000
0.210000
-0.295000
-0.249000
-0.017000
0.273000
0.115000
0.034000
-0.029000
0.220000
0.105000
-0.103000
0.044000
0.059000
0.037000
-0.024000
-0.015000
0.063000
0.132000
-0.017000
0.002000
0.107000
-0.012000
-0.107000
-0.154000
-0.039000
-0.154000
0.015000
0.046000
0.061000
-0.156000
0.217000
0.134000
-0.115000
-0.042000
0.181000
0.068000
-0.103000
0.049000
0.078000
0.098000
-0.022000
-0.017000
-0.093000
0.078000
0.022000
-0.098000
0.027000
0.107000
-0.029000
0.061000
0.073000
-0.024000
0.095000
0.068000
0.059000
0.010000
0.063000
0.037000
0.117000
-0.032000
-0.002000
0.005000
-0.012000
0.027000
0.051000
-0.010000
-0.105000
0.132000
-0.002000
0.027000
-0.010000
0.137000
-0.139000
0.317000
-0.137000
0.183000
0.342000
0.088000
0.059000
0.005000
-0.015000
-0.161000
0.115000
0.022000
-0.110000
0.066000
0.120000
-0.076000
0.076000
0.178000
0.098000
-0.029000
0.002000
0.222000
0.222000
-0.024000
-0.120000
0.176000
0.088000
-0.037000
-0.095000
0.012000
0.061000
-0.164000
-0.127000
-0.090000
0.034000
-0.061000
-0.081000
0.012000
0.122000
-0.222000
-0.156000
0.088000
0.071000
-0.081000
-0.039000
0.010000
0.022000
0.059000
-0.090000
0.032000
-0.181000
-0.056000
-0.046000
-0.039000
-0.200000
-0.129000
0.088000
-0.034000
-0.090000
-0.002000
0.076000
0.081000
0.024000
0.002000
0.188000
0.012000
-0.093000
0.088000
0.088000
-0.037000
0.007000
0.027000
0.073000
0.046000
-0.127000
0.156000
0.066000
0.093000
0.085000
0.178000
-0.071000
0.037000
0.022000
0.317000
0.032000
-0.322000
0.166000
0.071000
-0.220000
-0.161000
0.039000
0.073000
0.100000
-0.024000
0.049000
0.117000
-0.073000
-0.042000
0.015000
0.049000
0.156000
0.144000
0.005000
0.068000
-0.015000
0.000000
-0.134000
0.093000
0.186000
-0.112000
-0.012000
-0.046000
-0.071000
-0.215000
-0.081000
-0.095000
-0.039000
-0.129000
0.039000
-0.015000
-0.056000
-0.078000
-0.012000
0.010000
-0.037000
-0.020000
0.005000
0.083000
0.007000
-0.076000
-0.059000
0.088000
-0.061000
-0.122000
-0.044000
0.017000
-0.005000
-0.129000
0.137000
0.425000
-0.269000
-0.215000
0.237000
0.061000
0.125000
0.012000
0.046000
0.024000
0.134000
0.142000
-0.015000
-0.015000
0.078000
-0.083000
-0.037000
0.037000
-0.015000
0.012000
0.103000
-0.056000
-0.042000
0.142000
0.002000
-0.093000
0.002000
-0.056000
0.015000
0.020000
0.071000
-0.142000
-0.037000
0.115000
0.161000
0.029000
-0.110000
-0.161000
-0.085000
-0.051000
-0.029000
-0.066000
-0.078000
0.024000
0.107000
0.273000
-0.068000
0.037000
0.042000
-0.015000
-0.115000
0.095000
0.498000
-0.193000
-0.227000
0.156000
0.137000
-0.061000
-0.051000
0.146000
0.054000
-0.039000
-0.161000
-0.029000
0.000000
-0.032000
0.000000
-0.022000
-0.063000
-0.083000
-0.215000
0.037000
-0.122000
-0.098000
-0.073000
0.022000
-0.227000
-0.208000
0.029000
-0.120000
-0.122000
0.051000
0.068000
-0.032000
0.100000
0.078000
-0.083000
-0.137000
0.044000
0.105000
-0.024000
-0.022000
0.068000
0.029000
0.022000
0.034000
-0.039000
-0.046000
-0.142000
-0.100000
-0.010000
0.066000
0.032000
-0.029000
0.051000
-0.022000
-0.046000
-0.007000
0.139000
-0.034000
0.071000
-0.022000
-0.054000
-0.044000
-0.110000
-0.051000
-0.046000
-0.029000
-0.029000
0.029000
-0.088000
-0.117000
-0.071000
0.125000
-0.046000
0.249000
0.132000
0.151000
-0.115000
-0.076000
0.032000
-0.151000
-0.151000
-0.012000
-0.078000
-0.002000
-0.017000
-0.110000
-0.012000
-0.032000
-0.137000
-0.103000
-0.103000
-0.198000
-0.149000
-0.112000
0.098000
0.046000
0.071000
0.020000
-0.078000
0.022000
-0.112000
-0.044000
0.200000
0.007000
-0.208000
-0.007000
-0.110000
0.022000
0.029000
-0.007000
0.188000
0.051000
-0.022000
-0.090000
0.066000
0.056000
-0.037000
-0.061000
0.244000
0.039000
0.054000
0.098000
-0.095000
0.005000
-0.090000
-0.068000
0.007000
-0.007000
0.122000
0.005000
-0.156000
0.127000
0.220000
0.010000
-0.044000
0.039000
0.129000
0.046000
-0.051000
-0.007000
0.110000
0.027000
-0.068000
-0.105000
0.078000
0.007000
-0.166000
0.017000
-0.088000
-0.103000
-0.139000
0.017000
0.032000
0.085000
-0.029000
-0.015000
0.022000
0.115000
-0.029000
-0.076000
0.027000
0.132000
0.122000
0.029000
-0.039000
-0.015000
0.085000
-0.081000
-0.037000
-0.139000
-0.198000
0.115000
0.137000
-0.032000
-0.081000
-0.083000
-0.061000
-0.039000
-0.144000
-0.117000
-0.029000
0.125000
-0.012000
-0.093000
-0.039000
0.022000
-0.022000
0.039000
-0.054000
-0.071000
-0.078000
0.000000
-0.024000
-0.103000
0.012000
-0.081000
0.007000
0.117000
0.007000
-0.122000
0.044000
0.076000
-0.051000
-0.007000
-0.103000
0.022000
0.017000
0.039000
-0.029000
-0.220000
-0.076000
0.024000
0.063000
0.093000
0.308000
0.178000
0.049000
-0.051000
-0.039000
0.134000
0.229000
0.129000
0.107000
0.122000
0.037000
-0.112000
0.046000
0.115000
-0.039000
-0.061000
0.154000
0.229000
-0.044000
-0.178000
-0.127000
0.220000
0.061000
-0.107000
0.166000
0.305000
-0.061000
-0.364000
-0.044000
0.078000
0.107000
-0.046000
-0.020000
-0.100000
-0.103000
-0.027000
-0.012000
-0.063000
-0.090000
0.020000
-0.002000
0.117000
0.042000
0.137000
0.066000
0.017000
0.017000
0.117000
-0.022000
-0.024000
-0.044000
-0.017000
0.088000
-0.083000
-0.061000
0.029000
-0.027000
-0.161000
0.042000
0.002000
0.068000
0.139000
0.054000
0.115000
0.027000
-0.088000
0.144000
0.254000
-0.046000
-0.112000
0.005000
0.139000
-0.024000
-0.125000
0.039000
0.049000
-0.098000
-0.066000
-0.068000
0.098000
0.017000
-0.198000
-0.020000
0.154000
0.173000
-0.161000
-0.107000
0.107000
0.063000
-0.088000
0.007000
0.090000
0.164000
-0.076000
-0.171000
0.105000
0.017000
-0.083000
-0.110000
0.117000
0.093000
0.061000
0.017000
0.007000
-0.020000
0.115000
0.085000
-0.149000
-0.085000
-0.061000
-0.032000
0.012000
-0.195000
-0.254000
-0.232000
-0.181000
-0.132000
-0.039000
0.034000
-0.037000
-0.024000
-0.107000
0.015000
0.107000
-0.083000
-0.029000
0.112000
-0.061000
-0.010000
0.205000
0.247000
0.027000
-0.071000
-0.010000
0.039000
-0.063000
0.027000
0.046000
0.059000
0.017000
0.015000
0.088000
0.066000
0.017000
0.024000
0.154000
0.081000
-0.076000
0.024000
0.176000
0.029000
-0.061000
-0.037000
-0.044000
0.024000
0.007000
0.002000
-0.005000
-0.020000
0.081000
0.107000
-0.073000
-0.044000
-0.120000
0.193000
0.134000
0.010000
-0.027000
-0.056000
-0.151000
0.015000
0.093000
-0.020000
-0.115000
-0.237000
-0.215000
0.039000
0.100000
-0.225000
-0.127000
0.017000
0.115000
-0.002000
-0.076000
0.051000
0.081000
0.015000
0.093000
0.176000
0.090000
-0.039000
-0.095000
-0.071000
-0.071000
-0.083000
-0.127000
0.039000
-0.056000
-0.195000
0.181000
0.256000
0.107000
-0.027000
0.005000
-0.017000
-0.103000
-0.073000
0.049000
0.039000
-0.029000
-0.061000
0.020000
0.100000
-0.098000
-0.037000
-0.012000
0.017000
-0.056000
-0.105000
0.088000
0.059000
-0.022000
0.181000
0.156000
-0.129000
-0.098000
0.093000
0.210000
0.044000
0.042000
0.093000
0.063000
-0.132000
-0.044000
0.129000
0.007000
0.022000
-0.088000
-0.225000
-0.029000
-0.083000
-0.120000
-0.017000
-0.061000
0.024000
0.032000
-0.071000
-0.020000
0.044000
0.042000
0.251000
-0.188000
-0.425000
-0.005000
0.193000
-0.051000
-0.173000
0.061000
0.081000
0.146000
-0.120000
0.024000
0.107000
-0.005000
-0.044000
0.046000
0.073000
0.144000
0.081000
-0.120000
0.234000
0.049000
-0.156000
0.002000
0.144000
0.037000
-0.127000
0.015000
0.059000
0.032000
-0.017000
0.024000
0.024000
0.085000
0.046000
-0.059000
-0.095000
0.066000
0.122000
-0.078000
-0.042000
0.166000
-0.564000
-0.330000
0.273000
0.010000
0.042000
-0.107000
0.005000
0.195000
0.095000
0.308000
0.098000
-0.073000
-0.139000
-0.034000
0.217000
0.034000
-0.051000
0.303000
0.146000
0.100000
-0.066000
-0.007000
0.103000
0.068000
0.032000
-0.024000
-0.073000
-0.076000
0.054000
-0.044000
0.149000
-0.090000
0.012000
-0.015000
-0.164000
-0.139000
0.020000
0.063000
-0.051000
0.046000
0.156000
0.146000
-0.134000
0.098000
0.063000
0.020000
-0.098000
-0.073000
-0.005000
-0.056000
0.005000
0.090000
-0.024000
0.068000
0.068000
-0.095000
0.142000
0.117000
0.022000
-0.037000
0.063000
0.100000
0.002000
0.002000
0.049000
0.034000
-0.081000
0.012000
0.017000
-0.137000
-0.037000
0.132000
0.010000
-0.012000
-0.078000
-0.037000
-0.002000
0.024000
0.103000
0.156000
0.029000
-0.059000
-0.281000
0.374000
-0.151000
-0.198000
0.308000
0.100000
-0.049000
-0.273000
0.044000
0.039000
0.027000
-0.066000
-0.022000
0.181000
0.068000
-0.034000
0.081000
0.239000
0.056000
0.066000
0.032000
0.085000
-0.066000
-0.095000
0.085000
-0.107000
0.039000
0.078000
-0.056000
-0.098000
-0.120000
-0.103000
0.005000
-0.061000
0.032000
-0.017000
-0.051000
0.017000
0.020000
0.005000
0.059000
0.017000
-0.017000
-0.068000
-0.093000
0.007000
-0.142000
0.012000
0.029000
-0.125000
0.005000
0.166000
0.049000
-0.061000
0.012000
0.017000
0.044000
-0.042000
-0.105000
-0.125000
0.146000
0.010000
-0.088000
0.022000
0.061000
-0.063000
0.000000
0.100000
-0.037000
-0.039000
0.085000
0.251000
0.220000
-0.237000
-0.171000
0.271000
-0.125000
-0.139000
0.144000
0.107000
-0.083000
-0.168000
0.022000
0.078000
-0.142000
-0.056000
0.144000
-0.005000
-0.022000
-0.110000
-0.005000
0.281000
0.032000
-0.093000
0.042000
0.200000
0.171000
0.073000
0.022000
0.132000
-0.022000
-0.015000
-0.017000
0.049000
0.020000
0.049000
-0.027000
-0.061000
-0.198000
-0.020000
-0.063000
-0.034000
0.032000
-0.164000
-0.063000
0.115000
0.117000
-0.020000
-0.110000
-0.029000
0.010000
-0.029000
-0.146000
0.061000
-0.027000
-0.110000
-0.203000
-0.020000
-0.017000
0.071000
-0.054000
0.039000
-0.071000
-0.266000
-0.107000
0.017000
-0.024000
-0.034000
-0.051000
0.020000
0.178000
-0.061000
0.122000
0.076000
-0.015000
0.049000
0.212000
-0.049000
-0.159000
0.107000
0.061000
-0.120000
-0.132000
0.117000
-0.139000
-0.103000
0.059000
0.095000
-0.068000
-0.156000
-0.037000
0.051000
-0.073000
-0.203000
0.002000
0.034000
-0.071000
-0.020000
0.171000
0.010000
-0.042000
0.022000
0.046000
0.037000
0.017000
0.024000
0.244000
-0.056000
0.122000
-0.085000
-0.234000
0.247000
0.105000
-0.029000
-0.144000
-0.139000
0.039000
-0.017000
-0.051000
0.190000
0.144000
-0.161000
-0.024000
-0.061000
0.073000
-0.046000
0.068000
0.044000
-0.044000
-0.142000
0.037000
0.171000
-0.024000
-0.037000
-0.012000
0.134000
0.090000
-0.173000
-0.129000
0.078000
-0.093000
-0.012000
0.142000
-0.012000
-0.015000
0.076000
-0.005000
-0.066000
0.095000
0.117000
0.010000
-0.051000
0.042000
-0.005000
-0.076000
-0.022000
0.017000
-0.081000
-0.178000
-0.105000
-0.105000
-0.139000
-0.139000
-0.127000
0.015000
-0.027000
-0.271000
-0.039000
0.164000
0.188000
0.088000
0.002000
0.010000
0.022000
-0.049000
0.051000
0.110000
-0.122000
-0.117000
0.173000
0.276000
-0.181000
-0.232000
-0.068000
0.161000
-0.356000
-0.139000
0.286000
0.183000
0.042000
0.051000
0.127000
-0.085000
0.000000
0.044000
-0.090000
0.088000
0.081000
0.063000
-0.090000
-0.015000
-0.215000
0.090000
0.061000
-0.105000
-0.178000
-0.063000
0.000000
0.063000
0.039000
0.017000
-0.022000
-0.115000
-0.029000
-0.046000
-0.122000
-0.022000
-0.078000
0.044000
0.073000
-0.105000
-0.120000
-0.044000
-0.027000
-0.063000
-0.071000
0.076000
0.002000
0.037000
0.015000
-0.137000
-0.061000
0.076000
-0.029000
-0.063000
-0.146000
-0.264000
0.022000
-0.117000
-0.171000
-0.066000
0.142000
-0.083000
-0.149000
0.078000
0.144000
-0.007000
0.034000
-0.081000
-0.024000
0.083000
-0.103000
-0.007000
-0.037000
-0.061000
-0.188000
-0.151000
0.000000
-0.205000
-0.242000
-0.051000
-0.132000
-0.151000
0.039000
0.061000
0.032000
0.005000
-0.017000
-0.217000
-0.049000
0.093000
0.056000
0.027000
0.051000
-0.020000
-0.112000
-0.078000
-0.007000
-0.068000
-0.156000
0.024000
-0.012000
-0.107000
-0.083000
0.042000
-0.071000
-0.029000
0.034000
-0.002000
0.164000
-0.017000
-0.103000
0.017000
0.166000
-0.012000
-0.208000
-0.110000
0.059000
-0.090000
-0.100000
0.081000
0.010000
0.012000
-0.024000
-0.098000
0.059000
0.156000
0.020000
0.022000
0.078000
0.173000
0.022000
-0.020000
0.076000
0.132000
0.056000
0.020000
-0.010000
0.085000
0.144000
-0.212000
-0.059000
0.161000
0.027000
-0.261000
0.081000
0.015000
-0.217000
0.010000
0.117000
0.046000
0.093000
0.029000
-0.051000
0.154000
0.032000
-0.063000
-0.061000
0.088000
0.063000
-0.093000
-0.120000
0.020000
-0.073000
-0.251000
-0.161000
-0.022000
0.093000
-0.010000
-0.078000
-0.054000
0.093000
0.020000
0.061000
0.002000
0.073000
0.149000
0.129000
0.068000
0.027000
0.122000
-0.032000
-0.005000
-0.022000
0.071000
-0.090000
-0.115000
0.029000
-0.051000
-0.283000
-0.024000
0.205000
-0.015000
0.178000
0.132000
-0.010000
-0.090000
0.088000
0.034000
-0.085000
-0.007000
0.054000
0.078000
-0.061000
-0.005000
0.076000
0.049000
-0.015000
-0.029000
0.024000
0.137000
0.122000
0.081000
0.056000
0.056000
0.144000
0.134000
0.083000
0.029000
0.081000
0.051000
0.095000
-0.010000
-0.020000
-0.032000
0.015000
0.039000
-0.034000
-0.127000
-0.090000
-0.056000
0.002000
-0.022000
-0.137000
-0.049000
0.010000
-0.007000
0.032000
0.127000
-0.054000
-0.020000
-0.088000
0.120000
0.066000
-0.054000
0.115000
-0.115000
0.042000
0.046000
0.054000
0.051000
0.029000
0.044000
0.073000
0.051000
-0.037000
0.029000
0.044000
0.029000
-0.015000
0.110000
0.139000
-0.071000
-0.122000
-0.107000
-0.029000
0.125000
0.120000
0.034000
-0.029000
-0.022000
0.110000
-0.059000
0.120000
-0.061000
-0.005000
0.139000
0.103000
0.232000
-0.212000
-0.098000
0.120000
-0.034000
-0.137000
-0.034000
0.090000
0.181000
-0.012000
-0.093000
0.022000
0.063000
0.107000
0.115000
0.015000
0.081000
0.046000
0.046000
0.085000
0.002000
0.032000
0.042000
0.039000
-0.005000
0.037000
0.024000
0.007000
-0.012000
-0.029000
0.012000
0.022000
0.007000
0.022000
0.071000
0.054000
0.024000
0.010000
0.095000
0.051000
0.056000
-0.027000
-0.015000
0.002000
-0.103000
-0.034000
0.105000
0.193000
-0.034000
-0.127000
-0.027000
-0.022000
-0.029000
0.120000
0.173000
0.122000
-0.024000
0.107000
0.190000
0.042000
0.059000
0.056000
0.022000
-0.051000
-0.129000
-0.103000
-0.093000
0.061000
0.056000
0.039000
0.071000
0.054000
-0.029000
0.076000
0.037000
-0.200000
0.051000
0.171000
0.156000
-0.012000
0.027000
0.203000
0.105000
-0.105000
0.085000
-0.034000
-0.120000
-0.024000
0.098000
0.049000
0.056000
0.090000
0.029000
0.002000
0.063000
0.078000
0.022000
-0.107000
-0.024000
0.037000
-0.217000
0.039000
-0.024000
-0.198000
-0.127000
-0.012000
0.020000
-0.024000
-0.083000
-0.229000
0.049000
-0.029000
-0.181000
-0.146000
-0.005000
-0.059000
-0.027000
0.034000
0.088000
-0.125000
-0.156000
-0.139000
-0.029000
0.110000
-0.129000
-0.151000
0.061000
0.085000
-0.083000
-0.012000
0.146000
0.193000
-0.002000
-0.164000
0.276000
0.115000
-0.037000
0.146000
0.088000
-0.171000
0.039000
-0.107000
0.015000
-0.117000
-0.142000
0.083000
0.095000
-0.044000
-0.095000
-0.129000
-0.024000
-0.088000
0.015000
0.127000
-0.093000
-0.134000
0.029000
0.039000
-0.037000
-0.068000
0.034000
0.015000
-0.144000
-0.098000
-0.017000
-0.295000
-0.217000
-0.032000
-0.063000
-0.076000
-0.034000
0.046000
-0.039000
0.032000
0.029000
-0.002000
0.105000
0.117000
-0.063000
-0.005000
0.117000
0.076000
-0.010000
0.090000
-0.032000
-0.056000
0.037000
-0.276000
0.059000
0.129000
-0.103000
-0.010000
0.117000
0.071000
-0.029000
-0.120000
0.127000
0.059000
0.105000
-0.007000
-0.146000
-0.181000
-0.042000
-0.042000
-0.090000
-0.017000
-0.054000
-0.049000
0.022000
-0.061000
-0.190000
-0.176000
-0.090000
0.054000
-0.037000
-0.110000
-0.012000
0.125000
0.198000
-0.117000
-0.012000
-0.066000
0.044000
0.078000
-0.054000
0.032000
0.063000
-0.056000
-0.044000
-0.010000
-0.022000
-0.042000
-0.093000
0.115000
-0.139000
-0.154000
0.193000
0.225000
0.085000
0.042000
-0.117000
-0.129000
0.000000
-0.020000
-0.110000
-0.061000
0.103000
0.039000
-0.029000
-0.022000
-0.137000
-0.100000
-0.027000
0.146000
0.039000
-0.200000
0.535000
-0.164000
-0.088000
0.210000
-0.100000
-0.054000
0.122000
-0.281000
-0.098000
0.076000
-0.029000
0.085000
0.022000
-0.051000
-0.037000
-0.024000
-0.017000
-0.193000
-0.056000
-0.100000
0.051000
0.015000
0.156000
0.181000
0.005000
-0.088000
-0.068000
-0.085000
-0.073000
0.002000
0.000000
-0.098000
-0.049000
-0.076000
0.063000
0.249000
-0.044000
-0.066000
0.022000
0.049000
-0.007000
0.059000
0.120000
0.005000
0.020000
0.022000
0.061000
-0.005000
0.046000
-0.068000
0.015000
0.110000
-0.007000
-0.007000
-0.125000
-0.022000
0.020000
0.024000
0.015000
0.137000
-0.005000
0.181000
0.122000
0.093000
0.125000
0.029000
0.039000
0.049000
-0.020000
-0.125000
-0.046000
-0.039000
-0.037000
0.002000
-0.010000
-0.298000
-0.137000
0.081000
-0.083000
0.068000
0.344000
-0.032000
-0.122000
0.342000
0.059000
-0.327000
0.061000
0.208000
-0.181000
-0.078000
0.117000
-0.029000
-0.193000
-0.083000
0.122000
0.071000
-0.134000
-0.159000
0.007000
0.010000
0.066000
-0.088000
-0.222000
0.134000
0.005000
-0.107000
-0.110000
0.061000
-0.027000
-0.022000
-0.205000
-0.176000
-0.078000
0.039000
0.049000
-0.181000
-0.093000
0.154000
0.120000
-0.059000
-0.002000
-0.049000
-0.022000
0.176000
0.200000
-0.090000
0.081000
-0.027000
-0.146000
-0.100000
0.002000
-0.129000
-0.190000
0.024000
0.010000
0.010000
-0.144000
-0.020000
0.034000
0.183000
0.044000
-0.066000
0.039000
0.181000
0.051000
0.068000
0.093000
0.007000
0.022000
0.037000
0.015000
-0.149000
-0.122000
-0.059000
-0.054000
-0.017000
-0.054000
0.071000
0.144000
0.142000
-0.122000
0.061000
0.083000
0.046000
-0.063000
-0.046000
-0.034000
0.146000
0.149000
0.032000
0.129000
0.029000
-0.081000
-0.156000
0.115000
-0.134000
-0.110000
0.085000
0.051000
-0.164000
-0.037000
0.022000
0.027000
-0.085000
-0.032000
0.222000
-0.029000
-0.020000
0.098000
0.017000
-0.215000
0.098000
0.034000
-0.032000
-0.098000
-0.068000
0.085000
-0.007000
0.015000
-0.063000
0.005000
0.010000
0.161000
0.054000
-0.051000
-0.032000
0.044000
0.117000
0.015000
-0.056000
0.122000
-0.010000
-0.110000
-0.029000
-0.112000
-0.056000
0.103000
0.088000
0.054000
0.139000
0.105000
0.022000
0.110000
0.408000
0.259000
-0.015000
0.059000
0.200000
0.320000
-0.139000
-0.134000
0.005000
0.085000
-0.063000
-0.127000
-0.015000
0.029000
-0.051000
0.000000
0.093000
-0.068000
0.015000
-0.012000
0.042000
-0.049000
-0.024000
-0.046000
-0.063000
0.190000
0.022000
-0.093000
0.017000
0.044000
-0.222000
-0.205000
-0.146000
0.020000
-0.010000
-0.049000
-0.098000
-0.002000
-0.032000
-0.005000
-0.078000
0.034000
0.156000
0.012000
-0.085000
-0.134000
-0.039000
-0.051000
0.059000
-0.122000
-0.205000
-0.083000
-0.051000
-0.129000
-0.100000
-0.049000
-0.171000
-0.015000
0.007000
0.132000
0.015000
0.046000
0.139000
0.168000
0.017000
-0.066000
0.129000
0.061000
0.042000
-0.095000
-0.061000
-0.042000
-0.198000
-0.310000
0.083000
-0.029000
-0.100000
-0.215000
-0.051000
0.046000
-0.093000
-0.283000
-0.178000
0.186000
0.088000
-0.017000
0.015000
0.112000
0.056000
-0.105000
-0.073000
0.012000
-0.051000
-0.059000
-0.068000
-0.039000
0.002000
-0.107000
-0.012000
0.085000
0.198000
-0.029000
0.002000
-0.032000
0.081000
0.183000
0.127000
-0.024000
0.005000
0.068000
-0.046000
-0.066000
0.051000
0.166000
-0.122000
-0.098000
0.110000
-0.027000
-0.208000
-0.105000
0.076000
-0.007000
-0.183000
-0.110000
0.173000
0.005000
-0.093000
-0.061000
0.027000
0.020000
-0.049000
0.217000
0.017000
-0.024000
-0.066000
0.056000
0.027000
-0.005000
-0.073000
0.105000
0.051000
0.071000
0.049000
0.100000
0.129000
-0.037000
-0.154000
-0.181000
0.129000
0.071000
0.029000
-0.054000
0.137000
0.232000
-0.129000
-0.203000
-0.015000
0.151000
0.127000
0.029000
-0.042000
0.081000
0.039000
0.034000
-0.029000
0.239000
0.098000
-0.076000
0.029000
0.056000
-0.156000
-0.085000
0.049000
0.076000
0.024000
-0.251000
-0.017000
0.168000
0.181000
0.046000
-0.122000
0.144000
0.225000
-0.061000
-0.007000
-0.010000
-0.073000
-0.020000
-0.037000
0.073000
0.107000
0.076000
-0.037000
-0.105000
-0.117000
0.022000
-0.071000
-0.081000
0.339000
0.205000
-0.244000
-0.232000
0.012000
0.044000
-0.015000
0.110000
0.107000
-0.144000
0.061000
0.100000
0.066000
-0.115000
-0.051000
-0.005000
-0.122000
-0.034000
-0.007000
-0.029000
0.024000
0.232000
0.054000
0.195000
0.198000
-0.234000
0.020000
0.002000
0.151000
0.239000
0.051000
-0.049000
0.164000
-0.042000
-0.361000
0.022000
0.029000
-0.200000
-0.107000
-0.066000
-0.022000
-0.100000
-0.071000
0.193000
0.149000
-0.127000
0.005000
0.071000
-0.015000
0.134000
-0.076000
0.046000
0.071000
-0.095000
-0.151000
-0.012000
0.227000
-0.022000
-0.254000
-0.190000
-0.015000
0.017000
0.059000
-0.039000
-0.010000
0.083000
0.051000
0.168000
-0.044000
0.005000
0.051000
-0.046000
0.032000
0.225000
0.173000
0.088000
-0.076000
0.098000
0.146000
0.029000
-0.049000
-0.015000
0.073000
0.046000
-0.056000
0.029000
0.166000
-0.027000
-0.093000
0.071000
0.037000
0.017000
-0.056000
-0.251000
0.061000
0.044000
-0.022000
0.115000
0.024000
0.198000
-0.134000
-0.095000
0.059000
0.122000
-0.039000
0.054000
0.242000
0.168000
0.039000
-0.081000
0.071000
0.154000
-0.095000
-0.198000
0.317000
0.132000
-0.059000
-0.112000
-0.022000
-0.012000
-0.137000
-0.112000
-0.156000
0.015000
-0.059000
0.193000
-0.120000
-0.068000
0.059000
-0.032000
-0.042000
-0.115000
-0.100000
-0.034000
-0.054000
-0.024000
-0.027000
-0.103000
0.068000
-0.020000
0.125000
-0.110000
-0.171000
0.042000
0.098000
-0.056000
-0.005000
0.229000
0.085000
0.073000
-0.039000
0.137000
0.117000
0.000000
-0.034000
-0.042000
0.100000
-0.107000
-0.051000
0.142000
-0.063000
-0.132000
-0.051000
-0.034000
0.129000
-0.024000
-0.339000
0.212000
-0.049000
-0.107000
0.005000
0.054000
-0.076000
-0.098000
0.098000
-0.049000
-0.085000
0.032000
-0.193000
-0.046000
0.144000
-0.020000
-0.117000
-0.039000
0.095000
-0.007000
-0.029000
0.132000
0.208000
0.186000
0.183000
-0.073000
0.068000
0.083000
-0.002000
0.007000
0.120000
-0.129000
-0.259000
-0.071000
0.151000
-0.107000
-0.081000
0.093000
-0.134000
-0.090000
0.090000
-0.161000
0.005000
0.059000
0.012000
0.144000
0.042000
-0.120000
-0.093000
-0.005000
0.046000
-0.010000
-0.078000
-0.083000
-0.105000
0.122000
0.015000
-0.281000
-0.083000
0.022000
0.032000
-0.078000
0.078000
0.120000
0.095000
0.020000
-0.042000
0.073000
0.071000
0.088000
-0.066000
0.105000
0.085000
-0.088000
0.010000
0.029000
0.032000
-0.015000
-0.105000
-0.010000
0.105000
0.112000
0.034000
0.098000
0.083000
0.059000
0.100000
0.122000
-0.012000
-0.049000
-0.037000
-0.046000
0.037000
-0.010000
-0.076000
-0.110000
-0.007000
0.095000
0.037000
0.037000
0.098000
0.054000
-0.007000
0.222000
0.288000
-0.037000
-0.144000
0.144000
0.105000
-0.159000
0.015000
0.029000
0.049000
-0.007000
-0.251000
-0.251000
-0.098000
0.122000
0.076000
0.039000
0.039000
-0.017000
-0.190000
-0.103000
0.149000
0.151000
-0.076000
-0.164000
0.078000
0.237000
-0.103000
-0.229000
0.017000
0.046000
-0.112000
-0.190000
-0.125000
-0.071000
0.037000
0.110000
0.063000
0.002000
0.015000
0.066000
0.037000
0.042000
0.078000
0.046000
-0.046000
0.000000
0.171000
0.210000
0.215000
0.222000
0.059000
-0.046000
-0.188000
-0.056000
0.071000
0.122000
-0.132000
-0.139000
0.085000
0.095000
-0.081000
-0.159000
0.100000
0.098000
-0.022000
-0.059000
-0.105000
-0.039000
0.078000
0.022000
0.002000
-0.156000
-0.134000
-0.107000
0.017000
0.051000
0.112000
-0.044000
0.198000
-0.068000
-0.039000
0.093000
-0.002000
0.056000
-0.027000
-0.022000
0.034000
-0.010000
-0.032000
-0.046000
0.007000
0.017000
-0.076000
-0.186000
-0.051000
-0.073000
-0.068000
0.083000
-0.012000
0.059000
0.093000
0.007000
-0.061000
0.051000
-0.083000
-0.015000
-0.012000
-0.071000
-0.012000
0.168000
0.000000
-0.134000
-0.095000
-0.059000
-0.090000
-0.088000
-0.007000
0.056000
-0.076000
-0.046000
0.151000
0.090000
0.088000
0.037000
-0.105000
-0.042000
-0.017000
-0.095000
-0.120000
-0.027000
-0.037000
0.015000
-0.007000
-0.044000
-0.171000
-0.024000
0.054000
-0.046000
0.010000
0.027000
-0.032000
0.049000
0.093000
0.015000
-0.142000
-0.068000
0.164000
0.110000
-0.115000
-0.112000
-0.103000
-0.044000
-0.020000
0.105000
0.146000
-0.007000
-0.076000
-0.095000
-0.154000
-0.037000
0.002000
0.024000
0.020000
-0.049000
0.137000
0.017000
0.002000
0.022000
-0.007000
-0.112000
-0.063000
-0.056000
-0.283000
0.066000
-0.051000
0.129000
0.029000
-0.098000
-0.059000
-0.200000
-0.144000
-0.034000
-0.020000
0.154000
0.005000
-0.125000
-0.134000
0.032000
-0.042000
-0.110000
-0.071000
-0.107000
-0.032000
-0.044000
0.039000
-0.027000
0.049000
-0.159000
-0.161000
0.066000
0.112000
-0.137000
0.007000
0.139000
0.066000
-0.039000
0.022000
-0.081000
-0.122000
0.046000
-0.046000
-0.061000
-0.244000
-0.125000
-0.098000
0.034000
0.068000
-0.010000
-0.188000
-0.103000
0.103000
-0.039000
-0.010000
0.024000
-0.100000
-0.039000
-0.015000
0.051000
-0.105000
-0.234000
-0.120000
0.068000
-0.125000
-0.107000
0.022000
-0.027000
0.112000
0.203000
-0.078000
0.068000
0.081000
-0.198000
0.000000
0.151000
-0.010000
-0.054000
-0.076000
-0.054000
0.066000
-0.042000
-0.168000
-0.093000
0.022000
-0.042000
-0.198000
-0.046000
0.063000
-0.010000
-0.081000
-0.056000
-0.012000
-0.034000
0.027000
-0.063000
-0.059000
0.054000
0.093000
-0.193000
-0.007000
0.059000
-0.098000
0.020000
-0.012000
-0.049000
-0.022000
-0.256000
-0.015000
-0.032000
-0.039000
0.010000
0.068000
0.134000
0.142000
-0.063000
-0.071000
0.198000
0.129000
-0.034000
0.002000
0.100000
0.081000
-0.046000
-0.142000
-0.081000
0.134000
0.186000
-0.022000
-0.085000
0.112000
0.032000
0.005000
0.149000
0.000000
-0.161000
0.088000
0.239000
0.063000
0.029000
0.017000
-0.129000
-0.024000
-0.024000
-0.010000
0.017000
-0.051000
0.044000
0.039000
-0.027000
-0.093000
0.034000
-0.020000
-0.088000
0.049000
0.105000
-0.024000
0.000000
0.154000
-0.195000
-0.068000
0.090000
0.049000
-0.222000
0.017000
0.098000
-0.037000
-0.173000
-0.078000
0.042000
-0.266000
-0.088000
0.149000
0.090000
-0.103000
0.159000
0.093000
0.032000
0.020000
-0.005000
-0.012000
0.012000
0.022000
0.081000
0.032000
-0.063000
0.068000
0.015000
-0.010000
-0.056000
0.015000
-0.059000
-0.042000
0.144000
0.227000
0.024000
0.002000
0.071000
0.127000
0.105000
-0.081000
0.071000
0.117000
-0.032000
-0.024000
0.120000
-0.017000
-0.073000
-0.122000
-0.061000
-0.015000
0.005000
-0.149000
-0.007000
0.132000
-0.007000
0.005000
-0.120000
0.073000
0.039000
0.056000
0.085000
-0.056000
-0.105000
-0.127000
-0.042000
0.063000
0.190000
-0.044000
-0.227000
-0.210000
0.171000
0.015000
-0.225000
0.037000
0.085000
-0.085000
0.044000
0.076000
0.125000
0.112000
0.024000
0.093000
-0.164000
-0.029000
-0.115000
-0.134000
-0.227000
-0.088000
0.039000
-0.076000
-0.161000
0.081000
-0.032000
-0.134000
0.066000
-0.010000
-0.007000
0.027000
0.027000
0.059000
0.049000
0.005000
-0.073000
0.034000
0.208000
0.090000
-0.090000
-0.066000
0.022000
0.039000
-0.164000
-0.002000
0.161000
-0.061000
-0.178000
0.100000
0.229000
-0.107000
-0.029000
0.093000
0.056000
-0.139000
0.073000
-0.024000
-0.037000
0.037000
0.020000
0.015000
-0.042000
-0.120000
-0.088000
0.027000
-0.112000
0.034000
0.027000
0.007000
-0.037000
0.042000
0.149000
0.010000
-0.071000
-0.095000
-0.186000
-0.139000
-0.007000
-0.115000
0.112000
0.190000
-0.293000
-0.017000
0.112000
0.022000
-0.142000
-0.068000
0.100000
0.049000
0.034000
0.200000
0.098000
-0.015000
0.156000
0.149000
0.027000
0.029000
0.020000
0.042000
0.012000
-0.149000
-0.125000
-0.090000
-0.188000
-0.144000
-0.022000
-0.049000
0.042000
-0.076000
-0.088000
0.010000
0.054000
-0.012000
0.024000
0.017000
-0.017000
0.063000
0.117000
0.046000
0.107000
0.203000
-0.081000
-0.154000
0.305000
0.173000
0.000000
-0.044000
0.044000
0.037000
0.195000
0.281000
0.042000
-0.168000
0.066000
0.107000
0.107000
-0.020000
-0.027000
-0.066000
0.095000
0.239000
-0.071000
-0.139000
0.188000
-0.366000
-0.044000
0.054000
-0.100000
-0.017000
0.022000
0.020000
0.063000
-0.110000
-0.063000
0.039000
-0.046000
-0.029000
-0.088000
-0.164000
0.103000
0.217000
-0.078000
-0.139000
0.068000
0.103000
0.110000
0.054000
-0.098000
-0.037000
-0.220000
0.154000
0.249000
0.103000
0.029000
-0.164000
-0.034000
0.046000
0.044000
-0.042000
0.081000
0.059000
-0.095000
-0.127000
0.022000
0.054000
0.002000
0.056000
-0.002000
0.134000
0.005000
-0.002000
0.168000
0.144000
-0.129000
-0.198000
-0.134000
-0.005000
-0.105000
0.002000
-0.129000
-0.193000
0.054000
0.115000
0.015000
-0.146000
-0.100000
0.005000
-0.044000
-0.061000
0.071000
0.120000
0.022000
0.034000
0.044000
0.042000
0.012000
0.061000
0.269000
-0.129000
-0.139000
0.056000
0.071000
-0.037000
-0.007000
-0.095000
-0.171000
0.059000
-0.063000
-0.107000
-0.029000
-0.085000
0.090000
0.051000
0.103000
0.068000
0.002000
0.051000
0.103000
-0.129000
-0.149000
-0.122000
-0.098000
0.029000
0.054000
-0.012000
-0.022000
-0.054000
-0.027000
0.012000
-0.049000
-0.034000
-0.085000
-0.024000
0.068000
0.210000
0.059000
-0.100000
0.005000
0.020000
0.000000
0.042000
-0.134000
-0.115000
0.012000
-0.024000
0.107000
0.068000
-0.195000
0.056000
-0.168000
0.127000
0.044000
-0.056000
0.115000
0.115000
0.024000
-0.115000
-0.146000
-0.042000
0.149000
-0.056000
-0.073000
-0.144000
-0.056000
0.129000
-0.034000
-0.073000
-0.107000
-0.183000
0.098000
0.049000
-0.100000
0.063000
0.178000
0.005000
0.027000
0.063000
0.090000
-0.007000
-0.005000
0.051000
0.068000
0.068000
0.034000
-0.093000
0.024000
0.051000
0.012000
-0.051000
0.020000
0.032000
-0.037000
0.066000
0.208000
0.100000
0.059000
0.042000
0.034000
0.217000
0.007000
-0.142000
-0.007000
0.024000
-0.046000
-0.129000
-0.227000
-0.027000
0.054000
-0.059000
-0.005000
0.015000
0.059000
0.044000
0.159000
0.125000
0.007000
0.002000
0.247000
0.034000
0.049000
0.137000
-0.027000
-0.112000
-0.107000
0.098000
0.027000
-0.083000
0.017000
0.056000
-0.139000
-0.112000
-0.120000
0.095000
0.022000
-0.161000
-0.010000
0.093000
0.046000
-0.200000
-0.059000
0.110000
0.022000
-0.164000
-0.225000
0.210000
0.249000
0.222000
-0.107000
-0.112000
-0.015000
-0.166000
-0.239000
-0.090000
0.073000
0.083000
-0.061000
0.078000
0.044000
-0.024000
-0.078000
0.029000
0.044000
-0.132000
-0.037000
0.051000
0.051000
-0.063000
-0.063000
0.010000
0.068000
0.034000
-0.105000
0.017000
0.081000
0.095000
0.063000
0.012000
-0.051000
-0.017000
0.081000
0.164000
0.032000
0.068000
0.010000
-0.012000
0.002000
-0.037000
0.007000
0.083000
0.083000
-0.039000
-0.024000
0.017000
0.125000
-0.054000
-0.049000
0.095000
0.029000
0.015000
-0.068000
-0.168000
-0.076000
0.083000
0.076000
-0.168000
-0.203000
-0.042000
-0.037000
-0.088000
-0.144000
-0.054000
0.005000
0.000000
0.017000
-0.071000
0.056000
0.037000
-0.027000
0.022000
-0.044000
0.103000
-0.020000
-0.181000
0.044000
0.159000
-0.066000
-0.076000
-0.027000
0.022000
-0.015000
-0.059000
-0.073000
0.024000
-0.049000
-0.024000
-0.073000
0.137000
0.081000
0.068000
0.002000
-0.049000
0.005000
0.005000
-0.005000
-0.095000
0.042000
-0.034000
-0.078000
-0.073000
-0.190000
-0.002000
0.073000
0.010000
-0.115000
-0.083000
-0.007000
0.015000
-0.017000
0.046000
0.083000
0.112000
0.020000
0.015000
-0.012000
-0.088000
-0.022000
0.010000
-0.049000
-0.085000
-0.090000
-0.054000
0.076000
0.229000
0.012000
-0.007000
0.044000
0.105000
0.039000
-0.085000
-0.095000
0.056000
0.068000
-0.151000
-0.073000
0.081000
0.017000
-0.137000
-0.068000
-0.093000
-0.056000
-0.015000
-0.051000
-0.034000
0.090000
0.298000
0.061000
-0.203000
0.085000
0.247000
0.112000
-0.156000
-0.181000
0.020000
0.098000
-0.032000
-0.090000
0.105000
0.010000
-0.164000
-0.029000
0.151000
-0.063000
-0.164000
-0.017000
0.015000
-0.012000
0.020000
0.032000
-0.027000
0.129000
0.061000
-0.161000
-0.017000
-0.032000
-0.012000
0.032000
-0.022000
-0.127000
-0.183000
-0.085000
-0.017000
0.027000
-0.061000
-0.010000
0.110000
-0.005000
0.017000
-0.061000
0.120000
0.098000
0.076000
-0.037000
0.090000
0.105000
-0.085000
0.056000
-0.015000
-0.125000
-0.093000
-0.002000
-0.156000
-0.081000
0.039000
-0.042000
-0.037000
0.098000
0.103000
0.002000
0.078000
0.117000
0.100000
0.132000
0.017000
-0.061000
0.024000
0.066000
-0.042000
-0.156000
-0.024000
-0.032000
-0.181000
-0.049000
0.149000
0.034000
-0.105000
-0.125000
-0.046000
0.020000
-0.051000
-0.024000
0.015000
0.083000
-0.037000
-0.039000
0.032000
-0.002000
0.042000
0.088000
0.103000
-0.005000
-0.022000
0.034000
0.007000
-0.125000
-0.151000
-0.042000
0.063000
-0.002000
0.015000
0.049000
0.103000
0.051000
0.002000
-0.078000
-0.012000
0.051000
-0.107000
0.044000
0.007000
-0.039000
-0.005000
-0.051000
0.249000
0.125000
-0.254000
-0.054000
0.115000
-0.059000
0.015000
0.222000
0.129000
-0.142000
-0.076000
0.120000
0.120000
-0.063000
-0.024000
0.000000
0.073000
0.093000
0.017000
-0.093000
-0.029000
0.022000
0.022000
-0.078000
0.061000
0.095000
-0.020000
-0.095000
0.037000
-0.132000
-0.068000
0.085000
0.061000
-0.012000
0.037000
0.129000
0.032000
-0.159000
-0.037000
0.039000
0.095000
0.024000
-0.005000
0.032000
0.024000
-0.256000
-0.098000
0.156000
0.112000
0.029000
-0.142000
-0.149000
0.027000
0.029000
0.012000
0.088000
-0.056000
-0.024000
0.071000
-0.076000
-0.144000
-0.029000
0.056000
-0.085000
-0.068000
0.037000
0.125000
-0.012000
-0.020000
0.156000
0.059000
-0.020000
-0.183000
-0.017000
0.139000
0.007000
-0.078000
-0.083000
0.024000
0.042000
-0.149000
-0.024000
-0.083000
-0.061000
-0.176000
0.095000
0.071000
0.022000
-0.007000
0.083000
0.098000
-0.054000
-0.115000
0.068000
0.122000
-0.002000
-0.012000
0.017000
0.046000
0.000000
-0.149000
-0.005000
0.012000
-0.002000
0.056000
-0.007000
-0.029000
0.022000
-0.017000
0.168000
0.188000
0.007000
-0.034000
0.098000
-0.022000
-0.007000
-0.056000
-0.073000
0.088000
-0.046000
-0.168000
-0.063000
-0.083000
0.059000
-0.056000
-0.146000
-0.015000
0.186000
-0.046000
-0.029000
0.056000
-0.037000
0.022000
0.039000
0.012000
0.002000
-0.024000
-0.183000
-0.105000
-0.046000
-0.012000
-0.166000
-0.042000
0.142000
0.020000
0.017000
-0.107000
0.012000
0.100000
0.017000
-0.071000
0.110000
0.342000
-0.161000
-0.027000
0.210000
0.093000
-0.210000
-0.083000
0.037000
-0.015000
-0.054000
-0.090000
0.022000
0.054000
-0.144000
-0.171000
-0.049000
0.078000
-0.049000
-0.127000
0.071000
-0.042000
-0.166000
-0.061000
0.090000
0.085000
0.122000
-0.127000
0.132000
-0.007000
-0.164000
0.083000
0.005000
0.149000
-0.049000
-0.129000
0.251000
-0.022000
-0.081000
0.107000
0.105000
0.195000
0.134000
-0.054000
0.122000
-0.095000
-0.027000
0.276000
-0.176000
-0.005000
0.056000
-0.068000
-0.054000
-0.051000
-0.044000
-0.149000
-0.061000
0.024000
0.056000
-0.061000
0.078000
-0.066000
-0.032000
0.088000
-0.090000
-0.015000
-0.037000
0.039000
-0.002000
0.105000
0.029000
-0.122000
-0.081000
0.024000
0.046000
-0.027000
0.044000
0.071000
0.032000
-0.051000
0.017000
0.137000
0.066000
-0.054000
-0.039000
0.056000
0.164000
0.012000
-0.149000
-0.115000
0.029000
0.159000
0.032000
-0.117000
0.061000
0.088000
-0.022000
0.073000
0.154000
-0.400000
-0.142000
0.259000
0.227000
-0.010000
0.020000
0.032000
-0.029000
-0.022000
-0.061000
-0.200000
0.017000
0.110000
0.002000
-0.051000
0.027000
0.129000
0.066000
-0.037000
-0.056000
0.093000
0.020000
0.044000
0.171000
0.269000
0.017000
-0.112000
0.095000
0.139000
-0.034000
-0.098000
0.190000
0.066000
-0.115000
0.039000
0.029000
-0.315000
0.327000
-0.095000
-0.193000
0.261000
0.059000
-0.037000
0.010000
0.144000
-0.066000
0.032000
-0.078000
-0.024000
-0.103000
-0.105000
-0.017000
-0.071000
0.110000
0.012000
-0.122000
-0.117000
0.120000
0.037000
-0.107000
-0.017000
0.100000
0.144000
0.032000
-0.044000
0.115000
0.105000
-0.049000
0.061000
0.012000
-0.034000
-0.022000
-0.037000
-0.081000
-0.005000
-0.027000
-0.068000
0.078000
-0.020000
0.029000
-0.061000
0.042000
0.149000
-0.027000
-0.286000
-0.059000
0.059000
0.005000
-0.063000
-0.247000
-0.132000
0.071000
0.005000
-0.034000
0.012000
0.037000
0.042000
0.046000
0.039000
0.066000
0.081000
0.068000
0.178000
0.107000
0.027000
0.007000
0.088000
0.039000
0.015000
-0.073000
-0.090000
0.132000
-0.107000
-0.105000
0.037000
0.000000
-0.081000
-0.068000
0.107000
0.049000
0.010000
0.022000
0.105000
0.039000
-0.049000
0.056000
0.068000
-0.037000
-0.105000
0.005000
-0.010000
-0.024000
-0.044000
-0.017000
-0.051000
-0.107000
-0.081000
0.002000
-0.034000
0.010000
0.083000
0.012000
0.046000
0.061000
0.059000
0.029000
-0.024000
-0.056000
0.017000
0.044000
-0.117000
-0.073000
-0.017000
-0.098000
-0.068000
-0.078000
-0.205000
-0.073000
0.044000
0.024000
-0.200000
0.034000
0.012000
-0.032000
0.105000
0.071000
-0.032000
-0.010000
-0.029000
-0.120000
-0.139000
0.046000
0.122000
-0.093000
-0.090000
-0.059000
-0.088000
-0.144000
-0.095000
-0.112000
-0.066000
-0.015000
0.042000
0.088000
0.029000
0.166000
0.020000
-0.046000
-0.056000
0.107000
0.137000
-0.095000
0.051000
0.020000
-0.005000
0.002000
-0.063000
-0.071000
0.095000
-0.095000
-0.212000
-0.063000
-0.063000
-0.005000
0.098000
-0.051000
0.034000
-0.042000
-0.239000
-0.083000
0.042000
0.176000
-0.044000
-0.066000
-0.012000
-0.015000
-0.100000
0.022000
0.022000
-0.100000
-0.005000
-0.044000
-0.044000
0.051000
0.017000
-0.132000
0.015000
0.103000
0.020000
-0.002000
-0.095000
-0.212000
-0.115000
-0.061000
-0.066000
0.093000
-0.115000
-0.063000
0.051000
0.032000
-0.037000
0.012000
-0.002000
0.044000
-0.015000
-0.029000
0.083000
-0.039000
0.029000
0.093000
0.100000
0.005000
0.002000
-0.254000
-0.315000
-0.024000
-0.037000
-0.076000
0.081000
0.149000
-0.024000
-0.022000
-0.078000
-0.015000
-0.034000
-0.039000
0.068000
0.085000
-0.015000
0.037000
0.044000
-0.076000
-0.068000
0.146000
0.112000
-0.193000
-0.154000
0.022000
0.002000
-0.066000
0.168000
-0.066000
-0.149000
0.110000
0.166000
0.073000
-0.061000
0.061000
0.034000
0.007000
0.005000
-0.161000
-0.151000
-0.002000
0.002000
-0.120000
-0.139000
-0.105000
0.022000
0.098000
0.110000
-0.022000
0.061000
0.017000
0.176000
0.059000
0.117000
0.149000
0.051000
0.000000
0.139000
0.032000
-0.139000
0.132000
0.090000
-0.059000
-0.085000
0.022000
-0.020000
-0.090000
-0.149000
-0.022000
-0.022000
-0.007000
0.059000
-0.120000
-0.166000
-0.044000
0.083000
0.024000
0.049000
0.093000
-0.005000
-0.010000
0.222000
0.129000
-0.149000
0.024000
0.088000
0.012000
-0.107000
0.073000
0.249000
0.103000
-0.078000
0.002000
0.081000
0.083000
0.095000
-0.012000
-0.029000
-0.027000
0.027000
0.117000
0.007000
-0.115000
0.020000
-0.081000
-0.083000
-0.061000
-0.046000
0.061000
0.100000
-0.020000
-0.046000
-0.020000
-0.159000
-0.139000
0.095000
0.164000
-0.144000
-0.044000
0.066000
0.044000
-0.029000
-0.049000
-0.090000
-0.076000
-0.164000
-0.156000
-0.073000
0.012000
0.073000
0.000000
-0.002000
0.015000
0.042000
-0.039000
-0.049000
0.010000
0.010000
-0.017000
-0.076000
-0.085000
-0.176000
-0.168000
-0.085000
-0.083000
-0.105000
-0.034000
-0.256000
-0.249000
0.110000
0.137000
-0.059000
-0.049000
-0.039000
-0.181000
0.066000
0.178000
0.017000
-0.146000
-0.164000
-0.171000
-0.083000
0.200000
0.129000
-0.234000
-0.283000
-0.024000
0.137000
0.039000
-0.161000
-0.110000
0.171000
-0.049000
-0.142000
0.032000
0.010000
-0.046000
0.156000
0.161000
-0.061000
-0.144000
-0.005000
-0.002000
0.012000
0.024000
0.005000
-0.137000
0.005000
0.090000
0.032000
-0.164000
-0.237000
0.078000
0.071000
0.042000
-0.066000
-0.027000
0.117000
0.068000
-0.085000
-0.095000
-0.042000
0.076000
0.020000
-0.120000
-0.051000
-0.083000
-0.024000
-0.034000
-0.164000
-0.085000
0.044000
0.007000
-0.059000
-0.073000
-0.022000
0.095000
0.063000
0.076000
-0.068000
-0.139000
0.000000
0.171000
0.042000
-0.200000
-0.103000
0.061000
0.066000
-0.105000
-0.171000
-0.088000
0.081000
-0.134000
0.002000
0.059000
-0.103000
0.083000
-0.005000
-0.083000
0.088000
0.146000
0.105000
-0.039000
0.063000
-0.085000
0.037000
0.149000
0.164000
0.112000
-0.061000
0.029000
0.122000
-0.046000
-0.032000
0.029000
0.054000
-0.078000
0.002000
0.034000
0.024000
0.034000
0.022000
0.029000
0.037000
-0.042000
-0.054000
0.095000
0.127000
0.056000
0.002000
0.061000
0.127000
0.042000
0.024000
-0.002000
-0.005000
-0.005000
-0.010000
0.088000
-0.037000
-0.005000
0.059000
-0.042000
-0.186000
-0.090000
-0.015000
-0.076000
-0.151000
0.034000
0.093000
-0.027000
-0.007000
-0.017000
-0.017000
0.117000
-0.037000
-0.154000
-0.039000
0.271000
0.122000
0.105000
0.020000
0.183000
0.098000
0.010000
0.229000
0.244000
0.034000
0.012000
0.071000
-0.078000
0.093000
0.071000
-0.017000
-0.027000
-0.061000
-0.042000
0.078000
0.049000
0.139000
0.078000
-0.076000
-0.020000
-0.049000
-0.083000
-0.120000
-0.081000
-0.020000
0.059000
-0.139000
-0.056000
-0.061000
0.022000
0.103000
0.012000
-0.002000
-0.078000
0.059000
0.132000
0.051000
-0.020000
0.024000
0.063000
-0.010000
-0.068000
0.051000
-0.054000
-0.083000
-0.024000
0.002000
-0.142000
-0.093000
0.159000
0.115000
-0.112000
-0.056000
0.132000
-0.110000
-0.105000
0.149000
0.032000
-0.061000
0.042000
0.105000
-0.010000
0.022000
0.054000
0.061000
-0.176000
0.400000
-0.049000
-0.090000
0.076000
-0.044000
0.071000
0.098000
0.159000
0.142000
0.002000
0.032000
0.078000
0.088000
0.103000
-0.110000
-0.044000
0.078000
0.029000
-0.010000
-0.029000
-0.071000
-0.037000
0.044000
0.044000
-0.005000
0.032000
0.085000
0.063000
0.068000
0.054000
0.134000
0.083000
-0.081000
-0.051000
-0.007000
0.027000
0.022000
0.127000
0.020000
0.044000
-0.024000
-0.015000
0.027000
0.044000
0.159000
0.110000
0.137000
0.120000
0.144000
0.244000
0.115000
0.012000
0.022000
-0.073000
0.017000
-0.024000
-0.103000
-0.137000
-0.078000
-0.183000
-0.242000
0.000000
0.073000
0.039000
-0.103000
-0.034000
-0.098000
0.144000
0.020000
-0.122000
0.071000
0.059000
0.098000
-0.063000
-0.190000
0.044000
0.039000
-0.037000
0.056000
-0.068000
0.046000
0.044000
-0.144000
-0.039000
0.027000
-0.059000
-0.090000
-0.039000
0.046000
0.178000
-0.051000
-0.007000
0.068000
0.051000
-0.156000
-0.117000
0.078000
0.061000
0.039000
0.049000
0.034000
-0.073000
-0.024000
-0.098000
-0.198000
-0.161000
-0.027000
-0.046000
0.066000
-0.042000
-0.105000
0.117000
0.144000
-0.029000
0.020000
-0.012000
-0.066000
-0.029000
-0.049000
-0.020000
-0.122000
0.049000
0.046000
-0.063000
-0.159000
0.288000
-0.024000
0.012000
0.105000
0.215000
0.186000
-0.056000
-0.090000
-0.110000
-0.044000
0.051000
-0.063000
-0.190000
-0.049000
0.032000
-0.166000
-0.066000
-0.110000
-0.188000
-0.149000
0.178000
-0.005000
-0.212000
-0.122000
-0.076000
0.039000
-0.051000
-0.054000
-0.195000
-0.134000
-0.115000
-0.083000
-0.098000
-0.002000
0.027000
0.029000
-0.015000
-0.010000
-0.137000
0.073000
0.073000
0.061000
0.103000
0.007000
0.017000
0.005000
0.034000
-0.044000
0.020000
-0.037000
-0.002000
-0.034000
0.024000
-0.024000
-0.090000
0.073000
0.015000
-0.093000
-0.012000
0.090000
-0.103000
-0.042000
-0.032000
0.110000
-0.012000
0.059000
0.193000
-0.017000
-0.088000
-0.012000
0.068000
-0.103000
-0.122000
-0.100000
-0.100000
-0.256000
-0.154000
-0.112000
-0.161000
-0.010000
-0.046000
-0.095000
-0.132000
0.007000
0.203000
0.110000
0.005000
0.042000
-0.039000
-0.010000
0.107000
-0.063000
-0.015000
0.017000
0.032000
-0.122000
-0.046000
-0.125000
-0.027000
0.007000
0.002000
-0.273000
0.205000
0.425000
0.183000
-0.186000
-0.063000
0.161000
-0.125000
-0.085000
0.020000
0.061000
0.032000
-0.073000
-0.066000
-0.015000
0.134000
-0.010000
0.039000
0.066000
-0.039000
-0.046000
0.049000
0.112000
0.176000
-0.054000
0.005000
0.269000
0.134000
-0.022000
0.049000
0.061000
0.122000
0.010000
-0.095000
0.063000
0.000000
0.044000
-0.107000
-0.105000
0.051000
0.129000
0.022000
-0.129000
-0.029000
0.015000
0.027000
-0.017000
0.027000
0.049000
0.122000
-0.051000
-0.027000
0.010000
0.034000
0.093000
-0.254000
-0.142000
-0.012000
-0.046000
-0.154000
-0.042000
0.061000
0.161000
-0.012000
-0.061000
0.129000
0.095000
-0.071000
-0.100000
0.117000
0.010000
-0.022000
-0.112000
-0.146000
0.039000
-0.071000
-0.281000
-0.020000
0.032000
-0.112000
0.022000
0.146000
-0.100000
-0.095000
0.137000
0.129000
-0.210000
-0.229000
0.078000
0.122000
0.000000
-0.161000
0.098000
0.068000
-0.317000
-0.222000
0.010000
0.059000
-0.222000
-0.005000
0.127000
0.125000
0.095000
-0.032000
0.125000
0.054000
-0.029000
0.098000
0.217000
0.012000
0.093000
0.122000
0.059000
-0.061000
-0.137000
0.105000
0.034000
-0.068000
0.042000
-0.098000
-0.107000
0.061000
0.259000
0.190000
-0.015000
-0.037000
0.012000
0.227000
0.122000
-0.073000
-0.076000
0.217000
0.093000
0.010000
0.159000
0.134000
0.037000
-0.117000
0.112000
-0.051000
-0.120000
-0.044000
0.203000
0.017000
-0.100000
0.098000
0.193000
0.134000
-0.061000
-0.115000
-0.186000
-0.210000
-0.239000
-0.095000
-0.110000
0.015000
0.015000
-0.105000
-0.015000
0.198000
0.056000
-0.073000
0.061000
-0.168000
-0.151000
-0.046000
0.125000
-0.049000
0.015000
0.107000
-0.034000
-0.112000
-0.015000
0.083000
0.095000
-0.066000
0.027000
0.039000
-0.027000
0.068000
0.049000
0.042000
-0.071000
0.029000
0.085000
0.017000
-0.010000
0.002000
0.134000
-0.027000
0.110000
0.007000
0.078000
0.005000
0.125000
0.117000
0.144000
0.034000
-0.056000
-0.151000
-0.002000
-0.024000
-0.042000
0.007000
0.107000
0.063000
-0.027000
0.059000
0.037000
-0.178000
-0.178000
-0.022000
0.029000
-0.051000
-0.151000
-0.083000
0.154000
-0.120000
-0.085000
-0.022000
-0.029000
0.015000
0.127000
0.034000
0.071000
0.129000
0.017000
-0.037000
0.110000
0.093000
-0.127000
-0.129000
0.007000
0.171000
-0.085000
-0.200000
0.012000
0.005000
-0.205000
-0.227000
-0.085000
0.098000
0.020000
-0.266000
0.046000
0.051000
-0.015000
0.066000
0.029000
-0.027000
0.098000
0.132000
-0.005000
0.032000
-0.081000
0.042000
-0.002000
-0.078000
-0.278000
0.010000
0.034000
-0.139000
-0.088000
0.000000
0.042000
0.063000
0.034000
0.164000
0.020000
0.039000
0.220000
0.002000
-0.107000
-0.059000
0.007000
0.005000
-0.032000
-0.137000
-0.049000
-0.039000
-0.063000
-0.208000
-0.061000
-0.034000
-0.137000
0.032000
0.081000
0.093000
-0.178000
0.063000
0.173000
-0.005000
-0.059000
-0.010000
0.186000
0.027000
-0.195000
-0.125000
0.178000
-0.254000
-0.381000
-0.190000
0.149000
0.176000
-0.073000
-0.117000
0.173000
0.229000
-0.234000
-0.012000
0.234000
0.081000
-0.210000
0.007000
0.127000
0.063000
-0.237000
-0.046000
0.283000
0.112000
-0.242000
0.127000
0.471000
0.210000
-0.037000
-0.195000
-0.103000
-0.068000
-0.007000
0.073000
0.039000
-0.024000
-0.024000
0.073000
0.115000
-0.020000
-0.042000
0.054000
-0.049000
-0.093000
-0.247000
0.054000
-0.007000
0.215000
0.022000
-0.039000
0.093000
0.156000
0.115000
0.005000
-0.005000
0.012000
0.027000
0.020000
-0.037000
-0.154000
-0.007000
0.188000
-0.068000
-0.146000
-0.137000
0.098000
-0.056000
-0.183000
0.076000
0.249000
-0.161000
-0.190000
0.222000
0.276000
-0.093000
0.054000
0.076000
-0.107000
-0.193000
-0.181000
0.054000
0.042000
-0.051000
-0.137000
-0.085000
-0.093000
-0.005000
-0.115000
0.059000
-0.017000
0.022000
0.154000
-0.046000
0.129000
0.349000
0.110000
-0.154000
-0.017000
-0.120000
-0.002000
0.015000
0.012000
0.017000
-0.024000
0.022000
0.051000
-0.095000
-0.107000
0.061000
0.020000
0.010000
0.051000
0.146000
0.144000
0.022000
-0.127000
-0.151000
-0.237000
0.056000
0.183000
-0.081000
0.005000
0.020000
0.037000
-0.093000
-0.015000
-0.024000
0.007000
0.259000
-0.020000
0.051000
0.142000
0.059000
-0.017000
0.081000
0.049000
0.088000
0.000000
0.005000
0.125000
-0.044000
-0.173000
-0.127000
-0.203000
-0.129000
-0.115000
-0.110000
0.378000
0.046000
-0.244000
-0.073000
-0.051000
0.056000
-0.081000
0.129000
0.071000
0.027000
0.046000
0.029000
0.066000
0.129000
-0.198000
-0.112000
0.017000
0.068000
0.015000
-0.066000
-0.034000
0.229000
-0.029000
-0.059000
-0.061000
0.015000
0.061000
0.010000
0.161000
0.081000
0.068000
-0.010000
0.017000
-0.022000
-0.083000
-0.044000
0.007000
-0.002000
0.002000
0.066000
-0.042000
0.049000
-0.032000
-0.078000
0.129000
-0.112000
-0.081000
-0.054000
0.002000
0.042000
0.032000
0.027000
0.098000
-0.146000
-0.034000
-0.056000
0.000000
-0.078000
-0.088000
-0.027000
0.015000
0.000000
0.059000
-0.049000
-0.129000
0.110000
0.090000
-0.107000
-0.215000
0.137000
0.085000
-0.071000
-0.151000
0.107000
-0.005000
-0.457000
-0.203000
0.149000
0.229000
-0.142000
-0.059000
0.046000
0.002000
0.115000
0.044000
-0.083000
0.151000
-0.059000
-0.054000
-0.051000
0.054000
0.100000
-0.103000
-0.186000
-0.125000
-0.051000
-0.051000
-0.078000
-0.061000
0.059000
-0.037000
-0.037000
0.061000
-0.042000
0.068000
-0.007000
0.110000
0.044000
-0.054000
0.010000
0.125000
-0.022000
0.112000
0.007000
0.059000
0.037000
-0.083000
0.068000
-0.049000
-0.061000
-0.039000
-0.071000
-0.105000
0.039000
0.046000
0.056000
0.024000
0.190000
0.139000
-0.024000
0.042000
0.061000
0.134000
-0.051000
-0.027000
0.010000
0.088000
-0.081000
-0.039000
0.037000
0.022000
-0.010000
0.017000
-0.012000
-0.022000
0.020000
0.002000
0.146000
-0.015000
0.071000
-0.002000
0.032000
-0.005000
-0.056000
0.076000
0.085000
-0.005000
-0.073000
-0.027000
-0.115000
-0.154000
-0.159000
-0.095000
-0.222000
0.129000
-0.098000
-0.125000
-0.056000
-0.166000
-0.005000
-0.029000
0.134000
0.100000
-0.093000
-0.081000
0.129000
-0.042000
-0.137000
-0.122000
-0.066000
0.020000
-0.015000
-0.046000
0.046000
0.007000
0.007000
0.046000
-0.002000
0.061000
0.137000
0.186000
0.098000
0.166000
0.017000
-0.088000
0.051000
0.203000
0.161000
-0.037000
-0.007000
0.015000
0.115000
-0.122000
-0.002000
-0.061000
-0.129000
-0.027000
-0.112000
-0.071000
0.154000
0.146000
-0.022000
0.103000
0.066000
0.046000
-0.034000
0.046000
0.046000
0.042000
-0.029000
0.029000
-0.002000
0.020000
0.059000
-0.081000
-0.149000
-0.151000
0.061000
0.037000
0.017000
0.186000
0.239000
0.251000
0.044000
-0.068000
-0.034000
-0.046000
-0.056000
0.022000
-0.154000
-0.112000
-0.020000
0.012000
0.037000
-0.117000
-0.125000
0.027000
-0.029000
-0.061000
0.012000
0.068000
-0.054000
0.002000
0.151000
0.046000
-0.129000
-0.134000
-0.005000
-0.081000
-0.088000
-0.076000
0.012000
-0.012000
0.010000
0.083000
0.073000
-0.039000
0.046000
-0.020000
-0.061000
0.100000
-0.044000
-0.024000
0.024000
0.073000
0.142000
-0.017000
-0.078000
0.044000
0.129000
0.039000
-0.166000
-0.103000
0.156000
-0.071000
0.073000
-0.181000
-0.110000
0.159000
-0.073000
-0.137000
0.061000
0.203000
-0.034000
0.081000
0.063000
0.015000
-0.046000
0.073000
0.024000
-0.103000
-0.056000
0.017000
0.059000
0.020000
-0.083000
-0.051000
0.032000
-0.022000
-0.020000
0.107000
0.088000
0.024000
0.129000
0.078000
-0.005000
0.037000
-0.044000
-0.090000
-0.054000
0.144000
-0.134000
-0.188000
-0.132000
0.061000
-0.010000
-0.056000
0.063000
-0.103000
0.020000
-0.085000
-0.146000
-0.200000
-0.005000
0.046000
-0.024000
0.056000
0.046000
-0.066000
0.044000
-0.088000
-0.120000
0.032000
-0.051000
-0.073000
-0.044000
-0.046000
-0.093000
0.056000
-0.002000
-0.068000
-0.103000
0.076000
0.002000
-0.200000
0.156000
0.225000
-0.002000
-0.037000
-0.093000
-0.127000
-0.005000
0.095000
0.278000
0.076000
-0.273000
-0.173000
0.139000
0.195000
-0.166000
-0.234000
-0.071000
0.049000
0.073000
0.112000
-0.007000
-0.110000
-0.012000
0.034000
0.046000
-0.071000
-0.200000
0.037000
0.037000
0.007000
0.027000
-0.117000
-0.181000
-0.022000
0.122000
0.022000
0.017000
-0.012000
0.020000
0.210000
0.034000
-0.110000
-0.117000
-0.085000
-0.217000
-0.081000
-0.002000
-0.034000
-0.046000
-0.042000
0.051000
-0.071000
-0.098000
-0.007000
0.205000
-0.154000
-0.144000
0.068000
0.107000
-0.002000
-0.049000
-0.010000
-0.020000
-0.210000
-0.059000
0.208000
-0.178000
-0.159000
-0.032000
-0.029000
-0.098000
-0.193000
-0.042000
0.247000
-0.054000
-0.181000
-0.007000
0.098000
0.117000
-0.027000
-0.007000
0.068000
0.203000
-0.022000
-0.042000
0.034000
0.017000
-0.012000
-0.024000
0.056000
-0.051000
-0.093000
-0.073000
0.000000
0.010000
-0.066000
-0.103000
0.042000
-0.015000
-0.032000
-0.098000
-0.015000
-0.012000
-0.100000
-0.032000
0.068000
0.054000
-0.017000
-0.085000
-0.061000
0.103000
-0.034000
-0.029000
-0.017000
0.056000
-0.049000
-0.049000
0.012000
0.027000
-0.017000
0.066000
0.034000
-0.073000
0.037000
0.110000
0.022000
0.049000
0.015000
-0.122000
0.044000
-0.076000
-0.034000
0.066000
-0.034000
-0.076000
-0.164000
-0.051000
0.188000
0.173000
-0.049000
0.193000
0.005000
-0.095000
-0.085000
0.044000
-0.027000
-0.078000
-0.078000
-0.127000
-0.078000
-0.156000
-0.081000
-0.049000
-0.059000
0.056000
0.081000
-0.095000
-0.149000
-0.027000
0.029000
0.085000
-0.103000
0.051000
0.168000
0.000000
-0.017000
0.054000
-0.127000
0.049000
-0.125000
0.027000
-0.068000
-0.095000
-0.088000
0.002000
0.056000
0.034000
-0.083000
-0.044000
0.195000
-0.188000
-0.051000
-0.032000
0.010000
0.085000
0.005000
0.039000
0.049000
-0.034000
-0.159000
0.073000
0.173000
0.151000
-0.051000
-0.005000
0.044000
-0.049000
-0.012000
0.044000
0.120000
0.142000
0.015000
0.042000
-0.017000
0.007000
0.005000
0.198000
0.249000
-0.073000
-0.049000
-0.022000
-0.193000
-0.085000
0.076000
0.071000
-0.042000
-0.034000
0.115000
0.088000
-0.032000
0.027000
-0.161000
0.156000
0.122000
-0.195000
-0.093000
0.061000
0.024000
0.056000
0.010000
-0.100000
0.090000
-0.146000
0.037000
-0.017000
0.088000
0.085000
0.071000
0.056000
0.081000
0.122000
0.083000
0.090000
-0.032000
-0.029000
0.032000
0.110000
0.300000
-0.005000
-0.254000
-0.107000
0.166000
0.032000
-0.166000
0.105000
0.095000
-0.090000
0.244000
0.081000
0.015000
-0.188000
-0.056000
0.161000
0.127000
-0.142000
0.037000
0.022000
-0.151000
-0.085000
-0.068000
-0.051000
-0.012000
-0.283000
-0.205000
0.115000
-0.059000
-0.022000
-0.046000
0.093000
-0.005000
-0.103000
0.046000
0.186000
0.034000
-0.066000
0.015000
-0.054000
-0.144000
0.098000
-0.002000
-0.017000
-0.190000
-0.081000
0.015000
-0.120000
-0.176000
-0.056000
0.029000
0.017000
-0.081000
0.049000
-0.022000
0.046000
0.071000
0.103000
0.085000
0.071000
0.024000
-0.049000
-0.012000
-0.010000
0.002000
0.000000
-0.073000
-0.103000
-0.024000
0.034000
-0.095000
-0.078000
0.037000
-0.066000
-0.146000
-0.044000
-0.054000
0.024000
-0.029000
0.076000
-0.039000
0.234000
0.339000
0.044000
-0.132000
-0.117000
-0.198000
-0.142000
0.042000
-0.161000
-0.024000
0.125000
0.107000
0.049000
0.193000
0.024000
-0.085000
-0.073000
0.071000
-0.151000
-0.178000
-0.159000
0.161000
0.146000
-0.144000
0.144000
0.127000
-0.186000
-0.146000
0.054000
-0.017000
-0.063000
0.046000
0.083000
0.059000
-0.034000
0.159000
0.203000
-0.002000
0.015000
0.369000
-0.007000
0.010000
0.271000
0.076000
-0.054000
0.002000
0.129000
0.037000
0.056000
-0.051000
0.027000
0.012000
-0.005000
-0.039000
0.071000
0.127000
0.061000
0.068000
0.105000
0.161000
-0.056000
-0.063000
-0.134000
-0.176000
-0.239000
-0.137000
-0.020000
0.039000
0.024000
0.107000
0.190000
-0.088000
-0.120000
0.020000
0.037000
0.029000
0.154000
0.151000
0.115000
0.024000
0.063000
0.073000
-0.188000
-0.046000
0.044000
-0.022000
-0.146000
0.029000
0.022000
0.063000
-0.024000
-0.071000
0.088000
0.034000
-0.181000
-0.024000
0.154000
0.088000
-0.010000
-0.027000
0.142000
0.042000
-0.054000
0.024000
0.107000
-0.015000
0.015000
0.027000
-0.178000
-0.186000
0.015000
0.103000
-0.010000
0.049000
-0.195000
-0.105000
0.034000
0.054000
0.037000
0.056000
0.015000
0.051000
0.039000
-0.066000
0.083000
-0.002000
0.002000
-0.034000
-0.508000
0.493000
-0.464000
-0.264000
0.583000
0.156000
-0.164000
-0.107000
0.181000
-0.327000
-0.264000
0.078000
0.039000
-0.061000
0.046000
0.176000
-0.117000
0.024000
-0.220000
-0.173000
-0.117000
0.046000
-0.015000
-0.037000
0.198000
-0.037000
-0.049000
0.134000
0.115000
0.002000
0.208000
0.129000
-0.024000
0.093000
-0.076000
-0.100000
0.020000
-0.054000
-0.010000
-0.022000
-0.068000
-0.002000
-0.115000
0.020000
0.034000
0.024000
0.100000
0.190000
0.127000
-0.034000
-0.061000
0.015000
0.168000
-0.120000
0.100000
-0.005000
-0.012000
0.029000
-0.073000
-0.144000
0.037000
0.037000
0.054000
-0.005000
-0.032000
-0.037000
-0.149000
0.027000
-0.002000
-0.059000
0.085000
0.127000
0.042000
-0.073000
-0.090000
-0.015000
0.234000
-0.012000
0.063000
0.181000
0.093000
-0.195000
-0.107000
0.073000
-0.117000
0.081000
0.107000
0.095000
-0.164000
0.002000
0.078000
0.083000
0.007000
-0.081000
0.005000
0.166000
0.078000
0.010000
0.046000
0.120000
-0.063000
0.195000
-0.264000
-0.217000
0.117000
0.059000
-0.088000
0.107000
0.249000
0.156000
-0.066000
-0.105000
0.054000
0.115000
-0.005000
0.115000
0.054000
-0.005000
-0.146000
-0.024000
0.090000
0.029000
-0.608000
0.042000
0.115000
0.056000
0.195000
0.085000
-0.100000
-0.144000
0.037000
0.054000
0.056000
-0.144000
0.015000
-0.078000
-0.112000
-0.061000
-0.076000
0.020000
0.017000
0.066000
-0.159000
0.029000
0.046000
-0.078000
-0.154000
0.056000
0.186000
0.137000
0.193000
-0.071000
0.005000
0.039000
-0.022000
-0.122000
-0.081000
0.044000
-0.007000
-0.271000
-0.037000
-0.002000
0.056000
0.105000
-0.085000
-0.103000
0.024000
0.017000
0.027000
0.032000
-0.056000
0.107000
-0.015000
-0.027000
-0.110000
-0.107000
0.112000
-0.020000
-0.122000
-0.098000
-0.015000
-0.039000
0.051000
-0.071000
0.024000
-0.112000
-0.071000
0.107000
0.002000
-0.081000
0.066000
0.027000
-0.015000
0.059000
0.020000
0.105000
-0.022000
-0.020000
-0.034000
0.139000
0.039000
-0.237000
-0.085000
0.073000
-0.039000
-0.015000
0.005000
-0.210000
-0.010000
-0.085000
0.081000
-0.034000
-0.117000
-0.088000
-0.042000
-0.049000
-0.205000
-0.056000
-0.010000
0.051000
-0.156000
-0.020000
-0.205000
0.168000
-0.181000
-0.134000
0.212000
-0.071000
-0.142000
0.149000
0.159000
-0.037000
0.012000
-0.020000
0.051000
-0.066000
-0.137000
-0.117000
0.044000
-0.220000
-0.181000
-0.083000
0.027000
-0.178000
-0.208000
0.049000
0.046000
0.005000
-0.164000
-0.061000
0.088000
0.129000
-0.188000
0.020000
0.186000
0.044000
-0.256000
-0.068000
0.027000
-0.049000
-0.056000
-0.059000
-0.027000
-0.127000
-0.081000
-0.027000
-0.012000
-0.027000
0.054000
-0.046000
0.024000
0.046000
0.063000
0.298000
0.139000
-0.181000
-0.024000
0.337000
0.024000
-0.225000
-0.127000
0.027000
0.042000
-0.125000
-0.085000
-0.002000
-0.039000
-0.146000
-0.002000
0.095000
-0.037000
-0.010000
0.234000
0.266000
-0.007000
-0.115000
-0.042000
0.010000
0.010000
0.054000
-0.042000
0.015000
-0.002000
-0.020000
-0.112000
0.012000
-0.005000
-0.063000
-0.015000
-0.100000
-0.105000
-0.015000
0.024000
0.027000
0.181000
0.110000
0.044000
-0.007000
0.149000
0.149000
-0.002000
-0.049000
0.046000
0.042000
0.078000
0.015000
0.020000
-0.059000
-0.137000
-0.051000
-0.012000
0.112000
-0.046000
-0.046000
0.093000
0.083000
-0.046000
-0.125000
-0.142000
-0.044000
0.103000
0.010000
-0.012000
-0.007000
0.022000
0.093000
-0.071000
0.010000
0.093000
0.020000
0.017000
0.110000
0.029000
0.024000
-0.012000
0.122000
0.088000
0.046000
-0.117000
-0.093000
0.007000
-0.051000
0.002000
-0.042000
-0.027000
-0.022000
0.098000
0.059000
0.049000
-0.122000
-0.027000
-0.071000
-0.078000
0.098000
0.181000
0.024000
-0.039000
0.125000
0.073000
-0.027000
-0.022000
-0.034000
0.042000
0.078000
0.051000
0.078000
-0.005000
-0.122000
-0.012000
-0.002000
-0.046000
0.007000
0.005000
-0.010000
0.042000
-0.164000
-0.029000
0.061000
0.051000
0.037000
-0.029000
0.051000
-0.010000
-0.027000
0.037000
0.017000
-0.022000
0.090000
0.076000
-0.200000
-0.100000
0.000000
0.107000
0.095000
0.127000
0.017000
0.005000
0.151000
0.103000
-0.093000
-0.056000
-0.051000
0.125000
0.034000
-0.054000
0.073000
0.093000
0.068000
-0.166000
-0.088000
0.020000
0.361000
0.093000
-0.078000
0.198000
0.144000
0.083000
0.017000
0.054000
0.046000
-0.002000
-0.081000
0.037000
0.107000
-0.032000
-0.044000
-0.149000
0.056000
0.007000
-0.334000
-0.139000
0.132000
0.115000
-0.085000
-0.054000
0.085000
0.051000
0.046000
-0.081000
-0.046000
0.039000
0.015000
-0.020000
-0.098000
-0.022000
-0.061000
-0.115000
-0.098000
0.146000
-0.061000
-0.068000
0.034000
0.054000
0.090000
0.059000
0.098000
0.120000
-0.024000
-0.012000
0.042000
-0.022000
0.046000
0.024000
-0.046000
-0.024000
-0.081000
-0.017000
-0.061000
-0.129000
-0.081000
-0.068000
-0.022000
-0.090000
-0.007000
0.049000
0.007000
0.024000
0.042000
0.081000
0.339000
0.200000
-0.120000
-0.115000
0.098000
0.127000
-0.090000
-0.017000
-0.032000
0.125000
0.049000
-0.049000
0.039000
0.063000
0.110000
0.020000
0.073000
0.103000
0.122000
0.085000
0.308000
-0.176000
-0.042000
0.046000
-0.044000
0.046000
0.002000
-0.037000
-0.125000
-0.144000
0.007000
0.037000
0.044000
-0.007000
-0.007000
0.190000
0.261000
0.088000
-0.044000
0.051000
0.144000
-0.042000
0.022000
0.071000
0.061000
0.044000
-0.007000
-0.034000
-0.032000
-0.107000
-0.032000
-0.015000
-0.073000
0.112000
0.005000
-0.139000
0.027000
0.002000
0.010000
0.042000
-0.005000
0.120000
0.020000
-0.107000
0.193000
0.007000
-0.156000
-0.349000
-0.129000
0.015000
0.015000
-0.254000
-0.105000
-0.139000
-0.107000
-0.061000
0.002000
0.127000
-0.054000
-0.142000
-0.076000
-0.120000
-0.022000
0.051000
-0.107000
0.049000
-0.049000
-0.107000
0.012000
-0.198000
0.054000
0.176000
-0.085000
0.139000
0.054000
-0.398000
0.183000
0.312000
-0.015000
0.154000
0.168000
0.129000
0.222000
-0.042000
-0.066000
0.134000
0.054000
-0.095000
-0.039000
-0.046000
-0.012000
0.032000
-0.088000
-0.046000
-0.171000
-0.161000
0.012000
-0.107000
0.100000
0.029000
-0.059000
0.020000
-0.068000
-0.054000
-0.005000
0.095000
0.049000
-0.107000
-0.015000
-0.051000
-0.017000
0.059000
-0.078000
-0.049000
0.007000
0.024000
0.110000
-0.059000
-0.051000
0.110000
-0.278000
-0.081000
0.190000
0.037000
0.159000
0.095000
0.107000
-0.117000
0.076000
-0.012000
-0.286000
-0.081000
-0.117000
-0.107000
0.044000
-0.017000
-0.178000
-0.071000
-0.029000
0.020000
-0.129000
0.002000
0.134000
-0.051000
-0.024000
-0.037000
0.007000
0.029000
-0.073000
0.012000
-0.044000
0.015000
0.010000
-0.002000
0.078000
0.090000
-0.007000
0.022000
0.042000
0.010000
-0.132000
-0.088000
0.183000
0.015000
-0.134000
0.098000
0.183000
0.005000
-0.007000
-0.029000
0.017000
0.056000
-0.005000
0.007000
-0.005000
0.083000
0.012000
0.034000
0.168000
0.105000
-0.107000
-0.024000
0.125000
0.122000
-0.117000
-0.098000
0.181000
0.039000
-0.117000
0.132000
0.068000
-0.137000
-0.161000
-0.100000
-0.012000
-0.066000
0.107000
0.007000
0.142000
0.044000
-0.171000
0.010000
0.234000
0.037000
0.195000
0.139000
0.334000
0.173000
-0.171000
-0.105000
-0.044000
-0.120000
-0.107000
-0.081000
-0.005000
0.076000
0.085000
-0.105000
0.083000
-0.005000
-0.051000
0.029000
0.039000
0.027000
0.063000
0.024000
0.020000
0.034000
-0.088000
-0.100000
-0.020000
0.088000
-0.063000
-0.110000
-0.132000
-0.046000
0.144000
-0.029000
-0.007000
0.051000
0.061000
0.098000
0.020000
-0.056000
0.103000
0.076000
0.081000
0.017000
0.044000
0.176000
0.002000
-0.100000
-0.032000
-0.044000
-0.037000
-0.012000
0.049000
0.081000
-0.010000
-0.024000
-0.054000
-0.095000
-0.017000
0.029000
-0.164000
-0.032000
0.105000
0.020000
-0.144000
0.049000
0.146000
-0.115000
-0.081000
0.054000
0.264000
0.068000
-0.054000
-0.078000
0.093000
0.022000
0.063000
0.156000
-0.266000
-0.056000
0.132000
0.132000
-0.081000
-0.127000
-0.044000
0.142000
-0.066000
-0.112000
-0.022000
-0.105000
-0.061000
0.002000
0.061000
0.063000
-0.037000
0.134000
0.120000
-0.098000
0.005000
0.156000
-0.005000
-0.127000
0.020000
0.059000
0.020000
-0.110000
-0.068000
0.117000
0.100000
-0.134000
-0.134000
0.105000
-0.078000
0.027000
0.066000
-0.044000
0.151000
0.137000
0.073000
0.022000
0.110000
0.010000
0.029000
0.020000
-0.103000
-0.159000
-0.046000
-0.095000
-0.232000
-0.049000
0.017000
-0.315000
-0.142000
0.044000
-0.051000
-0.154000
0.015000
0.100000
-0.137000
-0.027000
0.073000
0.002000
-0.054000
-0.029000
0.007000
-0.034000
-0.039000
-0.110000
-0.193000
-0.017000
-0.164000
-0.264000
0.098000
0.215000
-0.063000
-0.110000
0.112000
-0.007000
-0.061000
0.012000
0.063000
-0.022000
0.032000
0.093000
-0.054000
-0.042000
-0.151000
0.088000
-0.056000
-0.081000
0.120000
0.049000
-0.146000
-0.291000
0.000000
-0.122000
-0.137000
-0.078000
0.117000
0.134000
-0.037000
-0.061000
-0.059000
-0.037000
-0.098000
0.034000
0.046000
0.088000
-0.049000
-0.144000
-0.027000
-0.061000
-0.037000
0.061000
0.095000
0.002000
-0.122000
-0.051000
0.068000
0.076000
0.005000
0.024000
0.085000
0.061000
0.081000
-0.012000
0.127000
0.139000
-0.044000
0.046000
0.112000
0.105000
0.046000
0.000000
-0.088000
-0.037000
0.024000
0.000000
0.051000
0.005000
0.005000
0.012000
-0.151000
-0.039000
0.039000
-0.020000
0.002000
0.037000
-0.056000
-0.151000
0.000000
0.027000
-0.042000
0.032000
0.015000
-0.090000
-0.012000
0.000000
-0.015000
0.032000
-0.156000
-0.066000
0.056000
0.027000
0.100000
0.051000
-0.059000
0.078000
0.044000
-0.042000
-0.068000
-0.137000
-0.120000
-0.022000
-0.142000
-0.115000
0.049000
0.115000
0.073000
0.039000
0.117000
-0.015000
-0.063000
-0.022000
0.010000
0.029000
-0.005000
-0.022000
0.000000
-0.068000
-0.034000
0.000000
-0.046000
0.085000
-0.010000
-0.051000
0.042000
0.051000
0.037000
0.178000
0.037000
-0.083000
0.071000
0.107000
0.017000
-0.063000
0.042000
-0.002000
0.056000
-0.132000
0.000000
0.181000
